{
  "type": "FeatureCollection",
  "generated_at": "2026-05-03T19:12:46.311Z",
  "features": [
    {
      "type": "Feature",
      "geometry": {
        "type": "LineString",
        "coordinates": [
          [
            36.75457,
            35.13056
          ],
          [
            36.75456,
            35.1306
          ],
          [
            36.75455,
            35.13067
          ],
          [
            36.75453,
            35.13075
          ],
          [
            36.75451,
            35.13086
          ],
          [
            36.75448,
            35.13095
          ],
          [
            36.75448,
            35.13096
          ],
          [
            36.75445,
            35.13102
          ],
          [
            36.75441,
            35.13109
          ],
          [
            36.75436,
            35.13114
          ],
          [
            36.75431,
            35.1312
          ],
          [
            36.75425,
            35.13125
          ],
          [
            36.7542,
            35.13128
          ],
          [
            36.75414,
            35.13133
          ],
          [
            36.75398,
            35.13134
          ],
          [
            36.75397,
            35.13134
          ],
          [
            36.75385,
            35.13134
          ],
          [
            36.75373,
            35.13134
          ],
          [
            36.75353,
            35.13133
          ],
          [
            36.75316,
            35.1313
          ],
          [
            36.7529,
            35.13128
          ],
          [
            36.75229,
            35.13128
          ],
          [
            36.75201,
            35.13123
          ],
          [
            36.75189,
            35.1312
          ],
          [
            36.75131,
            35.13104
          ],
          [
            36.75126,
            35.13103
          ],
          [
            36.75101,
            35.13098
          ],
          [
            36.75083,
            35.13095
          ],
          [
            36.75072,
            35.13093
          ],
          [
            36.75053,
            35.1309
          ],
          [
            36.75031,
            35.13088
          ],
          [
            36.74971,
            35.13083
          ],
          [
            36.74959,
            35.13082
          ],
          [
            36.7494,
            35.13079
          ],
          [
            36.74922,
            35.13076
          ],
          [
            36.74879,
            35.1307
          ],
          [
            36.74867,
            35.13068
          ],
          [
            36.74862,
            35.13066
          ],
          [
            36.74859,
            35.13064
          ],
          [
            36.74858,
            35.13062
          ],
          [
            36.74855,
            35.13058
          ],
          [
            36.74859,
            35.13029
          ],
          [
            36.74861,
            35.1302
          ],
          [
            36.74861,
            35.13018
          ],
          [
            36.74862,
            35.13015
          ],
          [
            36.74864,
            35.13012
          ],
          [
            36.7487,
            35.13005
          ],
          [
            36.74881,
            35.12991
          ],
          [
            36.74885,
            35.12986
          ],
          [
            36.7489,
            35.12979
          ],
          [
            36.74898,
            35.12968
          ],
          [
            36.74903,
            35.12961
          ],
          [
            36.74919,
            35.12942
          ],
          [
            36.74935,
            35.1292
          ],
          [
            36.74946,
            35.12905
          ],
          [
            36.74952,
            35.12896
          ],
          [
            36.74974,
            35.12865
          ],
          [
            36.74998,
            35.12831
          ],
          [
            36.75016,
            35.12805
          ],
          [
            36.75022,
            35.12798
          ],
          [
            36.75033,
            35.12783
          ],
          [
            36.75062,
            35.12746
          ],
          [
            36.75085,
            35.12716
          ],
          [
            36.75089,
            35.12711
          ],
          [
            36.75103,
            35.12689
          ],
          [
            36.75105,
            35.12687
          ],
          [
            36.75122,
            35.12665
          ],
          [
            36.75126,
            35.12657
          ],
          [
            36.75127,
            35.1265
          ],
          [
            36.75127,
            35.12643
          ],
          [
            36.75126,
            35.12638
          ],
          [
            36.75126,
            35.12635
          ],
          [
            36.75122,
            35.12625
          ],
          [
            36.75113,
            35.12608
          ],
          [
            36.751,
            35.12589
          ],
          [
            36.75091,
            35.12577
          ],
          [
            36.75055,
            35.12532
          ],
          [
            36.75053,
            35.1253
          ],
          [
            36.75028,
            35.125
          ],
          [
            36.74992,
            35.12455
          ],
          [
            36.7498,
            35.1244
          ],
          [
            36.74968,
            35.12425
          ],
          [
            36.74956,
            35.1241
          ],
          [
            36.7492,
            35.12365
          ],
          [
            36.74919,
            35.12363
          ],
          [
            36.74895,
            35.1234
          ],
          [
            36.74893,
            35.1234
          ],
          [
            36.74892,
            35.1234
          ],
          [
            36.7489,
            35.1234
          ],
          [
            36.74888,
            35.1234
          ],
          [
            36.74887,
            35.1234
          ],
          [
            36.74885,
            35.1234
          ],
          [
            36.74883,
            35.12339
          ],
          [
            36.74882,
            35.12339
          ],
          [
            36.7488,
            35.12338
          ],
          [
            36.74879,
            35.12337
          ],
          [
            36.74877,
            35.12336
          ],
          [
            36.74876,
            35.12336
          ],
          [
            36.74875,
            35.12334
          ],
          [
            36.74873,
            35.12333
          ],
          [
            36.74872,
            35.12332
          ],
          [
            36.74871,
            35.12331
          ],
          [
            36.74871,
            35.1233
          ],
          [
            36.7487,
            35.12328
          ],
          [
            36.74869,
            35.12327
          ],
          [
            36.74869,
            35.12325
          ],
          [
            36.74869,
            35.12324
          ],
          [
            36.74869,
            35.12321
          ],
          [
            36.74864,
            35.12312
          ],
          [
            36.74862,
            35.12308
          ],
          [
            36.74859,
            35.12297
          ],
          [
            36.74854,
            35.12283
          ],
          [
            36.74846,
            35.12249
          ],
          [
            36.74833,
            35.1224
          ],
          [
            36.74828,
            35.12237
          ],
          [
            36.74822,
            35.12234
          ],
          [
            36.74806,
            35.12228
          ],
          [
            36.74754,
            35.1223
          ],
          [
            36.74746,
            35.12238
          ],
          [
            36.74712,
            35.12286
          ],
          [
            36.74674,
            35.12339
          ],
          [
            36.74669,
            35.12348
          ],
          [
            36.74656,
            35.12364
          ],
          [
            36.74637,
            35.12391
          ],
          [
            36.7459,
            35.12456
          ],
          [
            36.74562,
            35.12494
          ],
          [
            36.74526,
            35.12541
          ],
          [
            36.74523,
            35.12544
          ],
          [
            36.74506,
            35.12566
          ],
          [
            36.74503,
            35.12571
          ],
          [
            36.74479,
            35.12604
          ],
          [
            36.74411,
            35.12693
          ],
          [
            36.74391,
            35.12721
          ],
          [
            36.74375,
            35.1274
          ],
          [
            36.74345,
            35.12777
          ],
          [
            36.74342,
            35.12781
          ],
          [
            36.74336,
            35.12785
          ],
          [
            36.74335,
            35.12788
          ],
          [
            36.74333,
            35.12791
          ],
          [
            36.74331,
            35.12793
          ],
          [
            36.74307,
            35.12829
          ],
          [
            36.74276,
            35.12872
          ],
          [
            36.74261,
            35.12894
          ],
          [
            36.7425,
            35.12906
          ],
          [
            36.74218,
            35.12939
          ],
          [
            36.74207,
            35.1295
          ],
          [
            36.74188,
            35.12965
          ],
          [
            36.74168,
            35.1298
          ],
          [
            36.74148,
            35.12994
          ],
          [
            36.74098,
            35.13028
          ],
          [
            36.74086,
            35.13036
          ],
          [
            36.74031,
            35.13065
          ],
          [
            36.74023,
            35.13069
          ],
          [
            36.73993,
            35.13084
          ],
          [
            36.73953,
            35.13103
          ],
          [
            36.7394,
            35.13113
          ],
          [
            36.73933,
            35.13124
          ],
          [
            36.7393,
            35.13133
          ],
          [
            36.73928,
            35.13136
          ],
          [
            36.73926,
            35.13141
          ],
          [
            36.73921,
            35.13147
          ],
          [
            36.73915,
            35.13152
          ],
          [
            36.73908,
            35.13157
          ],
          [
            36.73899,
            35.13161
          ],
          [
            36.73889,
            35.13163
          ],
          [
            36.73866,
            35.13167
          ],
          [
            36.73822,
            35.13176
          ],
          [
            36.73809,
            35.13178
          ],
          [
            36.73798,
            35.1318
          ],
          [
            36.73772,
            35.13186
          ],
          [
            36.73746,
            35.13194
          ],
          [
            36.73707,
            35.13211
          ],
          [
            36.73662,
            35.13229
          ],
          [
            36.73659,
            35.1323
          ],
          [
            36.73638,
            35.13235
          ],
          [
            36.73633,
            35.13239
          ],
          [
            36.73626,
            35.13243
          ],
          [
            36.73618,
            35.13246
          ],
          [
            36.73617,
            35.13246
          ],
          [
            36.7361,
            35.13247
          ],
          [
            36.73557,
            35.13271
          ],
          [
            36.73541,
            35.13278
          ],
          [
            36.73497,
            35.13297
          ],
          [
            36.73487,
            35.13301
          ],
          [
            36.73476,
            35.13307
          ],
          [
            36.73468,
            35.13312
          ],
          [
            36.73462,
            35.13317
          ],
          [
            36.7346,
            35.13318
          ],
          [
            36.73453,
            35.13324
          ],
          [
            36.73448,
            35.13331
          ],
          [
            36.73443,
            35.13336
          ],
          [
            36.73439,
            35.13343
          ],
          [
            36.73434,
            35.13354
          ],
          [
            36.73431,
            35.1336
          ],
          [
            36.7343,
            35.13364
          ],
          [
            36.73426,
            35.13375
          ],
          [
            36.73419,
            35.13397
          ],
          [
            36.73417,
            35.13405
          ],
          [
            36.73414,
            35.13415
          ],
          [
            36.73412,
            35.1343
          ],
          [
            36.73408,
            35.13456
          ],
          [
            36.73408,
            35.13461
          ],
          [
            36.73404,
            35.13483
          ],
          [
            36.734,
            35.13506
          ],
          [
            36.73393,
            35.13554
          ],
          [
            36.73384,
            35.13625
          ],
          [
            36.73382,
            35.13643
          ],
          [
            36.73372,
            35.13727
          ],
          [
            36.73366,
            35.13782
          ],
          [
            36.73362,
            35.13811
          ],
          [
            36.7336,
            35.13829
          ],
          [
            36.73354,
            35.13883
          ],
          [
            36.73343,
            35.13954
          ],
          [
            36.73338,
            35.13988
          ],
          [
            36.7333,
            35.14037
          ],
          [
            36.7333,
            35.14038
          ],
          [
            36.73331,
            35.14039
          ],
          [
            36.73331,
            35.1404
          ],
          [
            36.73331,
            35.14041
          ],
          [
            36.73331,
            35.14042
          ],
          [
            36.7333,
            35.14043
          ],
          [
            36.7333,
            35.14044
          ],
          [
            36.7333,
            35.14045
          ],
          [
            36.7333,
            35.14046
          ],
          [
            36.73329,
            35.14047
          ],
          [
            36.73329,
            35.14048
          ],
          [
            36.73328,
            35.14049
          ],
          [
            36.73327,
            35.1405
          ],
          [
            36.73326,
            35.14051
          ],
          [
            36.73325,
            35.14051
          ],
          [
            36.73324,
            35.14052
          ],
          [
            36.73323,
            35.14053
          ],
          [
            36.73322,
            35.14053
          ],
          [
            36.73321,
            35.14054
          ],
          [
            36.7332,
            35.14055
          ],
          [
            36.73319,
            35.14055
          ],
          [
            36.73318,
            35.14055
          ],
          [
            36.73316,
            35.14056
          ],
          [
            36.73315,
            35.14056
          ],
          [
            36.73314,
            35.14056
          ],
          [
            36.73313,
            35.14056
          ],
          [
            36.73311,
            35.14056
          ],
          [
            36.7331,
            35.14056
          ],
          [
            36.73309,
            35.14056
          ],
          [
            36.73308,
            35.14056
          ],
          [
            36.73306,
            35.14055
          ],
          [
            36.73305,
            35.14055
          ],
          [
            36.73304,
            35.14055
          ],
          [
            36.73303,
            35.14054
          ],
          [
            36.73302,
            35.14054
          ],
          [
            36.73301,
            35.14053
          ],
          [
            36.73271,
            35.14046
          ],
          [
            36.73268,
            35.14046
          ],
          [
            36.7325,
            35.14042
          ],
          [
            36.73234,
            35.14042
          ],
          [
            36.73104,
            35.14035
          ],
          [
            36.73103,
            35.14036
          ],
          [
            36.73102,
            35.14036
          ],
          [
            36.73101,
            35.14037
          ],
          [
            36.731,
            35.14037
          ],
          [
            36.731,
            35.14038
          ],
          [
            36.73099,
            35.14038
          ],
          [
            36.73098,
            35.14038
          ],
          [
            36.73097,
            35.14039
          ],
          [
            36.73096,
            35.14039
          ],
          [
            36.73095,
            35.14039
          ],
          [
            36.73094,
            35.14039
          ],
          [
            36.73093,
            35.14039
          ],
          [
            36.73092,
            35.14039
          ],
          [
            36.73091,
            35.14039
          ],
          [
            36.7309,
            35.14039
          ],
          [
            36.73089,
            35.14039
          ],
          [
            36.73088,
            35.14038
          ],
          [
            36.73087,
            35.14038
          ],
          [
            36.73086,
            35.14038
          ],
          [
            36.73085,
            35.14037
          ],
          [
            36.73084,
            35.14037
          ],
          [
            36.73083,
            35.14036
          ],
          [
            36.73082,
            35.14036
          ],
          [
            36.73082,
            35.14035
          ],
          [
            36.73081,
            35.14035
          ],
          [
            36.7308,
            35.14034
          ],
          [
            36.7308,
            35.14033
          ],
          [
            36.73079,
            35.14032
          ],
          [
            36.73079,
            35.14031
          ],
          [
            36.73078,
            35.1403
          ],
          [
            36.73078,
            35.14029
          ],
          [
            36.73078,
            35.14028
          ],
          [
            36.73078,
            35.14027
          ],
          [
            36.73078,
            35.14026
          ],
          [
            36.73078,
            35.14025
          ],
          [
            36.73078,
            35.14024
          ],
          [
            36.73078,
            35.14023
          ],
          [
            36.73079,
            35.14022
          ],
          [
            36.73079,
            35.14021
          ],
          [
            36.7308,
            35.14021
          ],
          [
            36.7308,
            35.1402
          ],
          [
            36.73081,
            35.14019
          ],
          [
            36.73082,
            35.14018
          ],
          [
            36.73083,
            35.14018
          ],
          [
            36.73084,
            35.14017
          ],
          [
            36.73085,
            35.14016
          ],
          [
            36.73086,
            35.14016
          ],
          [
            36.73087,
            35.14016
          ],
          [
            36.73087,
            35.14015
          ],
          [
            36.73088,
            35.14015
          ],
          [
            36.73089,
            35.14015
          ],
          [
            36.7309,
            35.14015
          ],
          [
            36.73091,
            35.14015
          ],
          [
            36.73092,
            35.14015
          ],
          [
            36.73093,
            35.14015
          ],
          [
            36.73094,
            35.14015
          ],
          [
            36.73095,
            35.14015
          ],
          [
            36.73096,
            35.14015
          ],
          [
            36.73097,
            35.14015
          ],
          [
            36.73098,
            35.14015
          ],
          [
            36.73098,
            35.14016
          ],
          [
            36.73099,
            35.14016
          ],
          [
            36.731,
            35.14016
          ],
          [
            36.73101,
            35.14016
          ],
          [
            36.73101,
            35.14017
          ],
          [
            36.73102,
            35.14017
          ],
          [
            36.73103,
            35.14018
          ],
          [
            36.73104,
            35.14019
          ],
          [
            36.73113,
            35.1402
          ],
          [
            36.73129,
            35.14023
          ],
          [
            36.73237,
            35.14029
          ],
          [
            36.73249,
            35.1403
          ],
          [
            36.73266,
            35.1403
          ],
          [
            36.73302,
            35.14028
          ],
          [
            36.73303,
            35.14027
          ],
          [
            36.73304,
            35.14027
          ],
          [
            36.73305,
            35.14026
          ],
          [
            36.73307,
            35.14026
          ],
          [
            36.73308,
            35.14026
          ],
          [
            36.73309,
            35.14026
          ],
          [
            36.7331,
            35.14025
          ],
          [
            36.73312,
            35.14025
          ],
          [
            36.73313,
            35.14025
          ],
          [
            36.73314,
            35.14025
          ],
          [
            36.73315,
            35.14026
          ],
          [
            36.73317,
            35.14026
          ],
          [
            36.73318,
            35.14026
          ],
          [
            36.73319,
            35.14027
          ],
          [
            36.7332,
            35.14027
          ],
          [
            36.73321,
            35.14027
          ],
          [
            36.73322,
            35.14028
          ],
          [
            36.73324,
            35.14029
          ],
          [
            36.73325,
            35.1403
          ],
          [
            36.73326,
            35.14031
          ],
          [
            36.73327,
            35.14032
          ],
          [
            36.73328,
            35.14033
          ],
          [
            36.73329,
            35.14034
          ],
          [
            36.73329,
            35.14035
          ],
          [
            36.7333,
            35.14037
          ],
          [
            36.7333,
            35.14038
          ],
          [
            36.73331,
            35.14039
          ],
          [
            36.73331,
            35.1404
          ],
          [
            36.73331,
            35.14041
          ],
          [
            36.73331,
            35.14042
          ],
          [
            36.7333,
            35.14043
          ],
          [
            36.7333,
            35.14044
          ],
          [
            36.7333,
            35.14045
          ],
          [
            36.7333,
            35.14046
          ],
          [
            36.73329,
            35.14047
          ],
          [
            36.73329,
            35.14048
          ],
          [
            36.73328,
            35.14049
          ],
          [
            36.73327,
            35.1405
          ],
          [
            36.7333,
            35.14063
          ],
          [
            36.7333,
            35.14069
          ],
          [
            36.7333,
            35.14075
          ],
          [
            36.73329,
            35.14094
          ],
          [
            36.73328,
            35.14098
          ],
          [
            36.73321,
            35.14148
          ],
          [
            36.73315,
            35.14197
          ],
          [
            36.73305,
            35.14267
          ],
          [
            36.73301,
            35.14287
          ],
          [
            36.73297,
            35.14305
          ],
          [
            36.73294,
            35.14319
          ],
          [
            36.73285,
            35.14346
          ],
          [
            36.73275,
            35.14372
          ],
          [
            36.73259,
            35.14408
          ],
          [
            36.73243,
            35.14444
          ],
          [
            36.73241,
            35.14449
          ],
          [
            36.73235,
            35.14461
          ],
          [
            36.7323,
            35.14477
          ],
          [
            36.73228,
            35.14493
          ],
          [
            36.73231,
            35.14501
          ],
          [
            36.73231,
            35.14503
          ],
          [
            36.7323,
            35.14508
          ],
          [
            36.73227,
            35.14513
          ],
          [
            36.73224,
            35.14517
          ],
          [
            36.73219,
            35.1452
          ],
          [
            36.73214,
            35.14523
          ],
          [
            36.73209,
            35.14533
          ],
          [
            36.73205,
            35.14545
          ],
          [
            36.73201,
            35.14557
          ],
          [
            36.73198,
            35.14573
          ],
          [
            36.73194,
            35.14593
          ],
          [
            36.73185,
            35.1464
          ],
          [
            36.7318,
            35.14664
          ],
          [
            36.73176,
            35.14681
          ],
          [
            36.73172,
            35.147
          ],
          [
            36.7316,
            35.1476
          ],
          [
            36.73144,
            35.14845
          ],
          [
            36.73141,
            35.14859
          ],
          [
            36.73138,
            35.14877
          ],
          [
            36.73134,
            35.14894
          ],
          [
            36.73129,
            35.1492
          ],
          [
            36.73124,
            35.14946
          ],
          [
            36.73109,
            35.14943
          ],
          [
            36.73102,
            35.14927
          ],
          [
            36.731,
            35.14923
          ],
          [
            36.73097,
            35.14919
          ],
          [
            36.73095,
            35.14916
          ],
          [
            36.73092,
            35.14913
          ],
          [
            36.73085,
            35.14908
          ],
          [
            36.73078,
            35.14905
          ],
          [
            36.73075,
            35.14904
          ],
          [
            36.73044,
            35.14894
          ],
          [
            36.72922,
            35.14853
          ],
          [
            36.72905,
            35.14848
          ],
          [
            36.72892,
            35.14843
          ],
          [
            36.72876,
            35.14838
          ],
          [
            36.72826,
            35.14823
          ],
          [
            36.72798,
            35.14813
          ],
          [
            36.7271,
            35.14781
          ],
          [
            36.7269,
            35.14777
          ],
          [
            36.72623,
            35.14756
          ],
          [
            36.72622,
            35.14756
          ],
          [
            36.72621,
            35.14756
          ],
          [
            36.7262,
            35.14757
          ],
          [
            36.72619,
            35.14757
          ],
          [
            36.72618,
            35.14757
          ],
          [
            36.72617,
            35.14757
          ],
          [
            36.72616,
            35.14757
          ],
          [
            36.72615,
            35.14757
          ],
          [
            36.72614,
            35.14757
          ],
          [
            36.72613,
            35.14757
          ],
          [
            36.72612,
            35.14756
          ],
          [
            36.72611,
            35.14756
          ],
          [
            36.7261,
            35.14756
          ],
          [
            36.72609,
            35.14756
          ],
          [
            36.72568,
            35.14842
          ],
          [
            36.72566,
            35.14845
          ]
        ]
      },
      "properties": {
        "id": "hama-001",
        "nameAr": "مسار كازو(ذهاب)",
        "nameEn": "مسار كازو(ذهاب)",
        "type": "serafee",
        "colorIndex": 0,
        "notes": "",
        "priceOld": 2500,
        "priceNew": 25
      }
    },
    {
      "type": "Feature",
      "geometry": {
        "type": "LineString",
        "coordinates": [
          [
            36.72566,
            35.14845
          ],
          [
            36.72568,
            35.14842
          ],
          [
            36.72609,
            35.14756
          ],
          [
            36.7261,
            35.14756
          ],
          [
            36.72609,
            35.14755
          ],
          [
            36.72608,
            35.14755
          ],
          [
            36.72608,
            35.14754
          ],
          [
            36.72607,
            35.14754
          ],
          [
            36.72606,
            35.14753
          ],
          [
            36.72605,
            35.14752
          ],
          [
            36.72604,
            35.14751
          ],
          [
            36.72604,
            35.1475
          ],
          [
            36.72604,
            35.14749
          ],
          [
            36.72604,
            35.14748
          ],
          [
            36.72604,
            35.14747
          ],
          [
            36.72604,
            35.14746
          ],
          [
            36.72605,
            35.14745
          ],
          [
            36.72605,
            35.14744
          ],
          [
            36.72605,
            35.14743
          ],
          [
            36.72606,
            35.14742
          ],
          [
            36.72606,
            35.14741
          ],
          [
            36.72607,
            35.1474
          ],
          [
            36.72607,
            35.14739
          ],
          [
            36.72608,
            35.14738
          ],
          [
            36.72609,
            35.14737
          ],
          [
            36.7261,
            35.14736
          ],
          [
            36.72611,
            35.14736
          ],
          [
            36.72611,
            35.14735
          ],
          [
            36.72612,
            35.14735
          ],
          [
            36.72613,
            35.14735
          ],
          [
            36.72613,
            35.14734
          ],
          [
            36.72614,
            35.14734
          ],
          [
            36.72615,
            35.14734
          ],
          [
            36.72616,
            35.14734
          ],
          [
            36.72617,
            35.14734
          ],
          [
            36.72618,
            35.14734
          ],
          [
            36.72619,
            35.14734
          ],
          [
            36.7262,
            35.14734
          ],
          [
            36.72621,
            35.14734
          ],
          [
            36.72622,
            35.14734
          ],
          [
            36.72623,
            35.14735
          ],
          [
            36.72624,
            35.14735
          ],
          [
            36.72625,
            35.14736
          ],
          [
            36.72626,
            35.14736
          ],
          [
            36.72626,
            35.14737
          ],
          [
            36.72627,
            35.14737
          ],
          [
            36.72628,
            35.14738
          ],
          [
            36.72628,
            35.14739
          ],
          [
            36.72629,
            35.14739
          ],
          [
            36.72629,
            35.1474
          ],
          [
            36.7263,
            35.14741
          ],
          [
            36.7263,
            35.14742
          ],
          [
            36.7263,
            35.14743
          ],
          [
            36.72631,
            35.14743
          ],
          [
            36.72631,
            35.14744
          ],
          [
            36.72697,
            35.14765
          ],
          [
            36.72726,
            35.14774
          ],
          [
            36.72786,
            35.14794
          ],
          [
            36.729,
            35.14833
          ],
          [
            36.72903,
            35.14834
          ],
          [
            36.72905,
            35.14836
          ],
          [
            36.72907,
            35.14838
          ],
          [
            36.72911,
            35.14844
          ],
          [
            36.72913,
            35.14847
          ],
          [
            36.72922,
            35.14853
          ],
          [
            36.72933,
            35.14853
          ],
          [
            36.72938,
            35.14852
          ],
          [
            36.72946,
            35.1485
          ],
          [
            36.7295,
            35.14851
          ],
          [
            36.72954,
            35.14851
          ],
          [
            36.72967,
            35.14856
          ],
          [
            36.73082,
            35.14894
          ],
          [
            36.73086,
            35.14895
          ],
          [
            36.7309,
            35.14895
          ],
          [
            36.73094,
            35.14895
          ],
          [
            36.73098,
            35.14893
          ],
          [
            36.73103,
            35.14891
          ],
          [
            36.73108,
            35.14887
          ],
          [
            36.73122,
            35.14876
          ],
          [
            36.73146,
            35.14757
          ],
          [
            36.73162,
            35.14681
          ],
          [
            36.73166,
            35.14663
          ],
          [
            36.73167,
            35.14655
          ],
          [
            36.73169,
            35.14646
          ],
          [
            36.73173,
            35.14628
          ],
          [
            36.73173,
            35.14624
          ],
          [
            36.73178,
            35.14597
          ],
          [
            36.73183,
            35.14571
          ],
          [
            36.73188,
            35.14546
          ],
          [
            36.73188,
            35.14519
          ],
          [
            36.73185,
            35.14516
          ],
          [
            36.73182,
            35.14513
          ],
          [
            36.73182,
            35.14511
          ],
          [
            36.73179,
            35.14506
          ],
          [
            36.73179,
            35.14503
          ],
          [
            36.73179,
            35.14499
          ],
          [
            36.73181,
            35.14495
          ],
          [
            36.73181,
            35.14494
          ],
          [
            36.73183,
            35.14491
          ],
          [
            36.73186,
            35.14487
          ],
          [
            36.73192,
            35.14483
          ],
          [
            36.73194,
            35.14482
          ],
          [
            36.73198,
            35.14481
          ],
          [
            36.732,
            35.14481
          ],
          [
            36.73205,
            35.14473
          ],
          [
            36.73211,
            35.14466
          ],
          [
            36.73218,
            35.14455
          ],
          [
            36.73237,
            35.14413
          ],
          [
            36.73252,
            35.14382
          ],
          [
            36.73269,
            35.14342
          ],
          [
            36.73276,
            35.14322
          ],
          [
            36.73283,
            35.14302
          ],
          [
            36.73288,
            35.14283
          ],
          [
            36.73292,
            35.14264
          ],
          [
            36.73298,
            35.14204
          ],
          [
            36.73307,
            35.14122
          ],
          [
            36.73308,
            35.14099
          ],
          [
            36.73307,
            35.14086
          ],
          [
            36.73301,
            35.14053
          ],
          [
            36.73298,
            35.14051
          ],
          [
            36.73296,
            35.14049
          ],
          [
            36.73294,
            35.14046
          ],
          [
            36.73293,
            35.14043
          ],
          [
            36.73293,
            35.1404
          ],
          [
            36.73294,
            35.14037
          ],
          [
            36.73295,
            35.14034
          ],
          [
            36.73297,
            35.14031
          ],
          [
            36.733,
            35.14029
          ],
          [
            36.73302,
            35.14028
          ],
          [
            36.73317,
            35.14
          ],
          [
            36.73318,
            35.13999
          ],
          [
            36.73321,
            35.13993
          ],
          [
            36.73322,
            35.13986
          ],
          [
            36.73325,
            35.13979
          ],
          [
            36.73326,
            35.1397
          ],
          [
            36.73328,
            35.13952
          ],
          [
            36.73335,
            35.13898
          ],
          [
            36.73344,
            35.13827
          ],
          [
            36.73348,
            35.13791
          ],
          [
            36.73359,
            35.13699
          ],
          [
            36.73369,
            35.13628
          ],
          [
            36.73371,
            35.13612
          ],
          [
            36.7337,
            35.13589
          ],
          [
            36.73368,
            35.13567
          ],
          [
            36.73369,
            35.13556
          ],
          [
            36.73375,
            35.13537
          ],
          [
            36.73387,
            35.13439
          ],
          [
            36.73391,
            35.13405
          ],
          [
            36.73394,
            35.1339
          ],
          [
            36.73396,
            35.1338
          ],
          [
            36.73399,
            35.13372
          ],
          [
            36.73402,
            35.13363
          ],
          [
            36.73405,
            35.13355
          ],
          [
            36.73409,
            35.13347
          ],
          [
            36.73411,
            35.13343
          ],
          [
            36.73414,
            35.13338
          ],
          [
            36.73418,
            35.13332
          ],
          [
            36.73425,
            35.13321
          ],
          [
            36.73438,
            35.13304
          ],
          [
            36.73464,
            35.13279
          ],
          [
            36.73488,
            35.13258
          ],
          [
            36.73527,
            35.13226
          ],
          [
            36.73558,
            35.13203
          ],
          [
            36.7356,
            35.13199
          ],
          [
            36.73563,
            35.13193
          ],
          [
            36.73567,
            35.13188
          ],
          [
            36.73571,
            35.13184
          ],
          [
            36.73577,
            35.1318
          ],
          [
            36.73584,
            35.13176
          ],
          [
            36.73596,
            35.13172
          ],
          [
            36.73605,
            35.13172
          ],
          [
            36.73615,
            35.13173
          ],
          [
            36.73623,
            35.13175
          ],
          [
            36.7363,
            35.13178
          ],
          [
            36.73636,
            35.13181
          ],
          [
            36.73641,
            35.13184
          ],
          [
            36.73657,
            35.13186
          ],
          [
            36.73673,
            35.13188
          ],
          [
            36.73688,
            35.13189
          ],
          [
            36.73704,
            35.13188
          ],
          [
            36.73718,
            35.13187
          ],
          [
            36.73731,
            35.13184
          ],
          [
            36.73747,
            35.13179
          ],
          [
            36.73797,
            35.13159
          ],
          [
            36.73801,
            35.13156
          ],
          [
            36.73806,
            35.13153
          ],
          [
            36.73835,
            35.13142
          ],
          [
            36.73877,
            35.13126
          ],
          [
            36.73897,
            35.13118
          ],
          [
            36.73905,
            35.13114
          ],
          [
            36.73938,
            35.13098
          ],
          [
            36.73972,
            35.1308
          ],
          [
            36.73976,
            35.13078
          ],
          [
            36.74038,
            35.13045
          ],
          [
            36.74069,
            35.1303
          ],
          [
            36.74079,
            35.13023
          ],
          [
            36.74086,
            35.13019
          ],
          [
            36.74112,
            35.13
          ],
          [
            36.74136,
            35.12983
          ],
          [
            36.7416,
            35.12965
          ],
          [
            36.74174,
            35.12953
          ],
          [
            36.74194,
            35.12936
          ],
          [
            36.74214,
            35.12918
          ],
          [
            36.74232,
            35.12901
          ],
          [
            36.74241,
            35.12891
          ],
          [
            36.74249,
            35.12883
          ],
          [
            36.74256,
            35.12875
          ],
          [
            36.74262,
            35.12866
          ],
          [
            36.74269,
            35.12855
          ],
          [
            36.74273,
            35.12846
          ],
          [
            36.74279,
            35.12832
          ],
          [
            36.74281,
            35.12828
          ],
          [
            36.74288,
            35.12809
          ],
          [
            36.743,
            35.12776
          ],
          [
            36.74301,
            35.12773
          ],
          [
            36.74303,
            35.1277
          ],
          [
            36.74305,
            35.12745
          ],
          [
            36.74306,
            35.12733
          ],
          [
            36.74307,
            35.12722
          ],
          [
            36.74306,
            35.12705
          ],
          [
            36.74304,
            35.12691
          ],
          [
            36.74302,
            35.12678
          ],
          [
            36.743,
            35.12666
          ],
          [
            36.74323,
            35.1264
          ],
          [
            36.74378,
            35.12575
          ],
          [
            36.74375,
            35.12571
          ],
          [
            36.74378,
            35.12575
          ],
          [
            36.74394,
            35.12553
          ],
          [
            36.74416,
            35.12516
          ],
          [
            36.74447,
            35.12476
          ],
          [
            36.74458,
            35.12462
          ],
          [
            36.74498,
            35.1241
          ],
          [
            36.74529,
            35.12366
          ],
          [
            36.74559,
            35.12323
          ],
          [
            36.74573,
            35.12306
          ],
          [
            36.74582,
            35.12292
          ],
          [
            36.74587,
            35.12283
          ],
          [
            36.74591,
            35.12267
          ],
          [
            36.74593,
            35.12257
          ],
          [
            36.74593,
            35.12242
          ],
          [
            36.74591,
            35.12203
          ],
          [
            36.74634,
            35.1221
          ],
          [
            36.74679,
            35.12217
          ],
          [
            36.74701,
            35.12222
          ],
          [
            36.74727,
            35.12227
          ],
          [
            36.74752,
            35.1223
          ],
          [
            36.74754,
            35.1223
          ],
          [
            36.74806,
            35.12228
          ],
          [
            36.74816,
            35.12223
          ],
          [
            36.74819,
            35.12221
          ],
          [
            36.74822,
            35.12218
          ],
          [
            36.74824,
            35.12215
          ],
          [
            36.74827,
            35.12205
          ],
          [
            36.74815,
            35.12181
          ],
          [
            36.74795,
            35.12146
          ],
          [
            36.74797,
            35.12139
          ],
          [
            36.74799,
            35.12136
          ],
          [
            36.74801,
            35.12133
          ],
          [
            36.74804,
            35.12131
          ],
          [
            36.74809,
            35.12129
          ],
          [
            36.74813,
            35.12129
          ],
          [
            36.74817,
            35.12129
          ],
          [
            36.74819,
            35.1213
          ],
          [
            36.74822,
            35.12132
          ],
          [
            36.74825,
            35.12135
          ],
          [
            36.7483,
            35.12147
          ],
          [
            36.74829,
            35.12161
          ],
          [
            36.7483,
            35.12169
          ],
          [
            36.74831,
            35.12174
          ],
          [
            36.74832,
            35.12178
          ],
          [
            36.74834,
            35.12185
          ],
          [
            36.74854,
            35.12225
          ],
          [
            36.74864,
            35.12246
          ],
          [
            36.74871,
            35.1226
          ],
          [
            36.74886,
            35.12288
          ],
          [
            36.74889,
            35.12294
          ],
          [
            36.74901,
            35.12306
          ],
          [
            36.74903,
            35.12307
          ],
          [
            36.74904,
            35.12308
          ],
          [
            36.74905,
            35.12308
          ],
          [
            36.74907,
            35.12309
          ],
          [
            36.74908,
            35.12311
          ],
          [
            36.74909,
            35.12312
          ],
          [
            36.7491,
            35.12313
          ],
          [
            36.74911,
            35.12314
          ],
          [
            36.74912,
            35.12316
          ],
          [
            36.74912,
            35.12317
          ],
          [
            36.74913,
            35.12318
          ],
          [
            36.74913,
            35.1232
          ],
          [
            36.74913,
            35.12321
          ],
          [
            36.74913,
            35.12323
          ],
          [
            36.74913,
            35.12325
          ],
          [
            36.74934,
            35.12349
          ],
          [
            36.74978,
            35.12411
          ],
          [
            36.74983,
            35.12419
          ],
          [
            36.75009,
            35.12451
          ],
          [
            36.75046,
            35.12499
          ],
          [
            36.75069,
            35.12529
          ],
          [
            36.75096,
            35.12566
          ],
          [
            36.75097,
            35.12567
          ],
          [
            36.75107,
            35.12581
          ],
          [
            36.75125,
            35.12606
          ],
          [
            36.75134,
            35.12623
          ],
          [
            36.75136,
            35.12629
          ],
          [
            36.75137,
            35.12635
          ],
          [
            36.75139,
            35.1264
          ],
          [
            36.75142,
            35.12645
          ],
          [
            36.75145,
            35.12648
          ],
          [
            36.75148,
            35.12652
          ],
          [
            36.75152,
            35.12658
          ],
          [
            36.7516,
            35.12664
          ],
          [
            36.75168,
            35.1267
          ],
          [
            36.75178,
            35.1268
          ],
          [
            36.75191,
            35.12691
          ],
          [
            36.75205,
            35.12703
          ],
          [
            36.75218,
            35.12714
          ],
          [
            36.7522,
            35.12715
          ],
          [
            36.75231,
            35.12725
          ],
          [
            36.75241,
            35.12734
          ],
          [
            36.75314,
            35.12799
          ],
          [
            36.75331,
            35.12814
          ],
          [
            36.75338,
            35.1282
          ],
          [
            36.75358,
            35.12837
          ],
          [
            36.75374,
            35.1285
          ],
          [
            36.75378,
            35.12853
          ],
          [
            36.75384,
            35.12858
          ],
          [
            36.75396,
            35.12867
          ],
          [
            36.75439,
            35.12898
          ],
          [
            36.75453,
            35.12925
          ],
          [
            36.75456,
            35.12932
          ],
          [
            36.75459,
            35.12941
          ],
          [
            36.75461,
            35.12954
          ],
          [
            36.75463,
            35.12991
          ],
          [
            36.75463,
            35.13014
          ],
          [
            36.75463,
            35.1302
          ],
          [
            36.75461,
            35.1303
          ],
          [
            36.75458,
            35.13049
          ],
          [
            36.75457,
            35.13056
          ]
        ]
      },
      "properties": {
        "id": "hama-002",
        "nameAr": "Directions from موقف كازو‎‎‎ to موقف حي الكرامة(حي البعث سابقاً) وحي التتان",
        "nameEn": "Directions from موقف كازو‎‎‎ to موقف حي الكرامة(حي البعث سابقاً) وحي التتان",
        "type": "serafee",
        "colorIndex": 1,
        "notes": "",
        "priceOld": 2500,
        "priceNew": 25
      }
    },
    {
      "type": "Feature",
      "geometry": {
        "type": "LineString",
        "coordinates": [
          [
            36.75457,
            35.13056
          ],
          [
            36.75456,
            35.1306
          ],
          [
            36.75455,
            35.13067
          ],
          [
            36.75453,
            35.13075
          ],
          [
            36.75451,
            35.13086
          ],
          [
            36.75448,
            35.13095
          ],
          [
            36.75448,
            35.13096
          ],
          [
            36.75445,
            35.13102
          ],
          [
            36.75441,
            35.13109
          ],
          [
            36.75436,
            35.13114
          ],
          [
            36.75431,
            35.1312
          ],
          [
            36.75425,
            35.13125
          ],
          [
            36.7542,
            35.13128
          ],
          [
            36.75414,
            35.13133
          ],
          [
            36.75398,
            35.13134
          ],
          [
            36.75397,
            35.13134
          ],
          [
            36.75385,
            35.13134
          ],
          [
            36.75373,
            35.13134
          ],
          [
            36.75353,
            35.13133
          ],
          [
            36.75316,
            35.1313
          ],
          [
            36.7529,
            35.13128
          ],
          [
            36.75229,
            35.13128
          ],
          [
            36.75201,
            35.13123
          ],
          [
            36.75189,
            35.1312
          ],
          [
            36.75131,
            35.13104
          ],
          [
            36.75126,
            35.13103
          ],
          [
            36.75101,
            35.13098
          ],
          [
            36.75083,
            35.13095
          ],
          [
            36.75072,
            35.13093
          ],
          [
            36.75053,
            35.1309
          ],
          [
            36.75031,
            35.13088
          ],
          [
            36.74971,
            35.13083
          ],
          [
            36.74959,
            35.13082
          ],
          [
            36.7494,
            35.13079
          ],
          [
            36.74922,
            35.13076
          ],
          [
            36.74879,
            35.1307
          ],
          [
            36.74867,
            35.13068
          ],
          [
            36.74862,
            35.13066
          ],
          [
            36.74859,
            35.13064
          ],
          [
            36.74858,
            35.13062
          ],
          [
            36.74855,
            35.13058
          ],
          [
            36.74859,
            35.13029
          ],
          [
            36.74861,
            35.1302
          ],
          [
            36.74861,
            35.13018
          ],
          [
            36.74862,
            35.13015
          ],
          [
            36.74864,
            35.13012
          ],
          [
            36.7487,
            35.13005
          ],
          [
            36.74881,
            35.12991
          ],
          [
            36.74885,
            35.12986
          ],
          [
            36.7489,
            35.12979
          ],
          [
            36.74898,
            35.12968
          ],
          [
            36.74903,
            35.12961
          ],
          [
            36.74919,
            35.12942
          ],
          [
            36.74935,
            35.1292
          ],
          [
            36.74946,
            35.12905
          ],
          [
            36.74952,
            35.12896
          ],
          [
            36.74974,
            35.12865
          ],
          [
            36.74998,
            35.12831
          ],
          [
            36.75016,
            35.12805
          ],
          [
            36.75022,
            35.12798
          ],
          [
            36.75033,
            35.12783
          ],
          [
            36.75062,
            35.12746
          ],
          [
            36.75085,
            35.12716
          ],
          [
            36.75089,
            35.12711
          ],
          [
            36.75103,
            35.12689
          ],
          [
            36.75105,
            35.12687
          ],
          [
            36.75122,
            35.12665
          ],
          [
            36.75126,
            35.12657
          ],
          [
            36.75127,
            35.1265
          ],
          [
            36.75127,
            35.12643
          ],
          [
            36.75126,
            35.12638
          ],
          [
            36.75126,
            35.12635
          ],
          [
            36.75122,
            35.12625
          ],
          [
            36.75113,
            35.12608
          ],
          [
            36.751,
            35.12589
          ],
          [
            36.75091,
            35.12577
          ],
          [
            36.75055,
            35.12532
          ],
          [
            36.75053,
            35.1253
          ],
          [
            36.75028,
            35.125
          ],
          [
            36.74992,
            35.12455
          ],
          [
            36.7498,
            35.1244
          ],
          [
            36.74968,
            35.12425
          ],
          [
            36.74956,
            35.1241
          ],
          [
            36.7492,
            35.12365
          ],
          [
            36.74919,
            35.12363
          ],
          [
            36.74895,
            35.1234
          ],
          [
            36.74893,
            35.1234
          ],
          [
            36.74892,
            35.1234
          ],
          [
            36.7489,
            35.1234
          ],
          [
            36.74888,
            35.1234
          ],
          [
            36.74887,
            35.1234
          ],
          [
            36.74885,
            35.1234
          ],
          [
            36.74883,
            35.12339
          ],
          [
            36.74882,
            35.12339
          ],
          [
            36.7488,
            35.12338
          ],
          [
            36.74879,
            35.12337
          ],
          [
            36.74877,
            35.12336
          ],
          [
            36.74876,
            35.12336
          ],
          [
            36.74875,
            35.12334
          ],
          [
            36.74873,
            35.12333
          ],
          [
            36.74872,
            35.12332
          ],
          [
            36.74871,
            35.12331
          ],
          [
            36.74871,
            35.1233
          ],
          [
            36.7487,
            35.12328
          ],
          [
            36.74869,
            35.12327
          ],
          [
            36.74869,
            35.12325
          ],
          [
            36.74869,
            35.12324
          ],
          [
            36.74869,
            35.12321
          ],
          [
            36.74864,
            35.12312
          ],
          [
            36.74862,
            35.12308
          ],
          [
            36.74859,
            35.12297
          ],
          [
            36.74854,
            35.12283
          ],
          [
            36.74846,
            35.12249
          ],
          [
            36.74833,
            35.1224
          ],
          [
            36.74828,
            35.12237
          ],
          [
            36.74822,
            35.12234
          ],
          [
            36.74806,
            35.12228
          ],
          [
            36.74754,
            35.1223
          ],
          [
            36.74746,
            35.12238
          ],
          [
            36.74712,
            35.12286
          ],
          [
            36.74674,
            35.12339
          ],
          [
            36.74669,
            35.12348
          ],
          [
            36.74656,
            35.12364
          ],
          [
            36.74637,
            35.12391
          ],
          [
            36.7459,
            35.12456
          ],
          [
            36.74562,
            35.12494
          ],
          [
            36.74526,
            35.12541
          ],
          [
            36.74523,
            35.12544
          ],
          [
            36.74506,
            35.12566
          ],
          [
            36.74503,
            35.12571
          ],
          [
            36.74479,
            35.12604
          ],
          [
            36.74411,
            35.12693
          ],
          [
            36.74391,
            35.12721
          ],
          [
            36.74375,
            35.1274
          ],
          [
            36.74345,
            35.12777
          ],
          [
            36.74342,
            35.12781
          ],
          [
            36.74336,
            35.12785
          ],
          [
            36.74335,
            35.12788
          ],
          [
            36.74333,
            35.12791
          ],
          [
            36.74331,
            35.12793
          ],
          [
            36.74307,
            35.12829
          ],
          [
            36.74276,
            35.12872
          ],
          [
            36.74261,
            35.12894
          ],
          [
            36.7425,
            35.12906
          ],
          [
            36.74218,
            35.12939
          ],
          [
            36.74207,
            35.1295
          ],
          [
            36.74188,
            35.12965
          ],
          [
            36.74168,
            35.1298
          ],
          [
            36.74148,
            35.12994
          ],
          [
            36.74098,
            35.13028
          ],
          [
            36.74086,
            35.13036
          ],
          [
            36.74031,
            35.13065
          ],
          [
            36.74023,
            35.13069
          ],
          [
            36.73993,
            35.13084
          ],
          [
            36.73953,
            35.13103
          ],
          [
            36.7394,
            35.13113
          ],
          [
            36.73933,
            35.13124
          ],
          [
            36.7393,
            35.13133
          ],
          [
            36.73928,
            35.13136
          ],
          [
            36.73926,
            35.13141
          ],
          [
            36.73921,
            35.13147
          ],
          [
            36.73915,
            35.13152
          ],
          [
            36.73908,
            35.13157
          ],
          [
            36.73899,
            35.13161
          ],
          [
            36.73889,
            35.13163
          ],
          [
            36.73866,
            35.13167
          ],
          [
            36.73822,
            35.13176
          ],
          [
            36.73809,
            35.13178
          ],
          [
            36.73798,
            35.1318
          ],
          [
            36.73772,
            35.13186
          ],
          [
            36.73746,
            35.13194
          ],
          [
            36.73707,
            35.13211
          ],
          [
            36.73662,
            35.13229
          ],
          [
            36.73659,
            35.1323
          ],
          [
            36.73638,
            35.13235
          ],
          [
            36.73633,
            35.13239
          ],
          [
            36.73626,
            35.13243
          ],
          [
            36.73618,
            35.13246
          ],
          [
            36.73617,
            35.13246
          ],
          [
            36.7361,
            35.13247
          ],
          [
            36.73557,
            35.13271
          ],
          [
            36.73541,
            35.13278
          ],
          [
            36.73497,
            35.13297
          ],
          [
            36.73487,
            35.13301
          ],
          [
            36.73476,
            35.13307
          ],
          [
            36.73468,
            35.13312
          ],
          [
            36.73462,
            35.13317
          ],
          [
            36.7346,
            35.13318
          ],
          [
            36.73453,
            35.13324
          ],
          [
            36.73448,
            35.13331
          ],
          [
            36.73443,
            35.13336
          ],
          [
            36.73439,
            35.13343
          ],
          [
            36.73434,
            35.13354
          ],
          [
            36.73431,
            35.1336
          ],
          [
            36.7343,
            35.13364
          ],
          [
            36.73426,
            35.13375
          ],
          [
            36.73419,
            35.13397
          ],
          [
            36.73417,
            35.13405
          ],
          [
            36.73414,
            35.13415
          ],
          [
            36.73412,
            35.1343
          ],
          [
            36.73408,
            35.13456
          ],
          [
            36.73408,
            35.13461
          ],
          [
            36.73404,
            35.13483
          ],
          [
            36.734,
            35.13506
          ],
          [
            36.73393,
            35.13554
          ],
          [
            36.73384,
            35.13625
          ],
          [
            36.73382,
            35.13643
          ],
          [
            36.73372,
            35.13727
          ],
          [
            36.73366,
            35.13782
          ],
          [
            36.73362,
            35.13811
          ],
          [
            36.7336,
            35.13829
          ],
          [
            36.73354,
            35.13883
          ],
          [
            36.73343,
            35.13954
          ],
          [
            36.73338,
            35.13988
          ],
          [
            36.7333,
            35.14037
          ],
          [
            36.7333,
            35.14038
          ],
          [
            36.73331,
            35.14039
          ],
          [
            36.73331,
            35.1404
          ],
          [
            36.73331,
            35.14041
          ],
          [
            36.73331,
            35.14042
          ],
          [
            36.7333,
            35.14043
          ],
          [
            36.7333,
            35.14044
          ],
          [
            36.7333,
            35.14045
          ],
          [
            36.7333,
            35.14046
          ],
          [
            36.73329,
            35.14047
          ],
          [
            36.73329,
            35.14048
          ],
          [
            36.73328,
            35.14049
          ],
          [
            36.73327,
            35.1405
          ],
          [
            36.73326,
            35.14051
          ],
          [
            36.73325,
            35.14051
          ],
          [
            36.73324,
            35.14052
          ],
          [
            36.73323,
            35.14053
          ],
          [
            36.73322,
            35.14053
          ],
          [
            36.73321,
            35.14054
          ],
          [
            36.7332,
            35.14055
          ],
          [
            36.73319,
            35.14055
          ],
          [
            36.73318,
            35.14055
          ],
          [
            36.73316,
            35.14056
          ],
          [
            36.73315,
            35.14056
          ],
          [
            36.73314,
            35.14056
          ],
          [
            36.73313,
            35.14056
          ],
          [
            36.73311,
            35.14056
          ],
          [
            36.7331,
            35.14056
          ],
          [
            36.73309,
            35.14056
          ],
          [
            36.73308,
            35.14056
          ],
          [
            36.73306,
            35.14055
          ],
          [
            36.73305,
            35.14055
          ],
          [
            36.73304,
            35.14055
          ],
          [
            36.73303,
            35.14054
          ],
          [
            36.73302,
            35.14054
          ],
          [
            36.73301,
            35.14053
          ],
          [
            36.73271,
            35.14046
          ],
          [
            36.73268,
            35.14046
          ],
          [
            36.7325,
            35.14042
          ],
          [
            36.73234,
            35.14042
          ],
          [
            36.73104,
            35.14035
          ],
          [
            36.73094,
            35.14056
          ],
          [
            36.73092,
            35.14077
          ],
          [
            36.73089,
            35.14101
          ],
          [
            36.73088,
            35.14108
          ],
          [
            36.73088,
            35.14109
          ],
          [
            36.73086,
            35.14122
          ],
          [
            36.73085,
            35.14123
          ],
          [
            36.73082,
            35.14137
          ],
          [
            36.73072,
            35.14169
          ],
          [
            36.73069,
            35.14174
          ],
          [
            36.73063,
            35.14189
          ],
          [
            36.73055,
            35.14208
          ],
          [
            36.73047,
            35.14224
          ],
          [
            36.73033,
            35.14251
          ],
          [
            36.73005,
            35.14306
          ],
          [
            36.73003,
            35.14305
          ],
          [
            36.73002,
            35.14304
          ],
          [
            36.72959,
            35.1429
          ],
          [
            36.72913,
            35.14275
          ],
          [
            36.72875,
            35.14262
          ],
          [
            36.72862,
            35.14258
          ],
          [
            36.72822,
            35.14245
          ],
          [
            36.72782,
            35.14231
          ],
          [
            36.72728,
            35.14213
          ],
          [
            36.72706,
            35.14206
          ],
          [
            36.72704,
            35.14209
          ],
          [
            36.72701,
            35.14212
          ],
          [
            36.72697,
            35.14213
          ],
          [
            36.72694,
            35.14213
          ],
          [
            36.72691,
            35.14213
          ],
          [
            36.72688,
            35.14212
          ],
          [
            36.72685,
            35.14211
          ],
          [
            36.72683,
            35.14209
          ],
          [
            36.72681,
            35.14206
          ],
          [
            36.72681,
            35.14203
          ],
          [
            36.72681,
            35.14198
          ],
          [
            36.72683,
            35.14196
          ],
          [
            36.72685,
            35.14194
          ],
          [
            36.72689,
            35.14192
          ],
          [
            36.72692,
            35.14191
          ],
          [
            36.72696,
            35.14191
          ],
          [
            36.72699,
            35.14192
          ],
          [
            36.72718,
            35.1414
          ],
          [
            36.72725,
            35.14121
          ],
          [
            36.72739,
            35.14082
          ],
          [
            36.7274,
            35.14081
          ],
          [
            36.72752,
            35.14045
          ],
          [
            36.72759,
            35.14014
          ],
          [
            36.72759,
            35.14011
          ],
          [
            36.72759,
            35.14009
          ],
          [
            36.72758,
            35.13991
          ],
          [
            36.72758,
            35.13982
          ],
          [
            36.72755,
            35.13959
          ],
          [
            36.72752,
            35.13946
          ],
          [
            36.72751,
            35.13946
          ],
          [
            36.7275,
            35.13946
          ],
          [
            36.72749,
            35.13946
          ],
          [
            36.72748,
            35.13946
          ],
          [
            36.72747,
            35.13946
          ],
          [
            36.72746,
            35.13946
          ],
          [
            36.72746,
            35.13945
          ],
          [
            36.72745,
            35.13945
          ],
          [
            36.72744,
            35.13945
          ],
          [
            36.72744,
            35.13944
          ],
          [
            36.72743,
            35.13944
          ],
          [
            36.72743,
            35.13943
          ],
          [
            36.72742,
            35.13943
          ],
          [
            36.72742,
            35.13942
          ],
          [
            36.72741,
            35.13942
          ],
          [
            36.72741,
            35.13941
          ],
          [
            36.72741,
            35.1394
          ],
          [
            36.72741,
            35.13939
          ],
          [
            36.72741,
            35.13938
          ],
          [
            36.72741,
            35.13937
          ],
          [
            36.72742,
            35.13937
          ],
          [
            36.72742,
            35.13936
          ],
          [
            36.72742,
            35.13935
          ],
          [
            36.72743,
            35.13935
          ],
          [
            36.72743,
            35.13934
          ],
          [
            36.72744,
            35.13934
          ],
          [
            36.72744,
            35.13933
          ],
          [
            36.72745,
            35.13933
          ],
          [
            36.72746,
            35.13933
          ],
          [
            36.72747,
            35.13932
          ],
          [
            36.72748,
            35.13932
          ],
          [
            36.72749,
            35.13932
          ],
          [
            36.72747,
            35.13909
          ],
          [
            36.72741,
            35.13884
          ],
          [
            36.72735,
            35.13853
          ],
          [
            36.7273,
            35.1383
          ],
          [
            36.72726,
            35.1383
          ],
          [
            36.72723,
            35.13829
          ],
          [
            36.72719,
            35.13828
          ],
          [
            36.72716,
            35.13826
          ],
          [
            36.72713,
            35.13823
          ],
          [
            36.72712,
            35.13821
          ],
          [
            36.72712,
            35.13819
          ],
          [
            36.72712,
            35.13817
          ],
          [
            36.72713,
            35.13815
          ],
          [
            36.72714,
            35.13812
          ],
          [
            36.72716,
            35.1381
          ],
          [
            36.72719,
            35.13809
          ],
          [
            36.72722,
            35.13807
          ],
          [
            36.72726,
            35.13807
          ],
          [
            36.72731,
            35.13808
          ],
          [
            36.72735,
            35.13811
          ],
          [
            36.72736,
            35.13813
          ],
          [
            36.72738,
            35.13816
          ],
          [
            36.72797,
            35.13802
          ],
          [
            36.72831,
            35.13795
          ],
          [
            36.72864,
            35.13787
          ],
          [
            36.72879,
            35.13784
          ],
          [
            36.72898,
            35.1378
          ],
          [
            36.72921,
            35.13774
          ],
          [
            36.72943,
            35.13766
          ],
          [
            36.72964,
            35.13758
          ],
          [
            36.72963,
            35.13754
          ],
          [
            36.72963,
            35.13749
          ],
          [
            36.72964,
            35.13746
          ],
          [
            36.72969,
            35.13742
          ],
          [
            36.72972,
            35.13742
          ],
          [
            36.72975,
            35.13741
          ],
          [
            36.7298,
            35.13741
          ],
          [
            36.72984,
            35.13742
          ],
          [
            36.72986,
            35.13744
          ],
          [
            36.72988,
            35.13745
          ],
          [
            36.7299,
            35.13747
          ],
          [
            36.72991,
            35.13751
          ],
          [
            36.72991,
            35.13754
          ],
          [
            36.72989,
            35.13758
          ],
          [
            36.72987,
            35.13761
          ],
          [
            36.72985,
            35.13763
          ],
          [
            36.73001,
            35.13787
          ],
          [
            36.73006,
            35.13793
          ],
          [
            36.7302,
            35.13814
          ],
          [
            36.73026,
            35.13822
          ],
          [
            36.7303,
            35.1383
          ],
          [
            36.73041,
            35.13846
          ],
          [
            36.73049,
            35.1386
          ],
          [
            36.73054,
            35.1387
          ],
          [
            36.73058,
            35.13879
          ],
          [
            36.73061,
            35.13886
          ],
          [
            36.73066,
            35.13898
          ],
          [
            36.73069,
            35.13905
          ],
          [
            36.7307,
            35.13908
          ],
          [
            36.73074,
            35.1392
          ],
          [
            36.73078,
            35.13932
          ],
          [
            36.7308,
            35.13936
          ],
          [
            36.7308,
            35.13937
          ],
          [
            36.73085,
            35.13954
          ],
          [
            36.73088,
            35.13967
          ],
          [
            36.73089,
            35.13988
          ],
          [
            36.73104,
            35.14019
          ],
          [
            36.73105,
            35.1402
          ],
          [
            36.73106,
            35.14021
          ],
          [
            36.73106,
            35.14022
          ],
          [
            36.73107,
            35.14023
          ],
          [
            36.73107,
            35.14024
          ],
          [
            36.73107,
            35.14025
          ],
          [
            36.73108,
            35.14026
          ],
          [
            36.73108,
            35.14027
          ],
          [
            36.73107,
            35.14028
          ],
          [
            36.73107,
            35.14029
          ],
          [
            36.73107,
            35.1403
          ],
          [
            36.73107,
            35.14031
          ],
          [
            36.73106,
            35.14031
          ],
          [
            36.73106,
            35.14032
          ],
          [
            36.73106,
            35.14033
          ],
          [
            36.73105,
            35.14033
          ],
          [
            36.73105,
            35.14034
          ],
          [
            36.73104,
            35.14034
          ],
          [
            36.73104,
            35.14035
          ],
          [
            36.73103,
            35.14036
          ],
          [
            36.73102,
            35.14036
          ],
          [
            36.73101,
            35.14037
          ],
          [
            36.731,
            35.14037
          ],
          [
            36.731,
            35.14038
          ],
          [
            36.73099,
            35.14038
          ],
          [
            36.73098,
            35.14038
          ],
          [
            36.73097,
            35.14039
          ],
          [
            36.73096,
            35.14039
          ]
        ]
      },
      "properties": {
        "id": "hama-003",
        "nameAr": "خط الذهاب",
        "nameEn": "خط الذهاب",
        "type": "serafee",
        "colorIndex": 2,
        "notes": "",
        "priceOld": 2500,
        "priceNew": 25
      }
    },
    {
      "type": "Feature",
      "geometry": {
        "type": "LineString",
        "coordinates": [
          [
            36.73106,
            35.14021
          ],
          [
            36.73106,
            35.14022
          ],
          [
            36.73107,
            35.14023
          ],
          [
            36.73107,
            35.14024
          ],
          [
            36.73107,
            35.14025
          ],
          [
            36.73108,
            35.14026
          ],
          [
            36.73108,
            35.14027
          ],
          [
            36.73107,
            35.14028
          ],
          [
            36.73107,
            35.14029
          ],
          [
            36.73107,
            35.1403
          ],
          [
            36.73107,
            35.14031
          ],
          [
            36.73106,
            35.14031
          ],
          [
            36.73106,
            35.14032
          ],
          [
            36.73106,
            35.14033
          ],
          [
            36.73105,
            35.14033
          ],
          [
            36.73105,
            35.14034
          ],
          [
            36.73104,
            35.14034
          ],
          [
            36.73104,
            35.14035
          ],
          [
            36.73103,
            35.14036
          ],
          [
            36.73102,
            35.14036
          ],
          [
            36.73101,
            35.14037
          ],
          [
            36.731,
            35.14037
          ],
          [
            36.731,
            35.14038
          ],
          [
            36.73099,
            35.14038
          ],
          [
            36.73098,
            35.14038
          ],
          [
            36.73097,
            35.14039
          ],
          [
            36.73096,
            35.14039
          ],
          [
            36.73095,
            35.14039
          ],
          [
            36.73094,
            35.14039
          ],
          [
            36.73093,
            35.14039
          ],
          [
            36.73092,
            35.14039
          ],
          [
            36.73091,
            35.14039
          ],
          [
            36.7309,
            35.14039
          ],
          [
            36.73089,
            35.14039
          ],
          [
            36.73088,
            35.14038
          ],
          [
            36.73087,
            35.14038
          ],
          [
            36.73086,
            35.14038
          ],
          [
            36.73085,
            35.14037
          ],
          [
            36.73084,
            35.14037
          ],
          [
            36.73083,
            35.14036
          ],
          [
            36.73082,
            35.14036
          ],
          [
            36.73082,
            35.14035
          ],
          [
            36.73081,
            35.14035
          ],
          [
            36.7308,
            35.14034
          ],
          [
            36.7308,
            35.14033
          ],
          [
            36.73079,
            35.14032
          ],
          [
            36.73079,
            35.14031
          ],
          [
            36.73078,
            35.1403
          ],
          [
            36.73078,
            35.14029
          ],
          [
            36.73078,
            35.14028
          ],
          [
            36.73078,
            35.14027
          ],
          [
            36.73078,
            35.14026
          ],
          [
            36.73078,
            35.14025
          ],
          [
            36.73078,
            35.14024
          ],
          [
            36.73078,
            35.14023
          ],
          [
            36.73079,
            35.14022
          ],
          [
            36.73079,
            35.14021
          ],
          [
            36.7308,
            35.14021
          ],
          [
            36.7308,
            35.1402
          ],
          [
            36.73081,
            35.14019
          ],
          [
            36.73082,
            35.14018
          ],
          [
            36.73083,
            35.14018
          ],
          [
            36.73084,
            35.14017
          ],
          [
            36.73085,
            35.14016
          ],
          [
            36.73086,
            35.14016
          ],
          [
            36.73087,
            35.14016
          ],
          [
            36.73087,
            35.14015
          ],
          [
            36.73088,
            35.14015
          ],
          [
            36.73089,
            35.14015
          ],
          [
            36.7309,
            35.14015
          ],
          [
            36.73091,
            35.14015
          ],
          [
            36.73092,
            35.14015
          ],
          [
            36.73093,
            35.14015
          ],
          [
            36.73094,
            35.14015
          ],
          [
            36.73095,
            35.14015
          ],
          [
            36.73096,
            35.14015
          ],
          [
            36.73097,
            35.14015
          ],
          [
            36.73098,
            35.14015
          ],
          [
            36.73098,
            35.14016
          ],
          [
            36.73099,
            35.14016
          ],
          [
            36.731,
            35.14016
          ],
          [
            36.73101,
            35.14016
          ],
          [
            36.73101,
            35.14017
          ],
          [
            36.73102,
            35.14017
          ],
          [
            36.73103,
            35.14018
          ],
          [
            36.73104,
            35.14019
          ],
          [
            36.73113,
            35.1402
          ],
          [
            36.73129,
            35.14023
          ],
          [
            36.73237,
            35.14029
          ],
          [
            36.73249,
            35.1403
          ],
          [
            36.73266,
            35.1403
          ],
          [
            36.73282,
            35.14029
          ],
          [
            36.73302,
            35.14028
          ],
          [
            36.73317,
            35.14
          ],
          [
            36.73318,
            35.13999
          ],
          [
            36.73321,
            35.13993
          ],
          [
            36.73322,
            35.13986
          ],
          [
            36.73325,
            35.13979
          ],
          [
            36.73326,
            35.1397
          ],
          [
            36.73328,
            35.13952
          ],
          [
            36.73335,
            35.13898
          ],
          [
            36.73344,
            35.13827
          ],
          [
            36.73348,
            35.13791
          ],
          [
            36.73359,
            35.13699
          ],
          [
            36.73369,
            35.13628
          ],
          [
            36.73371,
            35.13612
          ],
          [
            36.7337,
            35.13589
          ],
          [
            36.73368,
            35.13567
          ],
          [
            36.73369,
            35.13556
          ],
          [
            36.73375,
            35.13537
          ],
          [
            36.73387,
            35.13439
          ],
          [
            36.73391,
            35.13405
          ],
          [
            36.73394,
            35.1339
          ],
          [
            36.73396,
            35.1338
          ],
          [
            36.73399,
            35.13372
          ],
          [
            36.73402,
            35.13363
          ],
          [
            36.73405,
            35.13355
          ],
          [
            36.73409,
            35.13347
          ],
          [
            36.73411,
            35.13343
          ],
          [
            36.73414,
            35.13338
          ],
          [
            36.73418,
            35.13332
          ],
          [
            36.73425,
            35.13321
          ],
          [
            36.73438,
            35.13304
          ],
          [
            36.73464,
            35.13279
          ],
          [
            36.73488,
            35.13258
          ],
          [
            36.73527,
            35.13226
          ],
          [
            36.73558,
            35.13203
          ],
          [
            36.7356,
            35.13199
          ],
          [
            36.73563,
            35.13193
          ],
          [
            36.73567,
            35.13188
          ],
          [
            36.73571,
            35.13184
          ],
          [
            36.73577,
            35.1318
          ],
          [
            36.73584,
            35.13176
          ],
          [
            36.73587,
            35.13175
          ],
          [
            36.73596,
            35.13172
          ],
          [
            36.73605,
            35.13172
          ],
          [
            36.73615,
            35.13173
          ],
          [
            36.73623,
            35.13175
          ],
          [
            36.7363,
            35.13178
          ],
          [
            36.73636,
            35.13181
          ],
          [
            36.73641,
            35.13184
          ],
          [
            36.73657,
            35.13186
          ],
          [
            36.73673,
            35.13188
          ],
          [
            36.73688,
            35.13189
          ],
          [
            36.73704,
            35.13188
          ],
          [
            36.73718,
            35.13187
          ],
          [
            36.73731,
            35.13184
          ],
          [
            36.73747,
            35.13179
          ],
          [
            36.73797,
            35.13159
          ],
          [
            36.73801,
            35.13156
          ],
          [
            36.73806,
            35.13153
          ],
          [
            36.73835,
            35.13142
          ],
          [
            36.73877,
            35.13126
          ],
          [
            36.73897,
            35.13118
          ],
          [
            36.73938,
            35.13098
          ],
          [
            36.73972,
            35.1308
          ],
          [
            36.73976,
            35.13078
          ],
          [
            36.74038,
            35.13045
          ],
          [
            36.74069,
            35.1303
          ],
          [
            36.74079,
            35.13023
          ],
          [
            36.74086,
            35.13019
          ],
          [
            36.74112,
            35.13
          ],
          [
            36.74136,
            35.12983
          ],
          [
            36.7416,
            35.12965
          ],
          [
            36.74174,
            35.12953
          ],
          [
            36.74194,
            35.12936
          ],
          [
            36.74214,
            35.12918
          ],
          [
            36.74232,
            35.12901
          ],
          [
            36.74241,
            35.12891
          ],
          [
            36.74249,
            35.12883
          ],
          [
            36.74256,
            35.12875
          ],
          [
            36.74262,
            35.12866
          ],
          [
            36.74269,
            35.12855
          ],
          [
            36.74273,
            35.12846
          ],
          [
            36.74279,
            35.12832
          ],
          [
            36.74281,
            35.12828
          ],
          [
            36.74288,
            35.12809
          ],
          [
            36.743,
            35.12776
          ],
          [
            36.74301,
            35.12773
          ],
          [
            36.74303,
            35.1277
          ],
          [
            36.74305,
            35.12745
          ],
          [
            36.74306,
            35.12733
          ],
          [
            36.74307,
            35.12722
          ],
          [
            36.74306,
            35.12705
          ],
          [
            36.74304,
            35.12691
          ],
          [
            36.74302,
            35.12678
          ],
          [
            36.743,
            35.12666
          ],
          [
            36.74323,
            35.1264
          ],
          [
            36.74378,
            35.12575
          ],
          [
            36.74394,
            35.12553
          ],
          [
            36.74416,
            35.12516
          ],
          [
            36.74447,
            35.12476
          ],
          [
            36.74458,
            35.12462
          ],
          [
            36.74498,
            35.1241
          ],
          [
            36.74529,
            35.12366
          ],
          [
            36.74559,
            35.12323
          ],
          [
            36.74573,
            35.12306
          ],
          [
            36.74582,
            35.12292
          ],
          [
            36.74587,
            35.12283
          ],
          [
            36.74591,
            35.12267
          ],
          [
            36.74593,
            35.12257
          ],
          [
            36.74593,
            35.12242
          ],
          [
            36.74591,
            35.12203
          ],
          [
            36.74634,
            35.1221
          ],
          [
            36.74679,
            35.12217
          ],
          [
            36.74701,
            35.12222
          ],
          [
            36.74727,
            35.12227
          ],
          [
            36.74752,
            35.1223
          ],
          [
            36.74754,
            35.1223
          ],
          [
            36.74806,
            35.12228
          ],
          [
            36.74816,
            35.12223
          ],
          [
            36.74819,
            35.12221
          ],
          [
            36.74822,
            35.12218
          ],
          [
            36.74824,
            35.12215
          ],
          [
            36.74827,
            35.12205
          ],
          [
            36.74815,
            35.12181
          ],
          [
            36.74795,
            35.12146
          ],
          [
            36.74797,
            35.12139
          ],
          [
            36.74799,
            35.12136
          ],
          [
            36.74801,
            35.12133
          ],
          [
            36.74804,
            35.12131
          ],
          [
            36.74809,
            35.12129
          ],
          [
            36.74813,
            35.12129
          ],
          [
            36.74816,
            35.12129
          ],
          [
            36.74817,
            35.12129
          ],
          [
            36.74819,
            35.1213
          ],
          [
            36.74822,
            35.12132
          ],
          [
            36.74825,
            35.12135
          ],
          [
            36.7483,
            35.12147
          ],
          [
            36.74829,
            35.12161
          ],
          [
            36.7483,
            35.12169
          ],
          [
            36.74831,
            35.12174
          ],
          [
            36.74832,
            35.12178
          ],
          [
            36.74834,
            35.12185
          ],
          [
            36.74854,
            35.12225
          ],
          [
            36.74864,
            35.12246
          ],
          [
            36.74886,
            35.12288
          ],
          [
            36.74889,
            35.12294
          ],
          [
            36.74901,
            35.12306
          ],
          [
            36.74903,
            35.12307
          ],
          [
            36.74904,
            35.12308
          ],
          [
            36.74905,
            35.12308
          ],
          [
            36.74907,
            35.12309
          ],
          [
            36.74908,
            35.12311
          ],
          [
            36.74909,
            35.12312
          ],
          [
            36.7491,
            35.12313
          ],
          [
            36.74911,
            35.12314
          ],
          [
            36.74912,
            35.12316
          ],
          [
            36.74912,
            35.12317
          ],
          [
            36.74913,
            35.12318
          ],
          [
            36.74913,
            35.1232
          ],
          [
            36.74913,
            35.12321
          ],
          [
            36.74913,
            35.12323
          ],
          [
            36.74913,
            35.12325
          ],
          [
            36.74934,
            35.12349
          ],
          [
            36.74978,
            35.12411
          ],
          [
            36.74983,
            35.12419
          ],
          [
            36.75009,
            35.12451
          ],
          [
            36.75046,
            35.12499
          ],
          [
            36.75069,
            35.12529
          ],
          [
            36.75096,
            35.12566
          ],
          [
            36.75097,
            35.12567
          ],
          [
            36.75107,
            35.12581
          ],
          [
            36.75125,
            35.12606
          ],
          [
            36.75134,
            35.12623
          ],
          [
            36.75136,
            35.12629
          ],
          [
            36.75137,
            35.12635
          ],
          [
            36.75139,
            35.1264
          ],
          [
            36.75142,
            35.12645
          ],
          [
            36.75145,
            35.12648
          ],
          [
            36.75148,
            35.12652
          ],
          [
            36.75152,
            35.12658
          ],
          [
            36.7516,
            35.12664
          ],
          [
            36.75168,
            35.1267
          ],
          [
            36.75178,
            35.1268
          ],
          [
            36.75191,
            35.12691
          ],
          [
            36.75205,
            35.12703
          ],
          [
            36.75218,
            35.12714
          ],
          [
            36.7522,
            35.12715
          ],
          [
            36.75231,
            35.12725
          ],
          [
            36.75241,
            35.12734
          ],
          [
            36.75314,
            35.12799
          ],
          [
            36.75331,
            35.12814
          ],
          [
            36.75338,
            35.1282
          ],
          [
            36.75358,
            35.12837
          ],
          [
            36.75374,
            35.1285
          ],
          [
            36.75378,
            35.12853
          ],
          [
            36.75384,
            35.12858
          ],
          [
            36.75396,
            35.12867
          ],
          [
            36.75439,
            35.12898
          ],
          [
            36.75453,
            35.12925
          ],
          [
            36.75456,
            35.12932
          ],
          [
            36.75459,
            35.12941
          ],
          [
            36.75461,
            35.12954
          ],
          [
            36.75463,
            35.12991
          ],
          [
            36.75463,
            35.13014
          ],
          [
            36.75463,
            35.1302
          ],
          [
            36.75461,
            35.1303
          ],
          [
            36.75458,
            35.13049
          ],
          [
            36.75456,
            35.1306
          ],
          [
            36.75456,
            35.13064
          ]
        ]
      },
      "properties": {
        "id": "hama-004",
        "nameAr": "خط العودة",
        "nameEn": "خط العودة",
        "type": "serafee",
        "colorIndex": 3,
        "notes": "",
        "priceOld": 2500,
        "priceNew": 25
      }
    },
    {
      "type": "Feature",
      "geometry": {
        "type": "LineString",
        "coordinates": [
          [
            36.7272,
            35.138
          ],
          [
            36.72712,
            35.13775
          ],
          [
            36.72708,
            35.13765
          ],
          [
            36.727,
            35.13738
          ],
          [
            36.72696,
            35.13727
          ],
          [
            36.72684,
            35.13686
          ],
          [
            36.7268,
            35.1367
          ],
          [
            36.72679,
            35.13669
          ],
          [
            36.72675,
            35.13651
          ],
          [
            36.72675,
            35.13648
          ],
          [
            36.72673,
            35.13636
          ],
          [
            36.72672,
            35.13621
          ],
          [
            36.72672,
            35.13607
          ],
          [
            36.72673,
            35.13597
          ],
          [
            36.72674,
            35.13592
          ],
          [
            36.72678,
            35.13578
          ],
          [
            36.72681,
            35.13567
          ],
          [
            36.72693,
            35.13542
          ],
          [
            36.72709,
            35.1351
          ],
          [
            36.72715,
            35.13497
          ],
          [
            36.72742,
            35.13443
          ],
          [
            36.72743,
            35.13441
          ],
          [
            36.72755,
            35.13422
          ],
          [
            36.72764,
            35.13413
          ],
          [
            36.72772,
            35.13407
          ],
          [
            36.72781,
            35.13401
          ],
          [
            36.72791,
            35.13397
          ],
          [
            36.72796,
            35.13395
          ],
          [
            36.72799,
            35.13394
          ],
          [
            36.72808,
            35.13393
          ],
          [
            36.7282,
            35.13393
          ],
          [
            36.7284,
            35.13395
          ],
          [
            36.72905,
            35.13401
          ],
          [
            36.72906,
            35.13396
          ],
          [
            36.72908,
            35.13392
          ],
          [
            36.72912,
            35.13389
          ],
          [
            36.72917,
            35.13387
          ],
          [
            36.72923,
            35.13386
          ],
          [
            36.7293,
            35.13388
          ],
          [
            36.72936,
            35.13391
          ],
          [
            36.72938,
            35.13397
          ],
          [
            36.72938,
            35.13403
          ],
          [
            36.72935,
            35.13407
          ],
          [
            36.72931,
            35.13411
          ],
          [
            36.72927,
            35.13413
          ],
          [
            36.7292,
            35.13413
          ],
          [
            36.72914,
            35.13454
          ],
          [
            36.72911,
            35.13472
          ],
          [
            36.72908,
            35.13491
          ],
          [
            36.72898,
            35.13563
          ],
          [
            36.72896,
            35.13575
          ],
          [
            36.72893,
            35.13599
          ],
          [
            36.72896,
            35.13626
          ],
          [
            36.72899,
            35.13633
          ],
          [
            36.72904,
            35.13646
          ],
          [
            36.72927,
            35.13679
          ],
          [
            36.72936,
            35.13693
          ],
          [
            36.72963,
            35.13732
          ]
        ]
      },
      "properties": {
        "id": "hama-005",
        "nameAr": "مسار نزلة البلدية ( اختياري حسب رواق الشوفير)",
        "nameEn": "مسار نزلة البلدية ( اختياري حسب رواق الشوفير)",
        "type": "serafee",
        "colorIndex": 4,
        "notes": "",
        "priceOld": 2500,
        "priceNew": 25
      }
    },
    {
      "type": "Feature",
      "geometry": {
        "type": "LineString",
        "coordinates": [
          [
            36.72681,
            35.14206
          ],
          [
            36.72681,
            35.14203
          ],
          [
            36.72681,
            35.14198
          ],
          [
            36.7265,
            35.14187
          ],
          [
            36.72531,
            35.14147
          ],
          [
            36.72522,
            35.14144
          ],
          [
            36.72495,
            35.14131
          ],
          [
            36.72489,
            35.14126
          ],
          [
            36.72469,
            35.1411
          ],
          [
            36.72468,
            35.14108
          ],
          [
            36.72453,
            35.14095
          ],
          [
            36.72453,
            35.14094
          ],
          [
            36.72443,
            35.14082
          ],
          [
            36.72441,
            35.14079
          ],
          [
            36.7244,
            35.14077
          ],
          [
            36.72434,
            35.14068
          ],
          [
            36.72427,
            35.14056
          ],
          [
            36.72422,
            35.14043
          ],
          [
            36.72419,
            35.1403
          ],
          [
            36.72417,
            35.14015
          ],
          [
            36.72417,
            35.14008
          ],
          [
            36.72417,
            35.14001
          ],
          [
            36.72418,
            35.13993
          ],
          [
            36.72418,
            35.13986
          ],
          [
            36.7242,
            35.13974
          ],
          [
            36.72422,
            35.13967
          ],
          [
            36.72424,
            35.13961
          ],
          [
            36.7243,
            35.13945
          ],
          [
            36.72439,
            35.13931
          ],
          [
            36.72444,
            35.13925
          ],
          [
            36.72447,
            35.13921
          ],
          [
            36.72456,
            35.13909
          ],
          [
            36.72466,
            35.13898
          ],
          [
            36.72476,
            35.1389
          ],
          [
            36.72477,
            35.13889
          ],
          [
            36.72488,
            35.13882
          ],
          [
            36.72495,
            35.13877
          ],
          [
            36.725,
            35.13874
          ],
          [
            36.72512,
            35.13868
          ],
          [
            36.72524,
            35.13863
          ],
          [
            36.72525,
            35.13863
          ],
          [
            36.72539,
            35.13857
          ],
          [
            36.72556,
            35.13852
          ],
          [
            36.72573,
            35.13848
          ],
          [
            36.72584,
            35.13845
          ],
          [
            36.72605,
            35.13841
          ],
          [
            36.72608,
            35.13841
          ],
          [
            36.72634,
            35.13835
          ],
          [
            36.7264,
            35.13833
          ],
          [
            36.72709,
            35.13821
          ]
        ]
      },
      "properties": {
        "id": "hama-006",
        "nameAr": "مسار نزلة طيبة (اختياري حسب رواق الشوفير)",
        "nameEn": "مسار نزلة طيبة (اختياري حسب رواق الشوفير)",
        "type": "serafee",
        "colorIndex": 5,
        "notes": "",
        "priceOld": 2500,
        "priceNew": 25
      }
    },
    {
      "type": "Feature",
      "geometry": {
        "type": "LineString",
        "coordinates": [
          [
            36.75457,
            35.13059
          ],
          [
            36.75456,
            35.1306
          ],
          [
            36.75455,
            35.13067
          ],
          [
            36.75453,
            35.13075
          ],
          [
            36.75451,
            35.13086
          ],
          [
            36.75448,
            35.13095
          ],
          [
            36.75448,
            35.13096
          ],
          [
            36.75445,
            35.13102
          ],
          [
            36.75441,
            35.13109
          ],
          [
            36.75436,
            35.13114
          ],
          [
            36.75431,
            35.1312
          ],
          [
            36.75425,
            35.13125
          ],
          [
            36.7542,
            35.13128
          ],
          [
            36.75414,
            35.13133
          ],
          [
            36.75398,
            35.13134
          ],
          [
            36.75397,
            35.13134
          ],
          [
            36.75385,
            35.13134
          ],
          [
            36.75373,
            35.13134
          ],
          [
            36.75353,
            35.13133
          ],
          [
            36.75316,
            35.1313
          ],
          [
            36.7529,
            35.13128
          ],
          [
            36.75229,
            35.13128
          ],
          [
            36.75201,
            35.13123
          ],
          [
            36.75189,
            35.1312
          ],
          [
            36.75131,
            35.13104
          ],
          [
            36.75126,
            35.13103
          ],
          [
            36.75101,
            35.13098
          ],
          [
            36.75083,
            35.13095
          ],
          [
            36.75072,
            35.13093
          ],
          [
            36.75053,
            35.1309
          ],
          [
            36.75031,
            35.13088
          ],
          [
            36.74971,
            35.13083
          ],
          [
            36.74959,
            35.13082
          ],
          [
            36.7494,
            35.13079
          ],
          [
            36.74922,
            35.13076
          ],
          [
            36.74879,
            35.1307
          ],
          [
            36.74867,
            35.13068
          ],
          [
            36.74862,
            35.13066
          ],
          [
            36.74859,
            35.13064
          ],
          [
            36.74858,
            35.13062
          ],
          [
            36.74855,
            35.13058
          ],
          [
            36.74858,
            35.13037
          ],
          [
            36.74859,
            35.13029
          ],
          [
            36.74861,
            35.13018
          ],
          [
            36.74862,
            35.13015
          ],
          [
            36.74864,
            35.13012
          ],
          [
            36.7487,
            35.13005
          ],
          [
            36.74881,
            35.12991
          ],
          [
            36.74885,
            35.12986
          ],
          [
            36.7489,
            35.12979
          ],
          [
            36.74898,
            35.12968
          ],
          [
            36.74903,
            35.12961
          ],
          [
            36.74919,
            35.12942
          ],
          [
            36.74935,
            35.1292
          ],
          [
            36.74946,
            35.12905
          ],
          [
            36.74952,
            35.12896
          ],
          [
            36.74974,
            35.12865
          ],
          [
            36.74998,
            35.12831
          ],
          [
            36.75016,
            35.12805
          ],
          [
            36.75022,
            35.12798
          ],
          [
            36.75033,
            35.12783
          ],
          [
            36.75062,
            35.12746
          ],
          [
            36.75085,
            35.12716
          ],
          [
            36.75089,
            35.12711
          ],
          [
            36.75103,
            35.12689
          ],
          [
            36.75105,
            35.12687
          ],
          [
            36.75122,
            35.12665
          ],
          [
            36.75126,
            35.12657
          ],
          [
            36.75127,
            35.1265
          ],
          [
            36.75127,
            35.12643
          ],
          [
            36.75126,
            35.12635
          ],
          [
            36.75122,
            35.12625
          ],
          [
            36.75113,
            35.12608
          ],
          [
            36.751,
            35.12589
          ],
          [
            36.75091,
            35.12577
          ],
          [
            36.75055,
            35.12532
          ],
          [
            36.75053,
            35.1253
          ],
          [
            36.75028,
            35.125
          ],
          [
            36.74992,
            35.12455
          ],
          [
            36.7498,
            35.1244
          ],
          [
            36.74968,
            35.12425
          ],
          [
            36.74956,
            35.1241
          ],
          [
            36.7492,
            35.12365
          ],
          [
            36.74919,
            35.12363
          ],
          [
            36.74895,
            35.1234
          ],
          [
            36.74893,
            35.1234
          ],
          [
            36.74892,
            35.1234
          ],
          [
            36.7489,
            35.1234
          ],
          [
            36.74888,
            35.1234
          ],
          [
            36.74887,
            35.1234
          ],
          [
            36.74885,
            35.1234
          ],
          [
            36.74883,
            35.12339
          ],
          [
            36.74882,
            35.12339
          ],
          [
            36.7488,
            35.12338
          ],
          [
            36.74879,
            35.12337
          ],
          [
            36.74877,
            35.12336
          ],
          [
            36.74876,
            35.12336
          ],
          [
            36.74875,
            35.12334
          ],
          [
            36.74873,
            35.12333
          ],
          [
            36.74872,
            35.12332
          ],
          [
            36.74871,
            35.12331
          ],
          [
            36.74871,
            35.1233
          ],
          [
            36.7487,
            35.12328
          ],
          [
            36.74869,
            35.12327
          ],
          [
            36.74869,
            35.12325
          ],
          [
            36.74869,
            35.12324
          ],
          [
            36.74869,
            35.12321
          ],
          [
            36.74864,
            35.12312
          ],
          [
            36.74862,
            35.12308
          ],
          [
            36.74859,
            35.12297
          ],
          [
            36.74854,
            35.12283
          ],
          [
            36.74846,
            35.12249
          ],
          [
            36.74827,
            35.12205
          ],
          [
            36.74815,
            35.12181
          ],
          [
            36.74795,
            35.12146
          ],
          [
            36.7479,
            35.12136
          ],
          [
            36.74786,
            35.1213
          ],
          [
            36.74778,
            35.1212
          ],
          [
            36.74774,
            35.12115
          ],
          [
            36.74768,
            35.1211
          ],
          [
            36.74761,
            35.12106
          ],
          [
            36.74752,
            35.12102
          ],
          [
            36.74745,
            35.12099
          ],
          [
            36.74728,
            35.12094
          ],
          [
            36.74713,
            35.1209
          ],
          [
            36.74667,
            35.1208
          ],
          [
            36.74649,
            35.12077
          ],
          [
            36.74629,
            35.12073
          ],
          [
            36.74604,
            35.12066
          ],
          [
            36.74589,
            35.12059
          ],
          [
            36.74573,
            35.12052
          ],
          [
            36.74569,
            35.12055
          ],
          [
            36.74565,
            35.12056
          ],
          [
            36.74561,
            35.12056
          ],
          [
            36.74557,
            35.12056
          ],
          [
            36.74553,
            35.12056
          ],
          [
            36.74548,
            35.12055
          ],
          [
            36.74545,
            35.12054
          ],
          [
            36.74542,
            35.12052
          ],
          [
            36.74539,
            35.1205
          ],
          [
            36.74538,
            35.12048
          ],
          [
            36.74536,
            35.12046
          ],
          [
            36.74534,
            35.12043
          ],
          [
            36.74523,
            35.12038
          ],
          [
            36.74513,
            35.12033
          ],
          [
            36.74501,
            35.12028
          ],
          [
            36.74476,
            35.12022
          ],
          [
            36.74425,
            35.12011
          ],
          [
            36.74361,
            35.11998
          ],
          [
            36.74342,
            35.11993
          ],
          [
            36.7434,
            35.11993
          ],
          [
            36.74322,
            35.1199
          ],
          [
            36.74308,
            35.11987
          ],
          [
            36.74286,
            35.11983
          ],
          [
            36.7427,
            35.11981
          ],
          [
            36.74252,
            35.11979
          ],
          [
            36.74226,
            35.11978
          ],
          [
            36.74201,
            35.11977
          ],
          [
            36.74186,
            35.11978
          ],
          [
            36.74174,
            35.11978
          ],
          [
            36.74149,
            35.11978
          ],
          [
            36.74143,
            35.11978
          ],
          [
            36.74125,
            35.11978
          ],
          [
            36.74075,
            35.11979
          ],
          [
            36.74041,
            35.11981
          ],
          [
            36.74028,
            35.11982
          ],
          [
            36.74014,
            35.11983
          ],
          [
            36.73997,
            35.11986
          ],
          [
            36.73983,
            35.1199
          ],
          [
            36.73965,
            35.11995
          ],
          [
            36.73962,
            35.11999
          ],
          [
            36.73962,
            35.12
          ],
          [
            36.7396,
            35.12002
          ],
          [
            36.73956,
            35.12004
          ],
          [
            36.73952,
            35.12006
          ],
          [
            36.73946,
            35.12007
          ],
          [
            36.73939,
            35.12008
          ],
          [
            36.73931,
            35.12009
          ],
          [
            36.7392,
            35.12009
          ],
          [
            36.7391,
            35.12009
          ],
          [
            36.73902,
            35.12008
          ],
          [
            36.73896,
            35.12007
          ],
          [
            36.7389,
            35.12006
          ],
          [
            36.73886,
            35.12004
          ],
          [
            36.73882,
            35.12001
          ],
          [
            36.73879,
            35.11997
          ],
          [
            36.73878,
            35.11993
          ],
          [
            36.73877,
            35.11991
          ],
          [
            36.73877,
            35.11987
          ],
          [
            36.73878,
            35.11983
          ],
          [
            36.73879,
            35.1198
          ],
          [
            36.73881,
            35.11977
          ],
          [
            36.73884,
            35.11974
          ],
          [
            36.7389,
            35.11972
          ],
          [
            36.73899,
            35.1197
          ],
          [
            36.73912,
            35.11969
          ],
          [
            36.73932,
            35.11968
          ],
          [
            36.73945,
            35.11968
          ],
          [
            36.73956,
            35.11972
          ],
          [
            36.7396,
            35.11973
          ],
          [
            36.73962,
            35.11976
          ],
          [
            36.73964,
            35.11978
          ],
          [
            36.73966,
            35.1198
          ],
          [
            36.73967,
            35.11985
          ],
          [
            36.73968,
            35.11988
          ],
          [
            36.73967,
            35.11992
          ],
          [
            36.73965,
            35.11995
          ],
          [
            36.73964,
            35.12018
          ],
          [
            36.73963,
            35.12046
          ],
          [
            36.73963,
            35.12064
          ],
          [
            36.73956,
            35.12103
          ],
          [
            36.73954,
            35.12113
          ],
          [
            36.73949,
            35.12147
          ],
          [
            36.73945,
            35.1217
          ],
          [
            36.73942,
            35.12216
          ],
          [
            36.73941,
            35.12227
          ],
          [
            36.7394,
            35.12241
          ],
          [
            36.73941,
            35.12255
          ],
          [
            36.73942,
            35.12265
          ],
          [
            36.73944,
            35.12275
          ],
          [
            36.73946,
            35.12302
          ],
          [
            36.73989,
            35.12331
          ],
          [
            36.73995,
            35.12334
          ],
          [
            36.74,
            35.12337
          ],
          [
            36.74002,
            35.12338
          ],
          [
            36.74003,
            35.12339
          ],
          [
            36.74004,
            35.12341
          ],
          [
            36.74005,
            35.12342
          ],
          [
            36.74005,
            35.12344
          ],
          [
            36.74006,
            35.12345
          ],
          [
            36.74006,
            35.12347
          ],
          [
            36.74007,
            35.12348
          ],
          [
            36.74006,
            35.12353
          ],
          [
            36.74006,
            35.12356
          ],
          [
            36.74004,
            35.12358
          ],
          [
            36.74002,
            35.12361
          ],
          [
            36.74,
            35.12363
          ],
          [
            36.73997,
            35.12365
          ],
          [
            36.73993,
            35.12367
          ],
          [
            36.73992,
            35.12367
          ],
          [
            36.7399,
            35.12368
          ],
          [
            36.73986,
            35.12368
          ],
          [
            36.73988,
            35.12383
          ],
          [
            36.73988,
            35.12402
          ],
          [
            36.73987,
            35.12422
          ],
          [
            36.73985,
            35.12456
          ],
          [
            36.73983,
            35.1248
          ],
          [
            36.73982,
            35.12487
          ],
          [
            36.7398,
            35.12493
          ],
          [
            36.7398,
            35.12495
          ],
          [
            36.73976,
            35.12504
          ],
          [
            36.73959,
            35.12538
          ],
          [
            36.73939,
            35.12577
          ],
          [
            36.73904,
            35.12644
          ],
          [
            36.73854,
            35.12744
          ],
          [
            36.73816,
            35.12823
          ],
          [
            36.73812,
            35.12829
          ],
          [
            36.73817,
            35.12831
          ],
          [
            36.73812,
            35.12829
          ],
          [
            36.7381,
            35.12834
          ],
          [
            36.73793,
            35.12829
          ],
          [
            36.73796,
            35.12824
          ],
          [
            36.73734,
            35.12803
          ],
          [
            36.73673,
            35.12782
          ],
          [
            36.73637,
            35.1277
          ],
          [
            36.736,
            35.12758
          ],
          [
            36.73571,
            35.12818
          ],
          [
            36.73564,
            35.12832
          ],
          [
            36.73529,
            35.12907
          ],
          [
            36.73515,
            35.12933
          ],
          [
            36.73495,
            35.12969
          ],
          [
            36.73479,
            35.13009
          ],
          [
            36.73478,
            35.13009
          ],
          [
            36.73408,
            35.12985
          ],
          [
            36.73372,
            35.12973
          ],
          [
            36.73364,
            35.12971
          ],
          [
            36.73324,
            35.12958
          ],
          [
            36.73259,
            35.12938
          ],
          [
            36.73188,
            35.12912
          ],
          [
            36.73142,
            35.12979
          ],
          [
            36.73131,
            35.12996
          ],
          [
            36.73124,
            35.13006
          ],
          [
            36.73117,
            35.13019
          ],
          [
            36.73125,
            35.13023
          ],
          [
            36.73141,
            35.13029
          ],
          [
            36.73167,
            35.13039
          ],
          [
            36.732,
            35.1305
          ],
          [
            36.7322,
            35.13057
          ],
          [
            36.73274,
            35.13075
          ],
          [
            36.73322,
            35.13091
          ],
          [
            36.73383,
            35.13112
          ],
          [
            36.73403,
            35.13119
          ],
          [
            36.73422,
            35.13125
          ],
          [
            36.73462,
            35.13138
          ],
          [
            36.73493,
            35.13149
          ],
          [
            36.73516,
            35.13156
          ],
          [
            36.73548,
            35.13165
          ],
          [
            36.73561,
            35.13168
          ],
          [
            36.73577,
            35.1317
          ],
          [
            36.73596,
            35.13172
          ]
        ]
      },
      "properties": {
        "id": "hama-007",
        "nameAr": "مسار الذهاب",
        "nameEn": "مسار الذهاب",
        "type": "serafee",
        "colorIndex": 6,
        "notes": "",
        "priceOld": 2500,
        "priceNew": 25
      }
    },
    {
      "type": "Feature",
      "geometry": {
        "type": "LineString",
        "coordinates": [
          [
            36.73598,
            35.13171
          ],
          [
            36.73606,
            35.13167
          ],
          [
            36.73615,
            35.13162
          ],
          [
            36.73623,
            35.13157
          ],
          [
            36.7363,
            35.1315
          ],
          [
            36.73636,
            35.13144
          ],
          [
            36.73641,
            35.13136
          ],
          [
            36.73645,
            35.13129
          ],
          [
            36.73685,
            35.13049
          ],
          [
            36.73703,
            35.13011
          ],
          [
            36.73723,
            35.1297
          ],
          [
            36.73768,
            35.12882
          ],
          [
            36.73793,
            35.12829
          ],
          [
            36.73796,
            35.12824
          ],
          [
            36.73799,
            35.12818
          ],
          [
            36.73825,
            35.1276
          ],
          [
            36.73866,
            35.12683
          ],
          [
            36.73887,
            35.12639
          ],
          [
            36.73929,
            35.12558
          ],
          [
            36.73948,
            35.1252
          ],
          [
            36.7396,
            35.12496
          ],
          [
            36.73964,
            35.12485
          ],
          [
            36.73964,
            35.12482
          ],
          [
            36.73967,
            35.12464
          ],
          [
            36.73968,
            35.12439
          ],
          [
            36.7397,
            35.12393
          ],
          [
            36.7397,
            35.12378
          ],
          [
            36.73971,
            35.12365
          ],
          [
            36.73967,
            35.12362
          ],
          [
            36.73964,
            35.12359
          ],
          [
            36.73963,
            35.12358
          ],
          [
            36.73963,
            35.12357
          ],
          [
            36.73962,
            35.12355
          ],
          [
            36.73962,
            35.12354
          ],
          [
            36.73961,
            35.12352
          ],
          [
            36.73956,
            35.12349
          ],
          [
            36.73923,
            35.12328
          ],
          [
            36.73911,
            35.1232
          ],
          [
            36.73912,
            35.12299
          ],
          [
            36.73911,
            35.12294
          ],
          [
            36.73911,
            35.12291
          ],
          [
            36.73912,
            35.12278
          ],
          [
            36.73916,
            35.12221
          ],
          [
            36.7392,
            35.12172
          ],
          [
            36.73924,
            35.12123
          ],
          [
            36.73928,
            35.12081
          ],
          [
            36.73928,
            35.12074
          ],
          [
            36.73929,
            35.12039
          ],
          [
            36.73928,
            35.12029
          ],
          [
            36.73926,
            35.12024
          ],
          [
            36.73921,
            35.12018
          ],
          [
            36.73916,
            35.12014
          ],
          [
            36.7391,
            35.12009
          ],
          [
            36.73902,
            35.12008
          ],
          [
            36.73896,
            35.12007
          ],
          [
            36.7389,
            35.12006
          ],
          [
            36.73886,
            35.12004
          ],
          [
            36.73882,
            35.12001
          ],
          [
            36.73879,
            35.11997
          ],
          [
            36.73878,
            35.11993
          ],
          [
            36.73877,
            35.11991
          ],
          [
            36.73877,
            35.11987
          ],
          [
            36.73878,
            35.11983
          ],
          [
            36.73879,
            35.1198
          ],
          [
            36.73881,
            35.11977
          ],
          [
            36.73884,
            35.11974
          ],
          [
            36.7389,
            35.11972
          ],
          [
            36.73899,
            35.1197
          ],
          [
            36.73912,
            35.11969
          ],
          [
            36.73914,
            35.11969
          ],
          [
            36.73932,
            35.11968
          ],
          [
            36.73945,
            35.11968
          ],
          [
            36.73956,
            35.11972
          ],
          [
            36.73977,
            35.11968
          ],
          [
            36.74007,
            35.11967
          ],
          [
            36.74029,
            35.11966
          ],
          [
            36.74051,
            35.11965
          ],
          [
            36.74059,
            35.11964
          ],
          [
            36.74072,
            35.11965
          ],
          [
            36.74085,
            35.11966
          ],
          [
            36.74116,
            35.11966
          ],
          [
            36.74182,
            35.11965
          ],
          [
            36.74204,
            35.11965
          ],
          [
            36.74221,
            35.11965
          ],
          [
            36.74226,
            35.11965
          ],
          [
            36.74248,
            35.11967
          ],
          [
            36.74252,
            35.11967
          ],
          [
            36.74269,
            35.11968
          ],
          [
            36.7427,
            35.11968
          ],
          [
            36.74288,
            35.1197
          ],
          [
            36.74309,
            35.11974
          ],
          [
            36.74335,
            35.11979
          ],
          [
            36.74353,
            35.11982
          ],
          [
            36.74404,
            35.11993
          ],
          [
            36.74462,
            35.12006
          ],
          [
            36.74488,
            35.12012
          ],
          [
            36.74504,
            35.12016
          ],
          [
            36.74518,
            35.12018
          ],
          [
            36.7454,
            35.12022
          ],
          [
            36.74544,
            35.1202
          ],
          [
            36.74548,
            35.12019
          ],
          [
            36.74553,
            35.12018
          ],
          [
            36.74558,
            35.12018
          ],
          [
            36.74564,
            35.12019
          ],
          [
            36.74568,
            35.12022
          ],
          [
            36.74575,
            35.12026
          ],
          [
            36.74605,
            35.12038
          ],
          [
            36.74631,
            35.12044
          ],
          [
            36.74679,
            35.12055
          ],
          [
            36.747,
            35.1206
          ],
          [
            36.74721,
            35.12065
          ],
          [
            36.74742,
            35.1207
          ],
          [
            36.74753,
            35.12072
          ],
          [
            36.74764,
            35.12075
          ],
          [
            36.74827,
            35.12089
          ],
          [
            36.74863,
            35.12097
          ],
          [
            36.749,
            35.12105
          ],
          [
            36.74933,
            35.12113
          ],
          [
            36.74955,
            35.12117
          ],
          [
            36.7498,
            35.12123
          ],
          [
            36.75091,
            35.12152
          ],
          [
            36.75186,
            35.1218
          ],
          [
            36.75201,
            35.12185
          ],
          [
            36.75207,
            35.12192
          ],
          [
            36.75208,
            35.122
          ],
          [
            36.75207,
            35.12206
          ],
          [
            36.75202,
            35.12214
          ],
          [
            36.75182,
            35.12233
          ],
          [
            36.75113,
            35.12256
          ],
          [
            36.75092,
            35.12262
          ],
          [
            36.75072,
            35.12269
          ],
          [
            36.75022,
            35.12286
          ],
          [
            36.74991,
            35.12296
          ],
          [
            36.74954,
            35.12309
          ],
          [
            36.74913,
            35.12325
          ],
          [
            36.7493,
            35.12344
          ],
          [
            36.74934,
            35.12349
          ],
          [
            36.74978,
            35.12411
          ],
          [
            36.74983,
            35.12419
          ],
          [
            36.75009,
            35.12451
          ],
          [
            36.75046,
            35.12499
          ],
          [
            36.75069,
            35.12529
          ],
          [
            36.75096,
            35.12566
          ],
          [
            36.75097,
            35.12567
          ],
          [
            36.75107,
            35.12581
          ],
          [
            36.75125,
            35.12606
          ],
          [
            36.75134,
            35.12623
          ],
          [
            36.75136,
            35.12629
          ],
          [
            36.75137,
            35.12635
          ],
          [
            36.75139,
            35.1264
          ],
          [
            36.75142,
            35.12645
          ],
          [
            36.75145,
            35.12648
          ],
          [
            36.75148,
            35.12652
          ],
          [
            36.75152,
            35.12658
          ],
          [
            36.7516,
            35.12664
          ],
          [
            36.75168,
            35.1267
          ],
          [
            36.75178,
            35.1268
          ],
          [
            36.75191,
            35.12691
          ],
          [
            36.75205,
            35.12703
          ],
          [
            36.75218,
            35.12714
          ],
          [
            36.7522,
            35.12715
          ],
          [
            36.75231,
            35.12725
          ],
          [
            36.75241,
            35.12734
          ],
          [
            36.75314,
            35.12799
          ],
          [
            36.75331,
            35.12814
          ],
          [
            36.75338,
            35.1282
          ],
          [
            36.75358,
            35.12837
          ],
          [
            36.75374,
            35.1285
          ],
          [
            36.75378,
            35.12853
          ],
          [
            36.75384,
            35.12858
          ],
          [
            36.75396,
            35.12867
          ],
          [
            36.75439,
            35.12898
          ],
          [
            36.75453,
            35.12925
          ],
          [
            36.75456,
            35.12932
          ],
          [
            36.75459,
            35.12941
          ],
          [
            36.75461,
            35.12954
          ],
          [
            36.75463,
            35.12991
          ],
          [
            36.75463,
            35.13014
          ],
          [
            36.75463,
            35.1302
          ],
          [
            36.75461,
            35.1303
          ],
          [
            36.75458,
            35.13049
          ],
          [
            36.75457,
            35.13059
          ]
        ]
      },
      "properties": {
        "id": "hama-008",
        "nameAr": "مسار العودة",
        "nameEn": "مسار العودة",
        "type": "serafee",
        "colorIndex": 7,
        "notes": "",
        "priceOld": 2500,
        "priceNew": 25
      }
    },
    {
      "type": "Feature",
      "geometry": {
        "type": "LineString",
        "coordinates": [
          [
            36.75457,
            35.13059
          ],
          [
            36.75456,
            35.1306
          ],
          [
            36.75455,
            35.13067
          ],
          [
            36.75453,
            35.13075
          ],
          [
            36.75451,
            35.13086
          ],
          [
            36.75448,
            35.13095
          ],
          [
            36.75448,
            35.13096
          ],
          [
            36.75445,
            35.13102
          ],
          [
            36.75441,
            35.13109
          ],
          [
            36.75436,
            35.13114
          ],
          [
            36.75431,
            35.1312
          ],
          [
            36.75425,
            35.13125
          ],
          [
            36.7542,
            35.13128
          ],
          [
            36.75414,
            35.13133
          ],
          [
            36.75398,
            35.13134
          ],
          [
            36.75397,
            35.13134
          ],
          [
            36.75385,
            35.13134
          ],
          [
            36.75373,
            35.13134
          ],
          [
            36.75353,
            35.13133
          ],
          [
            36.75316,
            35.1313
          ],
          [
            36.7529,
            35.13128
          ],
          [
            36.75229,
            35.13128
          ],
          [
            36.75201,
            35.13123
          ],
          [
            36.75189,
            35.1312
          ],
          [
            36.75131,
            35.13104
          ],
          [
            36.75126,
            35.13103
          ],
          [
            36.75101,
            35.13098
          ],
          [
            36.75083,
            35.13095
          ],
          [
            36.75072,
            35.13093
          ],
          [
            36.75053,
            35.1309
          ],
          [
            36.75031,
            35.13088
          ],
          [
            36.74971,
            35.13083
          ],
          [
            36.74959,
            35.13082
          ],
          [
            36.7494,
            35.13079
          ],
          [
            36.74922,
            35.13076
          ],
          [
            36.74879,
            35.1307
          ],
          [
            36.74867,
            35.13068
          ],
          [
            36.74862,
            35.13066
          ],
          [
            36.74859,
            35.13064
          ],
          [
            36.74858,
            35.13062
          ],
          [
            36.74855,
            35.13058
          ],
          [
            36.74858,
            35.13037
          ],
          [
            36.74859,
            35.13029
          ],
          [
            36.74861,
            35.13018
          ],
          [
            36.74862,
            35.13015
          ],
          [
            36.74864,
            35.13012
          ],
          [
            36.7487,
            35.13005
          ],
          [
            36.74881,
            35.12991
          ],
          [
            36.74885,
            35.12986
          ],
          [
            36.7489,
            35.12979
          ],
          [
            36.74898,
            35.12968
          ],
          [
            36.74903,
            35.12961
          ],
          [
            36.74919,
            35.12942
          ],
          [
            36.74935,
            35.1292
          ],
          [
            36.74946,
            35.12905
          ],
          [
            36.74952,
            35.12896
          ],
          [
            36.74974,
            35.12865
          ],
          [
            36.74998,
            35.12831
          ],
          [
            36.75016,
            35.12805
          ],
          [
            36.75022,
            35.12798
          ],
          [
            36.75033,
            35.12783
          ],
          [
            36.75062,
            35.12746
          ],
          [
            36.75085,
            35.12716
          ],
          [
            36.75089,
            35.12711
          ],
          [
            36.75103,
            35.12689
          ],
          [
            36.75105,
            35.12687
          ],
          [
            36.75122,
            35.12665
          ],
          [
            36.75126,
            35.12657
          ],
          [
            36.75127,
            35.1265
          ],
          [
            36.75127,
            35.12643
          ],
          [
            36.75126,
            35.12635
          ],
          [
            36.75122,
            35.12625
          ],
          [
            36.75113,
            35.12608
          ],
          [
            36.751,
            35.12589
          ],
          [
            36.75091,
            35.12577
          ],
          [
            36.75055,
            35.12532
          ],
          [
            36.75053,
            35.1253
          ],
          [
            36.75028,
            35.125
          ],
          [
            36.74992,
            35.12455
          ],
          [
            36.7498,
            35.1244
          ],
          [
            36.74968,
            35.12425
          ],
          [
            36.74956,
            35.1241
          ],
          [
            36.7492,
            35.12365
          ],
          [
            36.74919,
            35.12363
          ],
          [
            36.74895,
            35.1234
          ],
          [
            36.74893,
            35.1234
          ],
          [
            36.74892,
            35.1234
          ],
          [
            36.7489,
            35.1234
          ],
          [
            36.74888,
            35.1234
          ],
          [
            36.74887,
            35.1234
          ],
          [
            36.74885,
            35.1234
          ],
          [
            36.74883,
            35.12339
          ],
          [
            36.74882,
            35.12339
          ],
          [
            36.7488,
            35.12338
          ],
          [
            36.74879,
            35.12337
          ],
          [
            36.74877,
            35.12336
          ],
          [
            36.74876,
            35.12336
          ],
          [
            36.74875,
            35.12334
          ],
          [
            36.74873,
            35.12333
          ],
          [
            36.74872,
            35.12332
          ],
          [
            36.74871,
            35.12331
          ],
          [
            36.74871,
            35.1233
          ],
          [
            36.7487,
            35.12328
          ],
          [
            36.74869,
            35.12327
          ],
          [
            36.74869,
            35.12325
          ],
          [
            36.74869,
            35.12324
          ],
          [
            36.74869,
            35.12321
          ],
          [
            36.74864,
            35.12312
          ],
          [
            36.74862,
            35.12308
          ],
          [
            36.74859,
            35.12297
          ],
          [
            36.74854,
            35.12283
          ],
          [
            36.74846,
            35.12249
          ],
          [
            36.74827,
            35.12205
          ],
          [
            36.74815,
            35.12181
          ],
          [
            36.74795,
            35.12146
          ],
          [
            36.7479,
            35.12136
          ],
          [
            36.74786,
            35.1213
          ],
          [
            36.74778,
            35.1212
          ],
          [
            36.74774,
            35.12115
          ],
          [
            36.74768,
            35.1211
          ],
          [
            36.74761,
            35.12106
          ],
          [
            36.74752,
            35.12102
          ],
          [
            36.74745,
            35.12099
          ],
          [
            36.74728,
            35.12094
          ],
          [
            36.74713,
            35.1209
          ],
          [
            36.74667,
            35.1208
          ],
          [
            36.74649,
            35.12077
          ],
          [
            36.74629,
            35.12073
          ],
          [
            36.74604,
            35.12066
          ],
          [
            36.74589,
            35.12059
          ],
          [
            36.74573,
            35.12052
          ],
          [
            36.74569,
            35.12055
          ],
          [
            36.74565,
            35.12056
          ],
          [
            36.74561,
            35.12056
          ],
          [
            36.74557,
            35.12056
          ],
          [
            36.74553,
            35.12056
          ],
          [
            36.74548,
            35.12055
          ],
          [
            36.74545,
            35.12054
          ],
          [
            36.74542,
            35.12052
          ],
          [
            36.74539,
            35.1205
          ],
          [
            36.74538,
            35.12048
          ],
          [
            36.74536,
            35.12046
          ],
          [
            36.74534,
            35.12043
          ],
          [
            36.74523,
            35.12038
          ],
          [
            36.74513,
            35.12033
          ],
          [
            36.74501,
            35.12028
          ],
          [
            36.74476,
            35.12022
          ],
          [
            36.74425,
            35.12011
          ],
          [
            36.74361,
            35.11998
          ],
          [
            36.74342,
            35.11993
          ],
          [
            36.7434,
            35.11993
          ],
          [
            36.74322,
            35.1199
          ],
          [
            36.74308,
            35.11987
          ],
          [
            36.74286,
            35.11983
          ],
          [
            36.7427,
            35.11981
          ],
          [
            36.74252,
            35.11979
          ],
          [
            36.74226,
            35.11978
          ],
          [
            36.74201,
            35.11977
          ],
          [
            36.74186,
            35.11978
          ],
          [
            36.74174,
            35.11978
          ],
          [
            36.74149,
            35.11978
          ],
          [
            36.74143,
            35.11978
          ],
          [
            36.74125,
            35.11978
          ],
          [
            36.74075,
            35.11979
          ],
          [
            36.74041,
            35.11981
          ],
          [
            36.74028,
            35.11982
          ],
          [
            36.74014,
            35.11983
          ],
          [
            36.73997,
            35.11986
          ],
          [
            36.73983,
            35.1199
          ],
          [
            36.73965,
            35.11995
          ],
          [
            36.73962,
            35.11999
          ],
          [
            36.7396,
            35.12002
          ],
          [
            36.73956,
            35.12004
          ],
          [
            36.73952,
            35.12006
          ],
          [
            36.73946,
            35.12007
          ],
          [
            36.73939,
            35.12008
          ],
          [
            36.73931,
            35.12009
          ],
          [
            36.7392,
            35.12009
          ],
          [
            36.7391,
            35.12009
          ],
          [
            36.73902,
            35.12008
          ],
          [
            36.73896,
            35.12007
          ],
          [
            36.7389,
            35.12006
          ],
          [
            36.73886,
            35.12004
          ],
          [
            36.73882,
            35.12001
          ],
          [
            36.73879,
            35.11997
          ],
          [
            36.73878,
            35.11993
          ],
          [
            36.73877,
            35.11991
          ],
          [
            36.73877,
            35.11987
          ],
          [
            36.73878,
            35.11983
          ],
          [
            36.73879,
            35.1198
          ],
          [
            36.73881,
            35.11977
          ],
          [
            36.73884,
            35.11974
          ],
          [
            36.7389,
            35.11972
          ],
          [
            36.73899,
            35.1197
          ],
          [
            36.73912,
            35.11969
          ],
          [
            36.73914,
            35.11969
          ],
          [
            36.73932,
            35.11968
          ],
          [
            36.73932,
            35.11948
          ],
          [
            36.73932,
            35.11915
          ],
          [
            36.73932,
            35.11887
          ],
          [
            36.73929,
            35.11825
          ],
          [
            36.73927,
            35.11784
          ],
          [
            36.73926,
            35.1177
          ],
          [
            36.73922,
            35.11686
          ],
          [
            36.7392,
            35.11644
          ],
          [
            36.73919,
            35.11605
          ],
          [
            36.73918,
            35.11595
          ],
          [
            36.73916,
            35.11492
          ],
          [
            36.73911,
            35.1142
          ],
          [
            36.73911,
            35.11407
          ],
          [
            36.73907,
            35.11349
          ],
          [
            36.73907,
            35.11339
          ],
          [
            36.73905,
            35.11286
          ],
          [
            36.73904,
            35.11263
          ],
          [
            36.73901,
            35.11195
          ],
          [
            36.739,
            35.11191
          ],
          [
            36.73899,
            35.11111
          ],
          [
            36.73897,
            35.11057
          ],
          [
            36.73895,
            35.11012
          ],
          [
            36.73895,
            35.11007
          ],
          [
            36.73893,
            35.10947
          ],
          [
            36.73892,
            35.10918
          ],
          [
            36.73889,
            35.10846
          ],
          [
            36.73819,
            35.10848
          ],
          [
            36.73785,
            35.10848
          ],
          [
            36.73785,
            35.10835
          ],
          [
            36.73931,
            35.10829
          ],
          [
            36.73981,
            35.10827
          ],
          [
            36.7401,
            35.10826
          ],
          [
            36.74012,
            35.10843
          ],
          [
            36.73969,
            35.10844
          ],
          [
            36.73943,
            35.10845
          ],
          [
            36.73906,
            35.10846
          ],
          [
            36.73906,
            35.10847
          ],
          [
            36.73907,
            35.10883
          ],
          [
            36.73911,
            35.10963
          ],
          [
            36.73912,
            35.11
          ],
          [
            36.73913,
            35.11009
          ],
          [
            36.73913,
            35.11012
          ],
          [
            36.7401,
            35.1101
          ],
          [
            36.74031,
            35.1101
          ],
          [
            36.74124,
            35.11007
          ],
          [
            36.7417,
            35.11006
          ],
          [
            36.74179,
            35.11006
          ],
          [
            36.74238,
            35.11005
          ],
          [
            36.74249,
            35.11005
          ],
          [
            36.74293,
            35.11004
          ],
          [
            36.74299,
            35.11004
          ],
          [
            36.74387,
            35.11002
          ],
          [
            36.74448,
            35.11
          ],
          [
            36.74475,
            35.10999
          ],
          [
            36.74556,
            35.10998
          ],
          [
            36.74564,
            35.10998
          ],
          [
            36.74571,
            35.10997
          ],
          [
            36.74653,
            35.10996
          ],
          [
            36.7466,
            35.10954
          ],
          [
            36.7466,
            35.10947
          ],
          [
            36.74663,
            35.1091
          ],
          [
            36.74663,
            35.10905
          ],
          [
            36.74666,
            35.10822
          ],
          [
            36.74666,
            35.1082
          ],
          [
            36.74628,
            35.10822
          ],
          [
            36.74569,
            35.10824
          ],
          [
            36.74555,
            35.10825
          ],
          [
            36.74503,
            35.10827
          ],
          [
            36.74459,
            35.10829
          ],
          [
            36.74387,
            35.10831
          ],
          [
            36.7431,
            35.10834
          ],
          [
            36.74244,
            35.10836
          ],
          [
            36.74234,
            35.10837
          ],
          [
            36.7423,
            35.10837
          ],
          [
            36.74117,
            35.1084
          ],
          [
            36.74073,
            35.10841
          ],
          [
            36.74024,
            35.10842
          ],
          [
            36.74012,
            35.10843
          ],
          [
            36.73969,
            35.10844
          ],
          [
            36.73943,
            35.10845
          ],
          [
            36.73906,
            35.10846
          ],
          [
            36.73906,
            35.10847
          ],
          [
            36.73907,
            35.10883
          ],
          [
            36.73911,
            35.10963
          ],
          [
            36.73912,
            35.11
          ],
          [
            36.73913,
            35.11009
          ]
        ]
      },
      "properties": {
        "id": "hama-009",
        "nameAr": "خط ذهاب",
        "nameEn": "خط ذهاب",
        "type": "serafee",
        "colorIndex": 0,
        "notes": "",
        "priceOld": 2500,
        "priceNew": 25
      }
    },
    {
      "type": "Feature",
      "geometry": {
        "type": "LineString",
        "coordinates": [
          [
            36.73913,
            35.11012
          ],
          [
            36.73913,
            35.11022
          ],
          [
            36.73914,
            35.11076
          ],
          [
            36.73914,
            35.11097
          ],
          [
            36.73915,
            35.11112
          ],
          [
            36.73915,
            35.11114
          ],
          [
            36.73917,
            35.11157
          ],
          [
            36.7392,
            35.11218
          ],
          [
            36.73921,
            35.11238
          ],
          [
            36.73922,
            35.11255
          ],
          [
            36.73925,
            35.11295
          ],
          [
            36.73926,
            35.1131
          ],
          [
            36.73927,
            35.11339
          ],
          [
            36.73927,
            35.11348
          ],
          [
            36.73934,
            35.11492
          ],
          [
            36.73937,
            35.11593
          ],
          [
            36.73938,
            35.11605
          ],
          [
            36.73939,
            35.11644
          ],
          [
            36.7394,
            35.11685
          ],
          [
            36.73941,
            35.11698
          ],
          [
            36.73943,
            35.11727
          ],
          [
            36.73946,
            35.11784
          ],
          [
            36.73947,
            35.11825
          ],
          [
            36.73948,
            35.11836
          ],
          [
            36.73948,
            35.11844
          ],
          [
            36.73948,
            35.11854
          ],
          [
            36.73952,
            35.11908
          ],
          [
            36.73952,
            35.11932
          ],
          [
            36.73952,
            35.11935
          ],
          [
            36.73957,
            35.11964
          ],
          [
            36.73956,
            35.11969
          ],
          [
            36.73956,
            35.11972
          ],
          [
            36.73977,
            35.11968
          ],
          [
            36.74007,
            35.11967
          ],
          [
            36.74029,
            35.11966
          ],
          [
            36.74051,
            35.11965
          ],
          [
            36.74059,
            35.11964
          ],
          [
            36.74072,
            35.11965
          ],
          [
            36.74085,
            35.11966
          ],
          [
            36.74116,
            35.11966
          ],
          [
            36.74182,
            35.11965
          ],
          [
            36.74204,
            35.11965
          ],
          [
            36.74221,
            35.11965
          ],
          [
            36.74226,
            35.11965
          ],
          [
            36.74248,
            35.11967
          ],
          [
            36.74252,
            35.11967
          ],
          [
            36.74269,
            35.11968
          ],
          [
            36.7427,
            35.11968
          ],
          [
            36.74288,
            35.1197
          ],
          [
            36.74309,
            35.11974
          ],
          [
            36.74335,
            35.11979
          ],
          [
            36.74353,
            35.11982
          ],
          [
            36.74404,
            35.11993
          ],
          [
            36.74457,
            35.12005
          ],
          [
            36.74462,
            35.12006
          ],
          [
            36.74488,
            35.12012
          ],
          [
            36.74504,
            35.12016
          ],
          [
            36.74518,
            35.12018
          ],
          [
            36.7454,
            35.12022
          ],
          [
            36.74544,
            35.1202
          ],
          [
            36.74548,
            35.12019
          ],
          [
            36.74553,
            35.12018
          ],
          [
            36.74558,
            35.12018
          ],
          [
            36.74564,
            35.12019
          ],
          [
            36.74568,
            35.12022
          ],
          [
            36.74575,
            35.12026
          ],
          [
            36.74605,
            35.12038
          ],
          [
            36.74679,
            35.12055
          ],
          [
            36.747,
            35.1206
          ],
          [
            36.74721,
            35.12065
          ],
          [
            36.74742,
            35.1207
          ],
          [
            36.74753,
            35.12072
          ],
          [
            36.74764,
            35.12075
          ],
          [
            36.74827,
            35.12089
          ],
          [
            36.74863,
            35.12097
          ],
          [
            36.749,
            35.12105
          ],
          [
            36.74933,
            35.12113
          ],
          [
            36.74955,
            35.12117
          ],
          [
            36.7498,
            35.12123
          ],
          [
            36.75091,
            35.12152
          ],
          [
            36.75186,
            35.1218
          ],
          [
            36.75201,
            35.12185
          ],
          [
            36.75207,
            35.12192
          ],
          [
            36.75208,
            35.122
          ],
          [
            36.75207,
            35.12206
          ],
          [
            36.75202,
            35.12214
          ],
          [
            36.75182,
            35.12233
          ],
          [
            36.75113,
            35.12256
          ],
          [
            36.75092,
            35.12262
          ],
          [
            36.75072,
            35.12269
          ],
          [
            36.75022,
            35.12286
          ],
          [
            36.74991,
            35.12296
          ],
          [
            36.74954,
            35.12309
          ],
          [
            36.74913,
            35.12325
          ],
          [
            36.7493,
            35.12344
          ],
          [
            36.74934,
            35.12349
          ],
          [
            36.74978,
            35.12411
          ],
          [
            36.74983,
            35.12419
          ],
          [
            36.75009,
            35.12451
          ],
          [
            36.75046,
            35.12499
          ],
          [
            36.75069,
            35.12529
          ],
          [
            36.75096,
            35.12566
          ],
          [
            36.75097,
            35.12567
          ],
          [
            36.75107,
            35.12581
          ],
          [
            36.75125,
            35.12606
          ],
          [
            36.75134,
            35.12623
          ],
          [
            36.75136,
            35.12629
          ],
          [
            36.75137,
            35.12635
          ],
          [
            36.75139,
            35.1264
          ],
          [
            36.7514,
            35.12641
          ],
          [
            36.75142,
            35.12645
          ],
          [
            36.75145,
            35.12648
          ],
          [
            36.75148,
            35.12652
          ],
          [
            36.75152,
            35.12658
          ],
          [
            36.7516,
            35.12664
          ],
          [
            36.75168,
            35.1267
          ],
          [
            36.75178,
            35.1268
          ],
          [
            36.75191,
            35.12691
          ],
          [
            36.75205,
            35.12703
          ],
          [
            36.75218,
            35.12714
          ],
          [
            36.7522,
            35.12715
          ],
          [
            36.75231,
            35.12725
          ],
          [
            36.75241,
            35.12734
          ],
          [
            36.75314,
            35.12799
          ],
          [
            36.75331,
            35.12814
          ],
          [
            36.75338,
            35.1282
          ],
          [
            36.75358,
            35.12837
          ],
          [
            36.75374,
            35.1285
          ],
          [
            36.75378,
            35.12853
          ],
          [
            36.75384,
            35.12858
          ],
          [
            36.75396,
            35.12867
          ],
          [
            36.75439,
            35.12898
          ],
          [
            36.75453,
            35.12925
          ],
          [
            36.75456,
            35.12932
          ],
          [
            36.75459,
            35.12941
          ],
          [
            36.75461,
            35.12954
          ],
          [
            36.75463,
            35.12991
          ],
          [
            36.75463,
            35.13014
          ],
          [
            36.75463,
            35.1302
          ],
          [
            36.75461,
            35.1303
          ],
          [
            36.75458,
            35.13049
          ],
          [
            36.75457,
            35.13059
          ]
        ]
      },
      "properties": {
        "id": "hama-010",
        "nameAr": "خط عودة",
        "nameEn": "خط عودة",
        "type": "serafee",
        "colorIndex": 1,
        "notes": "",
        "priceOld": 2500,
        "priceNew": 25
      }
    },
    {
      "type": "Feature",
      "geometry": {
        "type": "LineString",
        "coordinates": [
          [
            36.75458,
            35.12902
          ],
          [
            36.75483,
            35.12907
          ],
          [
            36.75505,
            35.12914
          ],
          [
            36.75529,
            35.12921
          ],
          [
            36.75601,
            35.12943
          ],
          [
            36.75629,
            35.12949
          ],
          [
            36.75656,
            35.12954
          ],
          [
            36.75731,
            35.12966
          ],
          [
            36.75737,
            35.12967
          ],
          [
            36.75759,
            35.12872
          ],
          [
            36.75766,
            35.12837
          ],
          [
            36.7577,
            35.12819
          ],
          [
            36.75781,
            35.12766
          ],
          [
            36.75792,
            35.1271
          ],
          [
            36.75802,
            35.12664
          ],
          [
            36.7581,
            35.12629
          ],
          [
            36.75814,
            35.12611
          ],
          [
            36.75818,
            35.12593
          ],
          [
            36.7583,
            35.12536
          ],
          [
            36.75832,
            35.12528
          ],
          [
            36.75833,
            35.12517
          ],
          [
            36.75834,
            35.12503
          ],
          [
            36.75833,
            35.12473
          ],
          [
            36.75832,
            35.12446
          ],
          [
            36.75832,
            35.12441
          ],
          [
            36.7583,
            35.12426
          ],
          [
            36.75827,
            35.1241
          ],
          [
            36.75822,
            35.12395
          ],
          [
            36.75812,
            35.12375
          ],
          [
            36.75804,
            35.1236
          ],
          [
            36.75796,
            35.12343
          ],
          [
            36.75788,
            35.12326
          ],
          [
            36.75783,
            35.12318
          ],
          [
            36.75779,
            35.1231
          ],
          [
            36.75745,
            35.12244
          ],
          [
            36.75736,
            35.12227
          ],
          [
            36.75719,
            35.12194
          ],
          [
            36.75687,
            35.12135
          ],
          [
            36.75663,
            35.12103
          ],
          [
            36.75661,
            35.12102
          ],
          [
            36.75659,
            35.12101
          ],
          [
            36.75657,
            35.121
          ],
          [
            36.75656,
            35.12099
          ],
          [
            36.75654,
            35.12098
          ],
          [
            36.75653,
            35.12097
          ],
          [
            36.75651,
            35.12095
          ],
          [
            36.7565,
            35.12094
          ],
          [
            36.75649,
            35.12092
          ],
          [
            36.75648,
            35.12091
          ],
          [
            36.75648,
            35.12089
          ],
          [
            36.75647,
            35.12088
          ],
          [
            36.75647,
            35.12086
          ],
          [
            36.75647,
            35.12084
          ],
          [
            36.75647,
            35.12083
          ],
          [
            36.75647,
            35.12081
          ],
          [
            36.75648,
            35.12078
          ],
          [
            36.75635,
            35.12033
          ],
          [
            36.75636,
            35.12009
          ],
          [
            36.75636,
            35.11995
          ],
          [
            36.75627,
            35.11995
          ],
          [
            36.75592,
            35.11994
          ],
          [
            36.75547,
            35.11993
          ],
          [
            36.75533,
            35.11993
          ],
          [
            36.75487,
            35.11993
          ],
          [
            36.75372,
            35.11993
          ],
          [
            36.75325,
            35.11994
          ],
          [
            36.75282,
            35.11994
          ],
          [
            36.75235,
            35.11993
          ],
          [
            36.7519,
            35.11992
          ],
          [
            36.75128,
            35.11991
          ],
          [
            36.75127,
            35.11991
          ],
          [
            36.75126,
            35.11991
          ],
          [
            36.75133,
            35.11956
          ],
          [
            36.75136,
            35.11941
          ],
          [
            36.75148,
            35.11887
          ],
          [
            36.75159,
            35.11829
          ],
          [
            36.75159,
            35.11827
          ],
          [
            36.75114,
            35.11825
          ],
          [
            36.7504,
            35.11824
          ],
          [
            36.75018,
            35.11824
          ],
          [
            36.74952,
            35.11823
          ],
          [
            36.74897,
            35.11823
          ],
          [
            36.74878,
            35.11821
          ],
          [
            36.74863,
            35.11819
          ],
          [
            36.74851,
            35.11816
          ],
          [
            36.74844,
            35.11813
          ],
          [
            36.74832,
            35.11809
          ],
          [
            36.74812,
            35.118
          ],
          [
            36.74804,
            35.11796
          ],
          [
            36.74796,
            35.1179
          ],
          [
            36.74788,
            35.11785
          ],
          [
            36.74785,
            35.11783
          ],
          [
            36.74771,
            35.11773
          ],
          [
            36.74761,
            35.11765
          ],
          [
            36.74752,
            35.11755
          ],
          [
            36.74744,
            35.11743
          ],
          [
            36.74736,
            35.11728
          ],
          [
            36.74732,
            35.11717
          ],
          [
            36.7473,
            35.11712
          ],
          [
            36.74729,
            35.11711
          ],
          [
            36.74726,
            35.11699
          ],
          [
            36.74722,
            35.11678
          ],
          [
            36.7472,
            35.11655
          ],
          [
            36.7472,
            35.11646
          ],
          [
            36.74721,
            35.11628
          ],
          [
            36.74721,
            35.11606
          ],
          [
            36.74722,
            35.11569
          ],
          [
            36.74723,
            35.11516
          ],
          [
            36.74723,
            35.11474
          ],
          [
            36.74723,
            35.11311
          ],
          [
            36.74723,
            35.11303
          ],
          [
            36.74728,
            35.1122
          ],
          [
            36.7473,
            35.11166
          ],
          [
            36.74733,
            35.11078
          ],
          [
            36.74736,
            35.11043
          ],
          [
            36.74743,
            35.10945
          ],
          [
            36.74737,
            35.10945
          ],
          [
            36.74743,
            35.10945
          ],
          [
            36.74831,
            35.10944
          ],
          [
            36.74853,
            35.10944
          ],
          [
            36.74911,
            35.10943
          ],
          [
            36.74977,
            35.10942
          ],
          [
            36.75027,
            35.10941
          ],
          [
            36.75093,
            35.1094
          ],
          [
            36.75201,
            35.10937
          ],
          [
            36.75262,
            35.10936
          ],
          [
            36.75267,
            35.10936
          ],
          [
            36.75266,
            35.10966
          ],
          [
            36.75265,
            35.11001
          ],
          [
            36.75264,
            35.11037
          ],
          [
            36.75263,
            35.11055
          ],
          [
            36.75262,
            35.11097
          ],
          [
            36.75261,
            35.11125
          ],
          [
            36.7526,
            35.11145
          ],
          [
            36.75259,
            35.11179
          ],
          [
            36.75258,
            35.11251
          ],
          [
            36.75257,
            35.11309
          ],
          [
            36.75254,
            35.11381
          ],
          [
            36.75254,
            35.11399
          ],
          [
            36.75251,
            35.11489
          ],
          [
            36.75247,
            35.11594
          ],
          [
            36.75245,
            35.11639
          ],
          [
            36.75244,
            35.11692
          ],
          [
            36.75243,
            35.11746
          ],
          [
            36.75243,
            35.11764
          ],
          [
            36.75243,
            35.11823
          ],
          [
            36.75212,
            35.11825
          ],
          [
            36.75159,
            35.11827
          ],
          [
            36.75159,
            35.11829
          ],
          [
            36.75148,
            35.11887
          ],
          [
            36.75136,
            35.11941
          ],
          [
            36.75133,
            35.11956
          ],
          [
            36.75126,
            35.11991
          ]
        ]
      },
      "properties": {
        "id": "hama-011",
        "nameAr": "مسار الذهاب",
        "nameEn": "مسار الذهاب",
        "type": "serafee",
        "colorIndex": 2,
        "notes": "",
        "priceOld": 2500,
        "priceNew": 25
      }
    },
    {
      "type": "Feature",
      "geometry": {
        "type": "LineString",
        "coordinates": [
          [
            36.75125,
            35.11998
          ],
          [
            36.75119,
            35.12026
          ],
          [
            36.75138,
            35.12043
          ],
          [
            36.75168,
            35.1207
          ],
          [
            36.75173,
            35.12077
          ],
          [
            36.75173,
            35.12079
          ],
          [
            36.75174,
            35.12082
          ],
          [
            36.75174,
            35.12089
          ],
          [
            36.7517,
            35.12113
          ],
          [
            36.7517,
            35.12118
          ],
          [
            36.7517,
            35.12123
          ],
          [
            36.7517,
            35.12129
          ],
          [
            36.75173,
            35.12135
          ],
          [
            36.75176,
            35.12138
          ],
          [
            36.7518,
            35.12143
          ],
          [
            36.75192,
            35.1215
          ],
          [
            36.75199,
            35.12155
          ],
          [
            36.7521,
            35.1216
          ],
          [
            36.75224,
            35.12168
          ],
          [
            36.75229,
            35.12169
          ],
          [
            36.75255,
            35.1218
          ],
          [
            36.75267,
            35.12184
          ],
          [
            36.75269,
            35.12184
          ],
          [
            36.75277,
            35.12186
          ],
          [
            36.75286,
            35.12185
          ],
          [
            36.75299,
            35.12184
          ],
          [
            36.75329,
            35.12179
          ],
          [
            36.75355,
            35.12174
          ],
          [
            36.7536,
            35.12187
          ],
          [
            36.7539,
            35.12181
          ],
          [
            36.75407,
            35.12176
          ],
          [
            36.75438,
            35.12166
          ],
          [
            36.75524,
            35.12136
          ],
          [
            36.75579,
            35.12116
          ],
          [
            36.75595,
            35.12111
          ],
          [
            36.75602,
            35.12108
          ],
          [
            36.75607,
            35.12105
          ],
          [
            36.75612,
            35.12102
          ],
          [
            36.75629,
            35.12087
          ],
          [
            36.75633,
            35.12083
          ],
          [
            36.75636,
            35.12082
          ],
          [
            36.75648,
            35.12078
          ],
          [
            36.75649,
            35.12076
          ],
          [
            36.7565,
            35.12075
          ],
          [
            36.75651,
            35.12073
          ],
          [
            36.75652,
            35.12072
          ],
          [
            36.75653,
            35.1207
          ],
          [
            36.75655,
            35.12069
          ],
          [
            36.75657,
            35.12068
          ],
          [
            36.75658,
            35.12067
          ],
          [
            36.7566,
            35.12066
          ],
          [
            36.75662,
            35.12066
          ],
          [
            36.75664,
            35.12065
          ],
          [
            36.75666,
            35.12065
          ],
          [
            36.75668,
            35.12064
          ],
          [
            36.7567,
            35.12064
          ],
          [
            36.75672,
            35.12064
          ],
          [
            36.75674,
            35.12065
          ],
          [
            36.75676,
            35.12065
          ],
          [
            36.75678,
            35.12065
          ],
          [
            36.75681,
            35.12066
          ],
          [
            36.75684,
            35.12067
          ],
          [
            36.75685,
            35.12068
          ],
          [
            36.75687,
            35.12069
          ],
          [
            36.75688,
            35.12071
          ],
          [
            36.7569,
            35.12072
          ],
          [
            36.75691,
            35.12073
          ],
          [
            36.75692,
            35.12075
          ],
          [
            36.75693,
            35.12076
          ],
          [
            36.75694,
            35.12078
          ],
          [
            36.75694,
            35.1208
          ],
          [
            36.75695,
            35.12081
          ],
          [
            36.75695,
            35.12083
          ],
          [
            36.75695,
            35.12085
          ],
          [
            36.75695,
            35.12086
          ],
          [
            36.75694,
            35.12088
          ],
          [
            36.75694,
            35.1209
          ],
          [
            36.75693,
            35.12091
          ],
          [
            36.75692,
            35.12094
          ],
          [
            36.75689,
            35.12096
          ],
          [
            36.75686,
            35.12099
          ],
          [
            36.75683,
            35.12101
          ],
          [
            36.75679,
            35.12102
          ],
          [
            36.75675,
            35.12103
          ],
          [
            36.75671,
            35.12104
          ],
          [
            36.75667,
            35.12103
          ],
          [
            36.75663,
            35.12103
          ],
          [
            36.75617,
            35.12118
          ],
          [
            36.75613,
            35.1212
          ],
          [
            36.75563,
            35.12138
          ],
          [
            36.75475,
            35.12169
          ],
          [
            36.75443,
            35.12179
          ],
          [
            36.75441,
            35.1218
          ],
          [
            36.75403,
            35.1219
          ],
          [
            36.75399,
            35.12191
          ],
          [
            36.75377,
            35.12196
          ],
          [
            36.75351,
            35.12201
          ],
          [
            36.75335,
            35.12203
          ],
          [
            36.75291,
            35.1221
          ],
          [
            36.7526,
            35.12214
          ],
          [
            36.75239,
            35.12218
          ],
          [
            36.75218,
            35.12223
          ],
          [
            36.75195,
            35.1223
          ],
          [
            36.75182,
            35.12233
          ],
          [
            36.75113,
            35.12256
          ],
          [
            36.75092,
            35.12262
          ],
          [
            36.75072,
            35.12269
          ],
          [
            36.75022,
            35.12286
          ],
          [
            36.74991,
            35.12296
          ],
          [
            36.74954,
            35.12309
          ],
          [
            36.74913,
            35.12325
          ],
          [
            36.7493,
            35.12344
          ],
          [
            36.74934,
            35.12349
          ],
          [
            36.74978,
            35.12411
          ],
          [
            36.74983,
            35.12419
          ],
          [
            36.75009,
            35.12451
          ],
          [
            36.75046,
            35.12499
          ],
          [
            36.75069,
            35.12529
          ],
          [
            36.75096,
            35.12566
          ],
          [
            36.75097,
            35.12567
          ],
          [
            36.75107,
            35.12581
          ],
          [
            36.75125,
            35.12606
          ],
          [
            36.75134,
            35.12623
          ],
          [
            36.75136,
            35.12629
          ],
          [
            36.75137,
            35.12635
          ],
          [
            36.75139,
            35.1264
          ],
          [
            36.75142,
            35.12645
          ],
          [
            36.75145,
            35.12648
          ],
          [
            36.75148,
            35.12652
          ],
          [
            36.75152,
            35.12658
          ],
          [
            36.7516,
            35.12664
          ],
          [
            36.75168,
            35.1267
          ],
          [
            36.75178,
            35.1268
          ],
          [
            36.75191,
            35.12691
          ],
          [
            36.75205,
            35.12703
          ],
          [
            36.75218,
            35.12714
          ],
          [
            36.7522,
            35.12715
          ],
          [
            36.75231,
            35.12725
          ],
          [
            36.75241,
            35.12734
          ],
          [
            36.75314,
            35.12799
          ],
          [
            36.75331,
            35.12814
          ],
          [
            36.75338,
            35.1282
          ],
          [
            36.75358,
            35.12837
          ],
          [
            36.75374,
            35.1285
          ],
          [
            36.75378,
            35.12853
          ],
          [
            36.75384,
            35.12858
          ],
          [
            36.75396,
            35.12867
          ],
          [
            36.75439,
            35.12898
          ],
          [
            36.75458,
            35.12902
          ]
        ]
      },
      "properties": {
        "id": "hama-012",
        "nameAr": "مسار العودة",
        "nameEn": "مسار العودة",
        "type": "serafee",
        "colorIndex": 3,
        "notes": "",
        "priceOld": 2500,
        "priceNew": 25
      }
    },
    {
      "type": "Feature",
      "geometry": {
        "type": "LineString",
        "coordinates": [
          [
            36.7553,
            35.13031
          ],
          [
            36.75561,
            35.13034
          ],
          [
            36.75592,
            35.13037
          ],
          [
            36.75627,
            35.13039
          ],
          [
            36.75685,
            35.13046
          ],
          [
            36.75694,
            35.13046
          ],
          [
            36.75713,
            35.13046
          ],
          [
            36.75713,
            35.13045
          ],
          [
            36.75714,
            35.13045
          ],
          [
            36.75714,
            35.13044
          ],
          [
            36.75715,
            35.13044
          ],
          [
            36.75715,
            35.13043
          ],
          [
            36.75716,
            35.13043
          ],
          [
            36.75717,
            35.13043
          ],
          [
            36.75717,
            35.13042
          ],
          [
            36.75718,
            35.13042
          ],
          [
            36.75719,
            35.13042
          ],
          [
            36.7572,
            35.13042
          ],
          [
            36.75721,
            35.13041
          ],
          [
            36.75722,
            35.13041
          ],
          [
            36.75723,
            35.13041
          ],
          [
            36.75724,
            35.13041
          ],
          [
            36.75724,
            35.13042
          ],
          [
            36.75725,
            35.13042
          ],
          [
            36.75726,
            35.13042
          ],
          [
            36.75727,
            35.13042
          ],
          [
            36.75728,
            35.13043
          ],
          [
            36.75729,
            35.13043
          ],
          [
            36.75729,
            35.13044
          ],
          [
            36.7573,
            35.13044
          ],
          [
            36.75731,
            35.13045
          ],
          [
            36.75731,
            35.13046
          ],
          [
            36.75732,
            35.13046
          ],
          [
            36.75732,
            35.13047
          ],
          [
            36.75733,
            35.13048
          ],
          [
            36.75733,
            35.13049
          ],
          [
            36.75747,
            35.13053
          ],
          [
            36.75753,
            35.13054
          ],
          [
            36.75797,
            35.13058
          ],
          [
            36.75818,
            35.1306
          ],
          [
            36.75862,
            35.13065
          ],
          [
            36.75929,
            35.13071
          ],
          [
            36.76004,
            35.13078
          ],
          [
            36.76068,
            35.13085
          ],
          [
            36.76125,
            35.13089
          ],
          [
            36.76131,
            35.1309
          ],
          [
            36.76186,
            35.13094
          ],
          [
            36.76252,
            35.131
          ],
          [
            36.76292,
            35.13104
          ],
          [
            36.76304,
            35.13104
          ],
          [
            36.76311,
            35.13104
          ],
          [
            36.76315,
            35.13102
          ],
          [
            36.76321,
            35.13099
          ],
          [
            36.76336,
            35.1309
          ],
          [
            36.76336,
            35.13089
          ],
          [
            36.76338,
            35.13086
          ],
          [
            36.76341,
            35.13082
          ],
          [
            36.76342,
            35.13081
          ],
          [
            36.76346,
            35.13079
          ],
          [
            36.76348,
            35.13078
          ],
          [
            36.76351,
            35.13077
          ],
          [
            36.76356,
            35.13077
          ],
          [
            36.76358,
            35.13077
          ],
          [
            36.76365,
            35.13077
          ],
          [
            36.76369,
            35.13078
          ],
          [
            36.76371,
            35.13079
          ],
          [
            36.76374,
            35.1308
          ],
          [
            36.76377,
            35.13082
          ],
          [
            36.76379,
            35.13083
          ],
          [
            36.76381,
            35.13085
          ],
          [
            36.76383,
            35.13087
          ],
          [
            36.76385,
            35.13089
          ],
          [
            36.76387,
            35.1309
          ],
          [
            36.76388,
            35.13093
          ],
          [
            36.76392,
            35.13098
          ],
          [
            36.76414,
            35.13106
          ],
          [
            36.76428,
            35.1311
          ],
          [
            36.76488,
            35.13115
          ],
          [
            36.76566,
            35.13117
          ],
          [
            36.76625,
            35.13117
          ],
          [
            36.76632,
            35.13117
          ],
          [
            36.76671,
            35.13113
          ],
          [
            36.76699,
            35.13109
          ],
          [
            36.76724,
            35.13103
          ],
          [
            36.76769,
            35.1309
          ],
          [
            36.76781,
            35.13086
          ],
          [
            36.76796,
            35.13081
          ],
          [
            36.76801,
            35.13078
          ],
          [
            36.76821,
            35.13069
          ],
          [
            36.7683,
            35.13064
          ],
          [
            36.76838,
            35.13059
          ],
          [
            36.76864,
            35.13042
          ],
          [
            36.76898,
            35.13018
          ],
          [
            36.76918,
            35.13002
          ],
          [
            36.76924,
            35.12998
          ],
          [
            36.76938,
            35.12989
          ],
          [
            36.76956,
            35.12981
          ],
          [
            36.7697,
            35.12975
          ],
          [
            36.76987,
            35.12971
          ],
          [
            36.77007,
            35.12969
          ],
          [
            36.77041,
            35.12968
          ],
          [
            36.77048,
            35.12968
          ],
          [
            36.7711,
            35.12972
          ],
          [
            36.77112,
            35.12972
          ],
          [
            36.77134,
            35.12973
          ],
          [
            36.772,
            35.12979
          ],
          [
            36.77193,
            35.12917
          ],
          [
            36.77189,
            35.12857
          ],
          [
            36.77178,
            35.12813
          ],
          [
            36.77177,
            35.12811
          ],
          [
            36.77176,
            35.12809
          ],
          [
            36.77176,
            35.12807
          ],
          [
            36.77175,
            35.12806
          ],
          [
            36.77175,
            35.12803
          ],
          [
            36.77175,
            35.128
          ],
          [
            36.77174,
            35.12796
          ],
          [
            36.77174,
            35.12795
          ],
          [
            36.77175,
            35.12794
          ],
          [
            36.77176,
            35.12792
          ],
          [
            36.77181,
            35.12774
          ],
          [
            36.77167,
            35.12735
          ],
          [
            36.77162,
            35.12718
          ],
          [
            36.7714,
            35.12648
          ],
          [
            36.77135,
            35.12633
          ],
          [
            36.77127,
            35.12632
          ],
          [
            36.77012,
            35.12621
          ],
          [
            36.76991,
            35.1262
          ],
          [
            36.76969,
            35.12618
          ],
          [
            36.76874,
            35.12609
          ],
          [
            36.76874,
            35.1261
          ],
          [
            36.76874,
            35.12611
          ],
          [
            36.76874,
            35.12612
          ],
          [
            36.76874,
            35.12613
          ],
          [
            36.76873,
            35.12613
          ],
          [
            36.76873,
            35.12614
          ],
          [
            36.76872,
            35.12614
          ],
          [
            36.76872,
            35.12615
          ],
          [
            36.76871,
            35.12615
          ],
          [
            36.76871,
            35.12616
          ],
          [
            36.7687,
            35.12616
          ],
          [
            36.7687,
            35.12617
          ],
          [
            36.76869,
            35.12617
          ],
          [
            36.76868,
            35.12617
          ],
          [
            36.76868,
            35.12618
          ],
          [
            36.76867,
            35.12618
          ],
          [
            36.76866,
            35.12618
          ],
          [
            36.76865,
            35.12618
          ],
          [
            36.76865,
            35.12619
          ],
          [
            36.76864,
            35.12619
          ],
          [
            36.76863,
            35.12619
          ],
          [
            36.76862,
            35.12619
          ],
          [
            36.76861,
            35.12619
          ],
          [
            36.76861,
            35.12618
          ],
          [
            36.7686,
            35.12618
          ],
          [
            36.76859,
            35.12618
          ],
          [
            36.76858,
            35.12618
          ],
          [
            36.76858,
            35.12617
          ],
          [
            36.76857,
            35.12617
          ],
          [
            36.76857,
            35.12616
          ],
          [
            36.76857,
            35.12615
          ],
          [
            36.76856,
            35.12614
          ],
          [
            36.76856,
            35.12613
          ],
          [
            36.76856,
            35.12612
          ],
          [
            36.76857,
            35.12611
          ],
          [
            36.7676,
            35.12605
          ],
          [
            36.76747,
            35.12605
          ],
          [
            36.76632,
            35.12598
          ],
          [
            36.76523,
            35.12592
          ],
          [
            36.76493,
            35.1259
          ],
          [
            36.76466,
            35.12589
          ],
          [
            36.76408,
            35.12589
          ],
          [
            36.76402,
            35.12587
          ],
          [
            36.76396,
            35.12585
          ],
          [
            36.76391,
            35.12581
          ],
          [
            36.76388,
            35.12578
          ],
          [
            36.76374,
            35.12557
          ],
          [
            36.76341,
            35.12599
          ],
          [
            36.76321,
            35.12626
          ],
          [
            36.7631,
            35.12641
          ],
          [
            36.763,
            35.12656
          ],
          [
            36.76288,
            35.12676
          ],
          [
            36.76278,
            35.12695
          ],
          [
            36.76272,
            35.12707
          ],
          [
            36.76269,
            35.12712
          ],
          [
            36.76262,
            35.12727
          ],
          [
            36.76257,
            35.12743
          ],
          [
            36.76252,
            35.12759
          ],
          [
            36.76247,
            35.12781
          ],
          [
            36.76244,
            35.12803
          ],
          [
            36.76242,
            35.12823
          ],
          [
            36.76241,
            35.12851
          ],
          [
            36.76241,
            35.12891
          ],
          [
            36.7624,
            35.12912
          ],
          [
            36.7624,
            35.1293
          ],
          [
            36.76243,
            35.12942
          ],
          [
            36.76246,
            35.12953
          ],
          [
            36.76255,
            35.12969
          ],
          [
            36.76268,
            35.12992
          ],
          [
            36.76279,
            35.13004
          ],
          [
            36.76291,
            35.13017
          ],
          [
            36.76302,
            35.13028
          ],
          [
            36.76348,
            35.13063
          ],
          [
            36.76365,
            35.13077
          ],
          [
            36.76369,
            35.13078
          ],
          [
            36.76371,
            35.13079
          ],
          [
            36.76374,
            35.1308
          ],
          [
            36.76377,
            35.13082
          ],
          [
            36.76379,
            35.13083
          ],
          [
            36.76381,
            35.13085
          ],
          [
            36.76383,
            35.13087
          ],
          [
            36.76385,
            35.13089
          ],
          [
            36.76387,
            35.1309
          ],
          [
            36.76388,
            35.13093
          ],
          [
            36.76392,
            35.13098
          ],
          [
            36.76393,
            35.13101
          ],
          [
            36.76394,
            35.13106
          ],
          [
            36.76393,
            35.13113
          ],
          [
            36.76391,
            35.13117
          ],
          [
            36.76389,
            35.1312
          ],
          [
            36.76386,
            35.13122
          ],
          [
            36.76381,
            35.13123
          ],
          [
            36.76378,
            35.13124
          ],
          [
            36.76372,
            35.13124
          ],
          [
            36.76371,
            35.13125
          ],
          [
            36.76368,
            35.13124
          ],
          [
            36.76363,
            35.13124
          ],
          [
            36.76356,
            35.13122
          ],
          [
            36.76352,
            35.1312
          ],
          [
            36.76351,
            35.1312
          ],
          [
            36.76346,
            35.13117
          ],
          [
            36.76343,
            35.13114
          ],
          [
            36.76342,
            35.13112
          ],
          [
            36.7634,
            35.1311
          ],
          [
            36.76339,
            35.13108
          ],
          [
            36.76337,
            35.13106
          ],
          [
            36.76337,
            35.13103
          ],
          [
            36.76336,
            35.13101
          ],
          [
            36.76335,
            35.13099
          ],
          [
            36.76335,
            35.13098
          ],
          [
            36.76335,
            35.13096
          ],
          [
            36.76335,
            35.13094
          ],
          [
            36.76336,
            35.13091
          ],
          [
            36.76336,
            35.1309
          ],
          [
            36.76336,
            35.13089
          ],
          [
            36.76338,
            35.13086
          ],
          [
            36.76341,
            35.13082
          ],
          [
            36.76332,
            35.13071
          ],
          [
            36.76328,
            35.13067
          ],
          [
            36.76266,
            35.13025
          ],
          [
            36.7626,
            35.1302
          ],
          [
            36.76249,
            35.13009
          ],
          [
            36.76242,
            35.13
          ],
          [
            36.76234,
            35.12991
          ],
          [
            36.76227,
            35.1298
          ],
          [
            36.76222,
            35.1297
          ],
          [
            36.76217,
            35.12961
          ],
          [
            36.76215,
            35.1295
          ],
          [
            36.76215,
            35.12914
          ],
          [
            36.76215,
            35.12908
          ],
          [
            36.76216,
            35.12896
          ],
          [
            36.76219,
            35.12854
          ],
          [
            36.76222,
            35.12824
          ],
          [
            36.76224,
            35.12807
          ],
          [
            36.76224,
            35.12802
          ],
          [
            36.76229,
            35.1277
          ],
          [
            36.76231,
            35.12763
          ],
          [
            36.76237,
            35.12746
          ],
          [
            36.76247,
            35.12719
          ],
          [
            36.76247,
            35.12717
          ],
          [
            36.76262,
            35.12682
          ],
          [
            36.76281,
            35.12653
          ],
          [
            36.76287,
            35.12645
          ],
          [
            36.76327,
            35.12589
          ],
          [
            36.76338,
            35.12574
          ],
          [
            36.76362,
            35.12541
          ],
          [
            36.7641,
            35.12483
          ],
          [
            36.7641,
            35.12482
          ],
          [
            36.7641,
            35.12481
          ],
          [
            36.7641,
            35.1248
          ],
          [
            36.76411,
            35.1248
          ],
          [
            36.76411,
            35.12479
          ],
          [
            36.76411,
            35.12478
          ],
          [
            36.76412,
            35.12478
          ],
          [
            36.76412,
            35.12477
          ],
          [
            36.76413,
            35.12477
          ],
          [
            36.76413,
            35.12476
          ],
          [
            36.76414,
            35.12476
          ],
          [
            36.76426,
            35.12462
          ],
          [
            36.76439,
            35.12445
          ],
          [
            36.76521,
            35.12338
          ],
          [
            36.76567,
            35.12277
          ],
          [
            36.7657,
            35.12273
          ],
          [
            36.76634,
            35.12191
          ],
          [
            36.76635,
            35.1219
          ],
          [
            36.7663,
            35.12185
          ],
          [
            36.7663,
            35.12184
          ],
          [
            36.76626,
            35.12179
          ],
          [
            36.76625,
            35.12175
          ],
          [
            36.76625,
            35.12174
          ],
          [
            36.76624,
            35.12169
          ],
          [
            36.76618,
            35.12164
          ],
          [
            36.7661,
            35.1216
          ],
          [
            36.76594,
            35.12155
          ],
          [
            36.76506,
            35.12125
          ],
          [
            36.76358,
            35.12078
          ],
          [
            36.76212,
            35.12033
          ],
          [
            36.76085,
            35.11989
          ],
          [
            36.76064,
            35.11982
          ],
          [
            36.7605,
            35.11979
          ],
          [
            36.76021,
            35.11974
          ],
          [
            36.76015,
            35.11976
          ],
          [
            36.76008,
            35.11979
          ],
          [
            36.76002,
            35.1198
          ],
          [
            36.7599,
            35.11987
          ],
          [
            36.75979,
            35.11992
          ],
          [
            36.759,
            35.12018
          ],
          [
            36.75883,
            35.12025
          ],
          [
            36.75873,
            35.12029
          ],
          [
            36.7587,
            35.1203
          ],
          [
            36.75859,
            35.12034
          ],
          [
            36.75848,
            35.12038
          ],
          [
            36.75832,
            35.12042
          ],
          [
            36.75802,
            35.12051
          ],
          [
            36.7575,
            35.12067
          ],
          [
            36.7574,
            35.1207
          ],
          [
            36.75693,
            35.12091
          ],
          [
            36.75692,
            35.12094
          ],
          [
            36.75689,
            35.12096
          ],
          [
            36.75686,
            35.12099
          ],
          [
            36.75683,
            35.12101
          ],
          [
            36.75679,
            35.12102
          ],
          [
            36.75675,
            35.12103
          ],
          [
            36.75671,
            35.12104
          ],
          [
            36.75667,
            35.12103
          ],
          [
            36.75663,
            35.12103
          ],
          [
            36.75617,
            35.12118
          ],
          [
            36.75604,
            35.12123
          ],
          [
            36.75563,
            35.12138
          ],
          [
            36.75475,
            35.12169
          ],
          [
            36.75443,
            35.12179
          ],
          [
            36.75441,
            35.1218
          ],
          [
            36.75403,
            35.1219
          ],
          [
            36.75399,
            35.12191
          ],
          [
            36.75377,
            35.12196
          ],
          [
            36.75351,
            35.12201
          ],
          [
            36.75335,
            35.12203
          ],
          [
            36.75291,
            35.1221
          ],
          [
            36.7526,
            35.12214
          ],
          [
            36.75239,
            35.12218
          ],
          [
            36.75218,
            35.12223
          ],
          [
            36.75195,
            35.1223
          ],
          [
            36.75182,
            35.12233
          ],
          [
            36.75113,
            35.12256
          ],
          [
            36.75092,
            35.12262
          ],
          [
            36.75072,
            35.12269
          ],
          [
            36.75022,
            35.12286
          ],
          [
            36.74991,
            35.12296
          ],
          [
            36.74954,
            35.12309
          ],
          [
            36.74913,
            35.12325
          ],
          [
            36.74918,
            35.1233
          ],
          [
            36.74934,
            35.12349
          ],
          [
            36.74978,
            35.12411
          ],
          [
            36.74983,
            35.12419
          ],
          [
            36.75009,
            35.12451
          ],
          [
            36.75046,
            35.12499
          ],
          [
            36.75069,
            35.12529
          ],
          [
            36.75096,
            35.12566
          ],
          [
            36.75097,
            35.12567
          ],
          [
            36.75107,
            35.12581
          ],
          [
            36.75125,
            35.12606
          ],
          [
            36.75134,
            35.12623
          ],
          [
            36.75136,
            35.12629
          ],
          [
            36.75137,
            35.12635
          ],
          [
            36.75139,
            35.1264
          ],
          [
            36.75142,
            35.12645
          ],
          [
            36.75145,
            35.12648
          ],
          [
            36.75148,
            35.12652
          ],
          [
            36.75152,
            35.12658
          ],
          [
            36.7516,
            35.12664
          ],
          [
            36.75168,
            35.1267
          ],
          [
            36.75178,
            35.1268
          ],
          [
            36.75191,
            35.12691
          ],
          [
            36.75205,
            35.12703
          ],
          [
            36.75218,
            35.12714
          ],
          [
            36.7522,
            35.12715
          ],
          [
            36.75231,
            35.12725
          ],
          [
            36.75241,
            35.12734
          ],
          [
            36.75314,
            35.12799
          ],
          [
            36.75331,
            35.12814
          ],
          [
            36.75338,
            35.1282
          ],
          [
            36.75358,
            35.12837
          ],
          [
            36.75374,
            35.1285
          ],
          [
            36.75378,
            35.12853
          ],
          [
            36.75384,
            35.12858
          ],
          [
            36.75396,
            35.12867
          ],
          [
            36.75439,
            35.12898
          ],
          [
            36.75453,
            35.12925
          ],
          [
            36.75456,
            35.12932
          ],
          [
            36.75459,
            35.12941
          ],
          [
            36.75461,
            35.12954
          ],
          [
            36.75463,
            35.12991
          ],
          [
            36.75463,
            35.13014
          ],
          [
            36.75467,
            35.1302
          ],
          [
            36.75474,
            35.13023
          ],
          [
            36.75481,
            35.13026
          ],
          [
            36.75488,
            35.13027
          ],
          [
            36.75496,
            35.13028
          ],
          [
            36.75508,
            35.13029
          ],
          [
            36.7553,
            35.13031
          ]
        ]
      },
      "properties": {
        "id": "hama-013",
        "nameAr": "خط الشريعة والصابونية",
        "nameEn": "خط الشريعة والصابونية",
        "type": "serafee",
        "colorIndex": 4,
        "notes": "",
        "priceOld": 2500,
        "priceNew": 25
      }
    },
    {
      "type": "Feature",
      "geometry": {
        "type": "LineString",
        "coordinates": [
          [
            36.7553,
            35.13031
          ],
          [
            36.75561,
            35.13034
          ],
          [
            36.75592,
            35.13037
          ],
          [
            36.75627,
            35.13039
          ],
          [
            36.75685,
            35.13046
          ],
          [
            36.75694,
            35.13046
          ],
          [
            36.75713,
            35.13046
          ],
          [
            36.75713,
            35.13045
          ],
          [
            36.75714,
            35.13045
          ],
          [
            36.75714,
            35.13044
          ],
          [
            36.75715,
            35.13044
          ],
          [
            36.75715,
            35.13043
          ],
          [
            36.75716,
            35.13043
          ],
          [
            36.75717,
            35.13043
          ],
          [
            36.75717,
            35.13042
          ],
          [
            36.75718,
            35.13042
          ],
          [
            36.75719,
            35.13042
          ],
          [
            36.7572,
            35.13042
          ],
          [
            36.75721,
            35.13041
          ],
          [
            36.75722,
            35.13041
          ],
          [
            36.75723,
            35.13041
          ],
          [
            36.75724,
            35.13041
          ],
          [
            36.75724,
            35.13042
          ],
          [
            36.75725,
            35.13042
          ],
          [
            36.75726,
            35.13042
          ],
          [
            36.75727,
            35.13042
          ],
          [
            36.75728,
            35.13043
          ],
          [
            36.75729,
            35.13043
          ],
          [
            36.75729,
            35.13044
          ],
          [
            36.7573,
            35.13044
          ],
          [
            36.75731,
            35.13045
          ],
          [
            36.75731,
            35.13046
          ],
          [
            36.75732,
            35.13046
          ],
          [
            36.75732,
            35.13047
          ],
          [
            36.75733,
            35.13048
          ],
          [
            36.75733,
            35.13049
          ],
          [
            36.75747,
            35.13053
          ],
          [
            36.75753,
            35.13054
          ],
          [
            36.75797,
            35.13058
          ],
          [
            36.75818,
            35.1306
          ],
          [
            36.75862,
            35.13065
          ],
          [
            36.75929,
            35.13071
          ],
          [
            36.76004,
            35.13078
          ],
          [
            36.76068,
            35.13085
          ],
          [
            36.76125,
            35.13089
          ],
          [
            36.76131,
            35.1309
          ],
          [
            36.76186,
            35.13094
          ],
          [
            36.76252,
            35.131
          ],
          [
            36.76292,
            35.13104
          ],
          [
            36.76304,
            35.13104
          ],
          [
            36.76311,
            35.13104
          ],
          [
            36.76315,
            35.13102
          ],
          [
            36.76321,
            35.13099
          ],
          [
            36.76336,
            35.1309
          ],
          [
            36.76336,
            35.13089
          ],
          [
            36.76338,
            35.13086
          ],
          [
            36.76341,
            35.13082
          ],
          [
            36.76342,
            35.13081
          ],
          [
            36.76346,
            35.13079
          ],
          [
            36.76348,
            35.13078
          ],
          [
            36.76351,
            35.13077
          ],
          [
            36.76356,
            35.13077
          ],
          [
            36.76358,
            35.13077
          ],
          [
            36.76365,
            35.13077
          ],
          [
            36.76369,
            35.13078
          ],
          [
            36.76371,
            35.13079
          ],
          [
            36.76374,
            35.1308
          ],
          [
            36.76377,
            35.13082
          ],
          [
            36.76379,
            35.13083
          ],
          [
            36.76381,
            35.13084
          ],
          [
            36.76381,
            35.13085
          ],
          [
            36.76383,
            35.13087
          ],
          [
            36.76385,
            35.13089
          ],
          [
            36.76387,
            35.1309
          ],
          [
            36.76388,
            35.13093
          ],
          [
            36.76392,
            35.13098
          ],
          [
            36.76414,
            35.13106
          ],
          [
            36.76428,
            35.1311
          ],
          [
            36.7643,
            35.13099
          ],
          [
            36.76432,
            35.13095
          ],
          [
            36.76452,
            35.1306
          ],
          [
            36.76454,
            35.13057
          ],
          [
            36.76469,
            35.13032
          ],
          [
            36.76495,
            35.12988
          ],
          [
            36.76521,
            35.1294
          ],
          [
            36.76548,
            35.12893
          ],
          [
            36.76567,
            35.12866
          ],
          [
            36.7658,
            35.12848
          ],
          [
            36.76587,
            35.1285
          ],
          [
            36.76596,
            35.12853
          ],
          [
            36.76605,
            35.12854
          ],
          [
            36.76614,
            35.12854
          ],
          [
            36.76622,
            35.12854
          ],
          [
            36.7663,
            35.12853
          ],
          [
            36.7664,
            35.12852
          ],
          [
            36.76648,
            35.12849
          ],
          [
            36.76662,
            35.12844
          ],
          [
            36.76671,
            35.12838
          ],
          [
            36.76687,
            35.12823
          ],
          [
            36.76724,
            35.12789
          ],
          [
            36.76732,
            35.12778
          ],
          [
            36.76734,
            35.12775
          ],
          [
            36.76801,
            35.12695
          ],
          [
            36.76858,
            35.12618
          ],
          [
            36.76858,
            35.12617
          ],
          [
            36.76857,
            35.12617
          ],
          [
            36.76857,
            35.12616
          ],
          [
            36.76857,
            35.12615
          ],
          [
            36.76856,
            35.12614
          ],
          [
            36.76856,
            35.12613
          ],
          [
            36.76856,
            35.12612
          ],
          [
            36.76857,
            35.12611
          ],
          [
            36.7676,
            35.12605
          ],
          [
            36.76753,
            35.12605
          ],
          [
            36.76747,
            35.12605
          ],
          [
            36.76632,
            35.12598
          ],
          [
            36.76523,
            35.12592
          ],
          [
            36.76493,
            35.1259
          ],
          [
            36.76466,
            35.12589
          ],
          [
            36.76408,
            35.12589
          ]
        ]
      },
      "properties": {
        "id": "hama-014",
        "nameAr": "Directions from موقف الشريعة‎‎‎ to موقف الأسنان والصيدلة",
        "nameEn": "Directions from موقف الشريعة‎‎‎ to موقف الأسنان والصيدلة",
        "type": "serafee",
        "colorIndex": 5,
        "notes": "",
        "priceOld": 2500,
        "priceNew": 25
      }
    },
    {
      "type": "Feature",
      "geometry": {
        "type": "LineString",
        "coordinates": [
          [
            36.75458,
            35.12902
          ],
          [
            36.75483,
            35.12907
          ],
          [
            36.75505,
            35.12914
          ],
          [
            36.75529,
            35.12921
          ],
          [
            36.75601,
            35.12943
          ],
          [
            36.75629,
            35.12949
          ],
          [
            36.75656,
            35.12954
          ],
          [
            36.75731,
            35.12966
          ],
          [
            36.75737,
            35.12967
          ],
          [
            36.75759,
            35.12872
          ],
          [
            36.75766,
            35.12837
          ],
          [
            36.7577,
            35.12819
          ],
          [
            36.75781,
            35.12766
          ],
          [
            36.75792,
            35.1271
          ],
          [
            36.75802,
            35.12664
          ],
          [
            36.7581,
            35.12629
          ],
          [
            36.75814,
            35.12611
          ],
          [
            36.75818,
            35.12593
          ],
          [
            36.7583,
            35.12536
          ],
          [
            36.75832,
            35.12528
          ],
          [
            36.75833,
            35.12517
          ],
          [
            36.75834,
            35.12503
          ],
          [
            36.75833,
            35.12473
          ],
          [
            36.75832,
            35.12446
          ],
          [
            36.75832,
            35.12441
          ],
          [
            36.7583,
            35.12426
          ],
          [
            36.75827,
            35.1241
          ],
          [
            36.75822,
            35.12395
          ],
          [
            36.75812,
            35.12375
          ],
          [
            36.75804,
            35.1236
          ],
          [
            36.75796,
            35.12343
          ],
          [
            36.75788,
            35.12326
          ],
          [
            36.75783,
            35.12318
          ],
          [
            36.75779,
            35.1231
          ],
          [
            36.75745,
            35.12244
          ],
          [
            36.75736,
            35.12227
          ],
          [
            36.75719,
            35.12194
          ],
          [
            36.75687,
            35.12135
          ],
          [
            36.75663,
            35.12103
          ],
          [
            36.75661,
            35.12102
          ],
          [
            36.75659,
            35.12101
          ],
          [
            36.75657,
            35.121
          ],
          [
            36.75656,
            35.12099
          ],
          [
            36.75654,
            35.12098
          ],
          [
            36.75653,
            35.12097
          ],
          [
            36.75651,
            35.12095
          ],
          [
            36.7565,
            35.12094
          ],
          [
            36.75649,
            35.12092
          ],
          [
            36.75648,
            35.12091
          ],
          [
            36.75648,
            35.12089
          ],
          [
            36.75647,
            35.12088
          ],
          [
            36.75647,
            35.12086
          ],
          [
            36.75647,
            35.12084
          ],
          [
            36.75647,
            35.12083
          ],
          [
            36.75647,
            35.12081
          ],
          [
            36.75648,
            35.12078
          ],
          [
            36.75649,
            35.12076
          ],
          [
            36.7565,
            35.12075
          ],
          [
            36.75651,
            35.12073
          ],
          [
            36.75652,
            35.12072
          ],
          [
            36.75653,
            35.1207
          ],
          [
            36.75655,
            35.12069
          ],
          [
            36.75657,
            35.12068
          ],
          [
            36.75658,
            35.12067
          ],
          [
            36.7566,
            35.12066
          ],
          [
            36.75662,
            35.12066
          ],
          [
            36.75664,
            35.12065
          ],
          [
            36.75666,
            35.12065
          ],
          [
            36.75668,
            35.12064
          ],
          [
            36.7567,
            35.12064
          ],
          [
            36.75672,
            35.12064
          ],
          [
            36.75674,
            35.12065
          ],
          [
            36.75676,
            35.12065
          ],
          [
            36.75678,
            35.12065
          ],
          [
            36.75681,
            35.12066
          ],
          [
            36.75704,
            35.12061
          ],
          [
            36.75735,
            35.12054
          ],
          [
            36.75786,
            35.1204
          ],
          [
            36.75798,
            35.12037
          ],
          [
            36.75829,
            35.12027
          ],
          [
            36.75839,
            35.12024
          ],
          [
            36.75859,
            35.12017
          ],
          [
            36.75866,
            35.12015
          ],
          [
            36.75876,
            35.1201
          ],
          [
            36.75878,
            35.12008
          ],
          [
            36.75884,
            35.12003
          ],
          [
            36.75892,
            35.11989
          ],
          [
            36.75898,
            35.11977
          ],
          [
            36.75913,
            35.11946
          ],
          [
            36.75926,
            35.11926
          ],
          [
            36.75928,
            35.1192
          ],
          [
            36.75932,
            35.11912
          ],
          [
            36.75935,
            35.11909
          ],
          [
            36.75938,
            35.11895
          ],
          [
            36.75942,
            35.11877
          ],
          [
            36.75944,
            35.11872
          ],
          [
            36.7598,
            35.11794
          ],
          [
            36.75985,
            35.11783
          ],
          [
            36.76024,
            35.117
          ],
          [
            36.76031,
            35.11685
          ],
          [
            36.7605,
            35.11646
          ],
          [
            36.7605,
            35.11641
          ],
          [
            36.76051,
            35.11637
          ],
          [
            36.76089,
            35.11544
          ],
          [
            36.76091,
            35.11538
          ],
          [
            36.76099,
            35.11525
          ],
          [
            36.76099,
            35.11523
          ],
          [
            36.76098,
            35.11521
          ],
          [
            36.76098,
            35.1152
          ],
          [
            36.76098,
            35.11519
          ],
          [
            36.76098,
            35.11518
          ],
          [
            36.76098,
            35.11517
          ],
          [
            36.76099,
            35.11515
          ],
          [
            36.76099,
            35.11514
          ],
          [
            36.76099,
            35.11513
          ],
          [
            36.761,
            35.11512
          ],
          [
            36.76101,
            35.11511
          ],
          [
            36.76101,
            35.1151
          ],
          [
            36.76102,
            35.11509
          ],
          [
            36.76103,
            35.11508
          ],
          [
            36.76104,
            35.11507
          ],
          [
            36.76105,
            35.11506
          ],
          [
            36.76106,
            35.11505
          ],
          [
            36.76108,
            35.11504
          ],
          [
            36.76109,
            35.11504
          ],
          [
            36.7611,
            35.11503
          ],
          [
            36.76112,
            35.11503
          ],
          [
            36.76113,
            35.11502
          ],
          [
            36.76115,
            35.11502
          ],
          [
            36.76116,
            35.11502
          ],
          [
            36.76118,
            35.11502
          ],
          [
            36.76119,
            35.11502
          ],
          [
            36.7612,
            35.11502
          ],
          [
            36.76122,
            35.11502
          ],
          [
            36.76123,
            35.11502
          ],
          [
            36.76125,
            35.11502
          ],
          [
            36.76126,
            35.11503
          ],
          [
            36.76128,
            35.11503
          ],
          [
            36.76129,
            35.11504
          ],
          [
            36.7613,
            35.11504
          ],
          [
            36.76131,
            35.11505
          ],
          [
            36.76133,
            35.11506
          ],
          [
            36.76134,
            35.11507
          ],
          [
            36.76135,
            35.11508
          ],
          [
            36.76136,
            35.11509
          ],
          [
            36.76136,
            35.1151
          ],
          [
            36.76137,
            35.11511
          ],
          [
            36.76138,
            35.11512
          ],
          [
            36.76155,
            35.11515
          ],
          [
            36.76168,
            35.11518
          ],
          [
            36.76199,
            35.11522
          ],
          [
            36.76237,
            35.11528
          ],
          [
            36.76284,
            35.11536
          ],
          [
            36.76328,
            35.11542
          ],
          [
            36.76407,
            35.11553
          ],
          [
            36.76434,
            35.11556
          ],
          [
            36.76477,
            35.11562
          ],
          [
            36.76525,
            35.11569
          ],
          [
            36.76564,
            35.11574
          ],
          [
            36.76667,
            35.1159
          ],
          [
            36.76736,
            35.116
          ],
          [
            36.76754,
            35.11603
          ],
          [
            36.76806,
            35.11608
          ],
          [
            36.7682,
            35.11609
          ],
          [
            36.76853,
            35.11612
          ],
          [
            36.76874,
            35.11613
          ],
          [
            36.76901,
            35.11614
          ],
          [
            36.76924,
            35.11612
          ],
          [
            36.76963,
            35.11611
          ],
          [
            36.77002,
            35.11611
          ],
          [
            36.77012,
            35.11611
          ],
          [
            36.77008,
            35.11604
          ],
          [
            36.77007,
            35.116
          ],
          [
            36.77006,
            35.11595
          ],
          [
            36.77005,
            35.11579
          ],
          [
            36.77003,
            35.11547
          ],
          [
            36.77,
            35.1152
          ],
          [
            36.76998,
            35.11504
          ],
          [
            36.76996,
            35.11482
          ],
          [
            36.76994,
            35.11452
          ],
          [
            36.7699,
            35.11399
          ],
          [
            36.76986,
            35.11353
          ],
          [
            36.76983,
            35.11307
          ],
          [
            36.7698,
            35.11263
          ],
          [
            36.76978,
            35.11236
          ],
          [
            36.76976,
            35.11216
          ],
          [
            36.76972,
            35.11162
          ],
          [
            36.76968,
            35.11114
          ],
          [
            36.76964,
            35.11067
          ],
          [
            36.7696,
            35.11025
          ],
          [
            36.76957,
            35.10983
          ],
          [
            36.76953,
            35.1093
          ],
          [
            36.76951,
            35.10902
          ],
          [
            36.7695,
            35.1088
          ],
          [
            36.76947,
            35.10839
          ],
          [
            36.76944,
            35.10799
          ],
          [
            36.76941,
            35.10755
          ],
          [
            36.76944,
            35.10742
          ],
          [
            36.76799,
            35.10754
          ],
          [
            36.76736,
            35.10757
          ],
          [
            36.76603,
            35.10765
          ],
          [
            36.76567,
            35.10767
          ],
          [
            36.76489,
            35.10772
          ],
          [
            36.76435,
            35.10774
          ],
          [
            36.76402,
            35.10776
          ],
          [
            36.76392,
            35.10776
          ],
          [
            36.76382,
            35.10776
          ]
        ]
      },
      "properties": {
        "id": "hama-015",
        "nameAr": "Directions from موقف الملجأ‎‎‎ to موقف دوار الإسكان‎‎",
        "nameEn": "Directions from موقف الملجأ‎‎‎ to موقف دوار الإسكان‎‎",
        "type": "serafee",
        "colorIndex": 6,
        "notes": "",
        "priceOld": 2500,
        "priceNew": 25
      }
    },
    {
      "type": "Feature",
      "geometry": {
        "type": "LineString",
        "coordinates": [
          [
            36.76382,
            35.10776
          ],
          [
            36.76374,
            35.10775
          ],
          [
            36.76365,
            35.10805
          ],
          [
            36.76347,
            35.1086
          ],
          [
            36.76319,
            35.10947
          ],
          [
            36.76304,
            35.10996
          ],
          [
            36.76296,
            35.11021
          ],
          [
            36.7629,
            35.11043
          ],
          [
            36.76288,
            35.11048
          ],
          [
            36.7627,
            35.11106
          ],
          [
            36.76261,
            35.11133
          ],
          [
            36.76245,
            35.11178
          ],
          [
            36.7623,
            35.11219
          ],
          [
            36.76222,
            35.11246
          ],
          [
            36.76199,
            35.11318
          ],
          [
            36.76187,
            35.11351
          ],
          [
            36.76176,
            35.11383
          ],
          [
            36.76161,
            35.11428
          ],
          [
            36.76151,
            35.11455
          ],
          [
            36.76149,
            35.11462
          ],
          [
            36.76146,
            35.11472
          ],
          [
            36.76143,
            35.11484
          ],
          [
            36.76138,
            35.11512
          ],
          [
            36.76138,
            35.11513
          ],
          [
            36.76139,
            35.11514
          ],
          [
            36.76139,
            35.11515
          ],
          [
            36.76139,
            35.11516
          ],
          [
            36.76139,
            35.11518
          ],
          [
            36.76139,
            35.11519
          ],
          [
            36.76139,
            35.1152
          ],
          [
            36.76139,
            35.11521
          ],
          [
            36.76139,
            35.11522
          ],
          [
            36.76138,
            35.11522
          ],
          [
            36.76138,
            35.11523
          ],
          [
            36.76137,
            35.11525
          ],
          [
            36.76137,
            35.11526
          ],
          [
            36.76136,
            35.11527
          ],
          [
            36.76135,
            35.11528
          ],
          [
            36.76134,
            35.11529
          ],
          [
            36.76133,
            35.1153
          ],
          [
            36.76132,
            35.11531
          ],
          [
            36.76131,
            35.11532
          ],
          [
            36.76129,
            35.11532
          ],
          [
            36.76128,
            35.11533
          ],
          [
            36.76127,
            35.11533
          ],
          [
            36.76125,
            35.11534
          ],
          [
            36.76124,
            35.11534
          ],
          [
            36.76123,
            35.11535
          ],
          [
            36.76121,
            35.11535
          ],
          [
            36.7612,
            35.11535
          ],
          [
            36.76118,
            35.11535
          ],
          [
            36.76117,
            35.11535
          ],
          [
            36.76115,
            35.11535
          ],
          [
            36.76114,
            35.11534
          ],
          [
            36.76108,
            35.11537
          ],
          [
            36.76106,
            35.11538
          ],
          [
            36.76104,
            35.11539
          ],
          [
            36.76102,
            35.1154
          ],
          [
            36.76101,
            35.11541
          ],
          [
            36.761,
            35.11541
          ],
          [
            36.76099,
            35.11543
          ],
          [
            36.76056,
            35.11638
          ],
          [
            36.76054,
            35.11642
          ],
          [
            36.7605,
            35.11646
          ],
          [
            36.76031,
            35.11685
          ],
          [
            36.76024,
            35.117
          ],
          [
            36.75985,
            35.11783
          ],
          [
            36.7598,
            35.11794
          ],
          [
            36.75944,
            35.11872
          ],
          [
            36.75947,
            35.11882
          ],
          [
            36.75949,
            35.11884
          ],
          [
            36.75954,
            35.11887
          ],
          [
            36.7596,
            35.11889
          ],
          [
            36.75962,
            35.11888
          ],
          [
            36.75972,
            35.11885
          ],
          [
            36.75981,
            35.11884
          ],
          [
            36.75989,
            35.11883
          ],
          [
            36.76002,
            35.11885
          ],
          [
            36.76014,
            35.11889
          ],
          [
            36.76021,
            35.11892
          ],
          [
            36.76027,
            35.11896
          ],
          [
            36.76031,
            35.11899
          ],
          [
            36.76035,
            35.11903
          ],
          [
            36.76038,
            35.11906
          ],
          [
            36.76044,
            35.11914
          ],
          [
            36.76044,
            35.11916
          ],
          [
            36.76047,
            35.11925
          ],
          [
            36.76048,
            35.11935
          ],
          [
            36.76048,
            35.11944
          ],
          [
            36.76046,
            35.11952
          ],
          [
            36.76042,
            35.11959
          ],
          [
            36.76037,
            35.11964
          ],
          [
            36.76026,
            35.11971
          ],
          [
            36.76021,
            35.11974
          ],
          [
            36.76015,
            35.11976
          ],
          [
            36.76008,
            35.11979
          ],
          [
            36.76002,
            35.1198
          ],
          [
            36.7599,
            35.11987
          ],
          [
            36.75979,
            35.11992
          ],
          [
            36.759,
            35.12018
          ],
          [
            36.75883,
            35.12025
          ],
          [
            36.75873,
            35.12029
          ],
          [
            36.7587,
            35.1203
          ],
          [
            36.75859,
            35.12034
          ],
          [
            36.75848,
            35.12038
          ],
          [
            36.75832,
            35.12042
          ],
          [
            36.75802,
            35.12051
          ],
          [
            36.7575,
            35.12067
          ],
          [
            36.7574,
            35.1207
          ],
          [
            36.75693,
            35.12091
          ],
          [
            36.75692,
            35.12094
          ],
          [
            36.75689,
            35.12096
          ],
          [
            36.75686,
            35.12099
          ],
          [
            36.75683,
            35.12101
          ],
          [
            36.75679,
            35.12102
          ],
          [
            36.75675,
            35.12103
          ],
          [
            36.75671,
            35.12104
          ],
          [
            36.75667,
            35.12103
          ],
          [
            36.75663,
            35.12103
          ],
          [
            36.75617,
            35.12118
          ],
          [
            36.75604,
            35.12123
          ],
          [
            36.75563,
            35.12138
          ],
          [
            36.75475,
            35.12169
          ],
          [
            36.75443,
            35.12179
          ],
          [
            36.75441,
            35.1218
          ],
          [
            36.75403,
            35.1219
          ],
          [
            36.75399,
            35.12191
          ],
          [
            36.75377,
            35.12196
          ],
          [
            36.75351,
            35.12201
          ],
          [
            36.75335,
            35.12203
          ],
          [
            36.75291,
            35.1221
          ],
          [
            36.7526,
            35.12214
          ],
          [
            36.75239,
            35.12218
          ],
          [
            36.75218,
            35.12223
          ],
          [
            36.75195,
            35.1223
          ],
          [
            36.75182,
            35.12233
          ],
          [
            36.75113,
            35.12256
          ],
          [
            36.75092,
            35.12262
          ],
          [
            36.75072,
            35.12269
          ],
          [
            36.75022,
            35.12286
          ],
          [
            36.74991,
            35.12296
          ],
          [
            36.74954,
            35.12309
          ],
          [
            36.74913,
            35.12325
          ],
          [
            36.7493,
            35.12344
          ],
          [
            36.74934,
            35.12349
          ],
          [
            36.74978,
            35.12411
          ],
          [
            36.74983,
            35.12419
          ],
          [
            36.75009,
            35.12451
          ],
          [
            36.75046,
            35.12499
          ],
          [
            36.75069,
            35.12529
          ],
          [
            36.75096,
            35.12566
          ],
          [
            36.75097,
            35.12567
          ],
          [
            36.75107,
            35.12581
          ],
          [
            36.75125,
            35.12606
          ],
          [
            36.75134,
            35.12623
          ],
          [
            36.75136,
            35.12629
          ],
          [
            36.75137,
            35.12635
          ],
          [
            36.75139,
            35.1264
          ],
          [
            36.75142,
            35.12645
          ],
          [
            36.75145,
            35.12648
          ],
          [
            36.75148,
            35.12652
          ],
          [
            36.75152,
            35.12658
          ],
          [
            36.7516,
            35.12664
          ],
          [
            36.75168,
            35.1267
          ],
          [
            36.75178,
            35.1268
          ],
          [
            36.75191,
            35.12691
          ],
          [
            36.75205,
            35.12703
          ],
          [
            36.75218,
            35.12714
          ],
          [
            36.7522,
            35.12715
          ],
          [
            36.75231,
            35.12725
          ],
          [
            36.75241,
            35.12734
          ],
          [
            36.75314,
            35.12799
          ],
          [
            36.75331,
            35.12814
          ],
          [
            36.75338,
            35.1282
          ],
          [
            36.75358,
            35.12837
          ],
          [
            36.75374,
            35.1285
          ],
          [
            36.75378,
            35.12853
          ],
          [
            36.75384,
            35.12858
          ],
          [
            36.75396,
            35.12867
          ],
          [
            36.75439,
            35.12898
          ],
          [
            36.75458,
            35.12902
          ]
        ]
      },
      "properties": {
        "id": "hama-016",
        "nameAr": "Directions from موقف دوار الإسكان‎‎‎‎ to موقف الملجأ",
        "nameEn": "Directions from موقف دوار الإسكان‎‎‎‎ to موقف الملجأ",
        "type": "serafee",
        "colorIndex": 7,
        "notes": "",
        "priceOld": 2500,
        "priceNew": 25
      }
    },
    {
      "type": "Feature",
      "geometry": {
        "type": "LineString",
        "coordinates": [
          [
            36.7545,
            35.12919
          ],
          [
            36.75453,
            35.12925
          ],
          [
            36.75456,
            35.12932
          ],
          [
            36.75459,
            35.12941
          ],
          [
            36.75461,
            35.12954
          ],
          [
            36.75463,
            35.12991
          ],
          [
            36.75463,
            35.13014
          ],
          [
            36.75467,
            35.1302
          ],
          [
            36.75474,
            35.13023
          ],
          [
            36.75481,
            35.13026
          ],
          [
            36.75488,
            35.13027
          ],
          [
            36.75496,
            35.13028
          ],
          [
            36.75508,
            35.13029
          ],
          [
            36.75561,
            35.13034
          ],
          [
            36.75592,
            35.13037
          ],
          [
            36.75627,
            35.13039
          ],
          [
            36.75685,
            35.13046
          ],
          [
            36.75694,
            35.13046
          ],
          [
            36.75713,
            35.13046
          ],
          [
            36.75713,
            35.13045
          ],
          [
            36.75714,
            35.13045
          ],
          [
            36.75714,
            35.13044
          ],
          [
            36.75715,
            35.13044
          ],
          [
            36.75715,
            35.13043
          ],
          [
            36.75716,
            35.13043
          ],
          [
            36.75717,
            35.13043
          ],
          [
            36.75717,
            35.13042
          ],
          [
            36.75718,
            35.13042
          ],
          [
            36.75719,
            35.13042
          ],
          [
            36.7572,
            35.13042
          ],
          [
            36.75721,
            35.13041
          ],
          [
            36.75722,
            35.13041
          ],
          [
            36.75723,
            35.13041
          ],
          [
            36.75724,
            35.13041
          ],
          [
            36.75724,
            35.13042
          ],
          [
            36.75725,
            35.13042
          ],
          [
            36.75726,
            35.13042
          ],
          [
            36.75727,
            35.13042
          ],
          [
            36.75728,
            35.13043
          ],
          [
            36.75729,
            35.13043
          ],
          [
            36.75729,
            35.13044
          ],
          [
            36.7573,
            35.13044
          ],
          [
            36.75731,
            35.13045
          ],
          [
            36.75731,
            35.13046
          ],
          [
            36.75732,
            35.13046
          ],
          [
            36.75732,
            35.13047
          ],
          [
            36.75733,
            35.13048
          ],
          [
            36.75733,
            35.13049
          ],
          [
            36.75733,
            35.1305
          ],
          [
            36.75733,
            35.13051
          ],
          [
            36.75733,
            35.13052
          ],
          [
            36.75733,
            35.13053
          ],
          [
            36.75732,
            35.13053
          ],
          [
            36.75732,
            35.13054
          ],
          [
            36.75731,
            35.13055
          ],
          [
            36.75728,
            35.13072
          ],
          [
            36.75719,
            35.13117
          ],
          [
            36.75705,
            35.13177
          ],
          [
            36.75703,
            35.13186
          ],
          [
            36.75696,
            35.13212
          ],
          [
            36.7569,
            35.13242
          ],
          [
            36.75684,
            35.13289
          ],
          [
            36.75683,
            35.13301
          ],
          [
            36.75683,
            35.13307
          ],
          [
            36.75683,
            35.13317
          ],
          [
            36.75684,
            35.13324
          ],
          [
            36.75685,
            35.13332
          ],
          [
            36.75686,
            35.13339
          ],
          [
            36.75688,
            35.13349
          ],
          [
            36.7569,
            35.13359
          ],
          [
            36.75695,
            35.13378
          ],
          [
            36.75701,
            35.13399
          ],
          [
            36.75706,
            35.13416
          ],
          [
            36.75707,
            35.13421
          ],
          [
            36.7571,
            35.13434
          ],
          [
            36.75715,
            35.13452
          ],
          [
            36.75719,
            35.13469
          ],
          [
            36.75726,
            35.13494
          ],
          [
            36.75727,
            35.13505
          ],
          [
            36.75728,
            35.13511
          ],
          [
            36.75729,
            35.13522
          ],
          [
            36.75729,
            35.13523
          ],
          [
            36.75728,
            35.13542
          ],
          [
            36.75727,
            35.13562
          ],
          [
            36.75725,
            35.13576
          ],
          [
            36.75718,
            35.13612
          ],
          [
            36.75713,
            35.13637
          ],
          [
            36.75713,
            35.13641
          ],
          [
            36.75709,
            35.13655
          ],
          [
            36.75709,
            35.13656
          ],
          [
            36.75706,
            35.13667
          ],
          [
            36.7569,
            35.13704
          ],
          [
            36.75689,
            35.13706
          ],
          [
            36.75658,
            35.13778
          ],
          [
            36.75654,
            35.13786
          ],
          [
            36.75637,
            35.13819
          ],
          [
            36.75629,
            35.13837
          ],
          [
            36.7562,
            35.13854
          ],
          [
            36.75611,
            35.13871
          ],
          [
            36.75602,
            35.13889
          ],
          [
            36.75595,
            35.13904
          ],
          [
            36.75554,
            35.13987
          ],
          [
            36.7555,
            35.13998
          ],
          [
            36.75547,
            35.14009
          ],
          [
            36.75542,
            35.14027
          ],
          [
            36.75538,
            35.14047
          ],
          [
            36.75536,
            35.14058
          ],
          [
            36.75533,
            35.14079
          ],
          [
            36.75549,
            35.14089
          ],
          [
            36.75554,
            35.14092
          ],
          [
            36.75557,
            35.14093
          ],
          [
            36.75687,
            35.14138
          ],
          [
            36.75695,
            35.14141
          ],
          [
            36.75718,
            35.14151
          ],
          [
            36.75735,
            35.14159
          ],
          [
            36.75745,
            35.14163
          ],
          [
            36.75804,
            35.14187
          ],
          [
            36.7585,
            35.14206
          ],
          [
            36.75883,
            35.14222
          ],
          [
            36.75899,
            35.1423
          ],
          [
            36.75901,
            35.14229
          ],
          [
            36.75904,
            35.14228
          ],
          [
            36.75906,
            35.14228
          ],
          [
            36.75909,
            35.14228
          ],
          [
            36.75912,
            35.14228
          ],
          [
            36.75917,
            35.14231
          ],
          [
            36.7592,
            35.14234
          ],
          [
            36.7592,
            35.14236
          ],
          [
            36.75921,
            35.14237
          ],
          [
            36.75983,
            35.14266
          ],
          [
            36.76025,
            35.14285
          ],
          [
            36.76087,
            35.1431
          ],
          [
            36.76182,
            35.14352
          ],
          [
            36.76253,
            35.14382
          ],
          [
            36.76339,
            35.14425
          ],
          [
            36.7635,
            35.14431
          ],
          [
            36.76363,
            35.14439
          ],
          [
            36.76403,
            35.14465
          ],
          [
            36.76419,
            35.14476
          ],
          [
            36.7642,
            35.14477
          ],
          [
            36.76432,
            35.14485
          ],
          [
            36.7647,
            35.14511
          ],
          [
            36.76472,
            35.14511
          ],
          [
            36.76487,
            35.14522
          ],
          [
            36.76489,
            35.14523
          ],
          [
            36.76504,
            35.14534
          ],
          [
            36.76521,
            35.14545
          ],
          [
            36.76538,
            35.14557
          ],
          [
            36.7654,
            35.14558
          ],
          [
            36.76555,
            35.14568
          ],
          [
            36.76557,
            35.1457
          ],
          [
            36.76572,
            35.1458
          ],
          [
            36.76589,
            35.14591
          ],
          [
            36.76627,
            35.14617
          ],
          [
            36.76635,
            35.14616
          ],
          [
            36.76642,
            35.14616
          ],
          [
            36.76651,
            35.14617
          ],
          [
            36.76667,
            35.14607
          ],
          [
            36.76672,
            35.14603
          ],
          [
            36.76673,
            35.14602
          ],
          [
            36.76698,
            35.14579
          ],
          [
            36.7679,
            35.14489
          ],
          [
            36.76796,
            35.14482
          ],
          [
            36.76858,
            35.14418
          ],
          [
            36.76864,
            35.1441
          ],
          [
            36.76872,
            35.144
          ],
          [
            36.76894,
            35.14362
          ],
          [
            36.769,
            35.14349
          ],
          [
            36.769,
            35.14347
          ],
          [
            36.769,
            35.14344
          ],
          [
            36.76901,
            35.14341
          ],
          [
            36.76902,
            35.14338
          ],
          [
            36.76905,
            35.14335
          ],
          [
            36.76908,
            35.14333
          ],
          [
            36.7691,
            35.14332
          ],
          [
            36.76911,
            35.14332
          ],
          [
            36.76912,
            35.14331
          ],
          [
            36.76914,
            35.14331
          ],
          [
            36.76915,
            35.14331
          ],
          [
            36.76916,
            35.1433
          ],
          [
            36.76917,
            35.1433
          ],
          [
            36.76919,
            35.1433
          ],
          [
            36.7692,
            35.1433
          ],
          [
            36.76921,
            35.1433
          ],
          [
            36.76923,
            35.14331
          ],
          [
            36.76924,
            35.14331
          ],
          [
            36.76925,
            35.14331
          ],
          [
            36.76926,
            35.14332
          ],
          [
            36.76927,
            35.14332
          ],
          [
            36.76929,
            35.14333
          ],
          [
            36.7693,
            35.14333
          ],
          [
            36.76931,
            35.14334
          ],
          [
            36.76932,
            35.14334
          ],
          [
            36.76933,
            35.14335
          ],
          [
            36.76933,
            35.14336
          ],
          [
            36.76934,
            35.14337
          ],
          [
            36.76935,
            35.14338
          ],
          [
            36.76936,
            35.14339
          ],
          [
            36.76936,
            35.1434
          ],
          [
            36.76937,
            35.14341
          ],
          [
            36.76937,
            35.14342
          ],
          [
            36.76937,
            35.14343
          ],
          [
            36.76972,
            35.14351
          ],
          [
            36.77023,
            35.14359
          ],
          [
            36.77035,
            35.1436
          ],
          [
            36.7711,
            35.14369
          ],
          [
            36.77132,
            35.14372
          ],
          [
            36.77161,
            35.14375
          ],
          [
            36.77196,
            35.1438
          ],
          [
            36.77263,
            35.14388
          ],
          [
            36.77283,
            35.14391
          ],
          [
            36.77304,
            35.14394
          ],
          [
            36.77377,
            35.14403
          ],
          [
            36.77383,
            35.14404
          ],
          [
            36.77468,
            35.14413
          ],
          [
            36.77471,
            35.14413
          ],
          [
            36.77473,
            35.14395
          ],
          [
            36.77475,
            35.14377
          ],
          [
            36.77487,
            35.14267
          ],
          [
            36.77505,
            35.14124
          ],
          [
            36.77507,
            35.14106
          ],
          [
            36.77513,
            35.14059
          ],
          [
            36.77514,
            35.14049
          ],
          [
            36.77514,
            35.14039
          ],
          [
            36.77514,
            35.14032
          ],
          [
            36.77514,
            35.14031
          ]
        ]
      },
      "properties": {
        "id": "hama-017",
        "nameAr": "مسار الذهاب (الرئيسي)",
        "nameEn": "مسار الذهاب (الرئيسي)",
        "type": "serafee",
        "colorIndex": 0,
        "notes": "",
        "priceOld": 2500,
        "priceNew": 25
      }
    },
    {
      "type": "Feature",
      "geometry": {
        "type": "LineString",
        "coordinates": [
          [
            36.77514,
            35.14031
          ],
          [
            36.77513,
            35.14027
          ],
          [
            36.77511,
            35.14017
          ],
          [
            36.77507,
            35.14011
          ],
          [
            36.77505,
            35.14008
          ],
          [
            36.77503,
            35.14005
          ],
          [
            36.77499,
            35.14001
          ],
          [
            36.77496,
            35.13998
          ],
          [
            36.77496,
            35.13995
          ],
          [
            36.77497,
            35.13993
          ],
          [
            36.77499,
            35.13992
          ],
          [
            36.77501,
            35.1399
          ],
          [
            36.77505,
            35.13989
          ],
          [
            36.77509,
            35.13988
          ],
          [
            36.77514,
            35.13991
          ],
          [
            36.77516,
            35.13993
          ],
          [
            36.77518,
            35.13995
          ],
          [
            36.7752,
            35.13998
          ],
          [
            36.77522,
            35.14
          ],
          [
            36.77524,
            35.14003
          ],
          [
            36.77525,
            35.14005
          ],
          [
            36.77525,
            35.14008
          ],
          [
            36.77526,
            35.14011
          ],
          [
            36.77528,
            35.14031
          ],
          [
            36.77528,
            35.14039
          ],
          [
            36.77527,
            35.1405
          ],
          [
            36.77527,
            35.14059
          ],
          [
            36.77524,
            35.14085
          ],
          [
            36.77518,
            35.14143
          ],
          [
            36.77511,
            35.14206
          ],
          [
            36.77503,
            35.1427
          ],
          [
            36.77489,
            35.14381
          ],
          [
            36.77487,
            35.14392
          ],
          [
            36.77487,
            35.14399
          ],
          [
            36.77485,
            35.14416
          ],
          [
            36.77477,
            35.14488
          ],
          [
            36.77475,
            35.14513
          ],
          [
            36.77471,
            35.14544
          ],
          [
            36.7747,
            35.14549
          ],
          [
            36.77468,
            35.14563
          ],
          [
            36.77465,
            35.14581
          ],
          [
            36.77462,
            35.1459
          ],
          [
            36.77459,
            35.14602
          ],
          [
            36.77452,
            35.1462
          ],
          [
            36.7745,
            35.14624
          ],
          [
            36.77445,
            35.14631
          ],
          [
            36.77443,
            35.14635
          ],
          [
            36.77429,
            35.14652
          ],
          [
            36.7738,
            35.14698
          ],
          [
            36.77363,
            35.14714
          ],
          [
            36.77323,
            35.14753
          ],
          [
            36.77315,
            35.14762
          ],
          [
            36.77266,
            35.1481
          ],
          [
            36.77252,
            35.14824
          ],
          [
            36.77183,
            35.14894
          ],
          [
            36.77177,
            35.149
          ],
          [
            36.77165,
            35.14912
          ],
          [
            36.77131,
            35.14948
          ],
          [
            36.7713,
            35.14949
          ],
          [
            36.77131,
            35.1495
          ],
          [
            36.77132,
            35.14952
          ],
          [
            36.77132,
            35.14954
          ],
          [
            36.77132,
            35.14956
          ],
          [
            36.77133,
            35.14958
          ],
          [
            36.77133,
            35.14959
          ],
          [
            36.77132,
            35.14961
          ],
          [
            36.77132,
            35.14963
          ],
          [
            36.77131,
            35.14965
          ],
          [
            36.7713,
            35.14968
          ],
          [
            36.77129,
            35.1497
          ],
          [
            36.77127,
            35.14972
          ],
          [
            36.77125,
            35.14974
          ],
          [
            36.77123,
            35.14975
          ],
          [
            36.77121,
            35.14977
          ],
          [
            36.77116,
            35.14979
          ],
          [
            36.77114,
            35.1498
          ],
          [
            36.77111,
            35.14981
          ],
          [
            36.77108,
            35.14981
          ],
          [
            36.77105,
            35.14981
          ],
          [
            36.77103,
            35.14981
          ],
          [
            36.771,
            35.14981
          ],
          [
            36.77097,
            35.14981
          ],
          [
            36.77095,
            35.1498
          ],
          [
            36.77093,
            35.14979
          ],
          [
            36.77089,
            35.14978
          ],
          [
            36.77085,
            35.14976
          ],
          [
            36.77081,
            35.14972
          ],
          [
            36.77079,
            35.1497
          ],
          [
            36.77078,
            35.14968
          ],
          [
            36.77077,
            35.14965
          ],
          [
            36.77076,
            35.14963
          ],
          [
            36.77076,
            35.14961
          ],
          [
            36.77076,
            35.14958
          ],
          [
            36.77076,
            35.14956
          ],
          [
            36.77076,
            35.14953
          ],
          [
            36.77074,
            35.14951
          ],
          [
            36.77045,
            35.14927
          ],
          [
            36.76948,
            35.14863
          ],
          [
            36.76868,
            35.14808
          ],
          [
            36.76802,
            35.14761
          ],
          [
            36.76789,
            35.14752
          ],
          [
            36.76751,
            35.14726
          ],
          [
            36.76735,
            35.14716
          ],
          [
            36.76734,
            35.14715
          ],
          [
            36.76677,
            35.14676
          ],
          [
            36.76661,
            35.14666
          ],
          [
            36.76658,
            35.14665
          ],
          [
            36.76654,
            35.14665
          ],
          [
            36.76651,
            35.14666
          ],
          [
            36.76648,
            35.14666
          ],
          [
            36.76644,
            35.14667
          ],
          [
            36.76641,
            35.14667
          ],
          [
            36.76638,
            35.14666
          ],
          [
            36.76634,
            35.14666
          ],
          [
            36.76631,
            35.14665
          ],
          [
            36.76625,
            35.14662
          ],
          [
            36.7662,
            35.14659
          ],
          [
            36.76616,
            35.14655
          ],
          [
            36.76613,
            35.14649
          ],
          [
            36.76612,
            35.14644
          ],
          [
            36.76612,
            35.14638
          ],
          [
            36.76614,
            35.14631
          ],
          [
            36.76612,
            35.14628
          ],
          [
            36.76604,
            35.14619
          ],
          [
            36.76593,
            35.14611
          ],
          [
            36.76581,
            35.14602
          ],
          [
            36.76566,
            35.14592
          ],
          [
            36.76549,
            35.1458
          ],
          [
            36.76546,
            35.14578
          ],
          [
            36.76535,
            35.1457
          ],
          [
            36.76532,
            35.14569
          ],
          [
            36.76498,
            35.14546
          ],
          [
            36.76475,
            35.14531
          ],
          [
            36.76464,
            35.14524
          ],
          [
            36.76446,
            35.14513
          ],
          [
            36.76394,
            35.14479
          ],
          [
            36.76392,
            35.14478
          ],
          [
            36.76377,
            35.14469
          ],
          [
            36.76326,
            35.14438
          ],
          [
            36.76305,
            35.14427
          ],
          [
            36.763,
            35.14424
          ],
          [
            36.7628,
            35.14413
          ],
          [
            36.76268,
            35.14408
          ],
          [
            36.76218,
            35.14385
          ],
          [
            36.7616,
            35.14359
          ],
          [
            36.76153,
            35.14356
          ],
          [
            36.76057,
            35.14313
          ],
          [
            36.76025,
            35.14299
          ],
          [
            36.75969,
            35.14274
          ],
          [
            36.75927,
            35.14256
          ],
          [
            36.75919,
            35.14253
          ],
          [
            36.75913,
            35.1425
          ],
          [
            36.75912,
            35.1425
          ],
          [
            36.7591,
            35.1425
          ],
          [
            36.75905,
            35.1425
          ],
          [
            36.75901,
            35.14249
          ],
          [
            36.75897,
            35.14247
          ],
          [
            36.75894,
            35.14244
          ],
          [
            36.75892,
            35.14242
          ],
          [
            36.75892,
            35.1424
          ],
          [
            36.75781,
            35.14195
          ],
          [
            36.75766,
            35.14188
          ],
          [
            36.75739,
            35.14177
          ],
          [
            36.75714,
            35.14166
          ],
          [
            36.75687,
            35.14154
          ],
          [
            36.75658,
            35.14142
          ],
          [
            36.75648,
            35.14138
          ],
          [
            36.75584,
            35.14117
          ],
          [
            36.75551,
            35.14106
          ],
          [
            36.75543,
            35.14104
          ],
          [
            36.75521,
            35.141
          ],
          [
            36.75517,
            35.14102
          ],
          [
            36.75514,
            35.14102
          ],
          [
            36.7551,
            35.14102
          ],
          [
            36.75505,
            35.14101
          ],
          [
            36.75502,
            35.141
          ],
          [
            36.75498,
            35.14099
          ],
          [
            36.75495,
            35.14097
          ],
          [
            36.75492,
            35.14094
          ],
          [
            36.7549,
            35.14092
          ],
          [
            36.75489,
            35.14088
          ],
          [
            36.75488,
            35.14084
          ],
          [
            36.75489,
            35.1408
          ],
          [
            36.7549,
            35.14077
          ],
          [
            36.75492,
            35.14073
          ],
          [
            36.75499,
            35.14068
          ],
          [
            36.75503,
            35.14062
          ],
          [
            36.7551,
            35.14052
          ],
          [
            36.75516,
            35.14041
          ],
          [
            36.75524,
            35.14023
          ],
          [
            36.75532,
            35.14006
          ],
          [
            36.75534,
            35.14002
          ],
          [
            36.75572,
            35.13917
          ],
          [
            36.75575,
            35.13911
          ],
          [
            36.75579,
            35.13903
          ],
          [
            36.75581,
            35.13899
          ],
          [
            36.75609,
            35.13848
          ],
          [
            36.75614,
            35.1384
          ],
          [
            36.75618,
            35.13832
          ],
          [
            36.75622,
            35.13824
          ],
          [
            36.75627,
            35.13813
          ],
          [
            36.75634,
            35.13796
          ],
          [
            36.7565,
            35.13762
          ],
          [
            36.75658,
            35.13745
          ],
          [
            36.75661,
            35.13737
          ],
          [
            36.75681,
            35.13695
          ],
          [
            36.75685,
            35.13686
          ],
          [
            36.75689,
            35.13678
          ],
          [
            36.75691,
            35.13674
          ],
          [
            36.75698,
            35.13655
          ],
          [
            36.757,
            35.13648
          ],
          [
            36.757,
            35.13643
          ],
          [
            36.75701,
            35.1364
          ],
          [
            36.75713,
            35.13561
          ],
          [
            36.75715,
            35.13549
          ],
          [
            36.75714,
            35.13536
          ],
          [
            36.75713,
            35.13525
          ],
          [
            36.7571,
            35.13508
          ],
          [
            36.75709,
            35.13496
          ],
          [
            36.75708,
            35.13493
          ],
          [
            36.75705,
            35.13478
          ],
          [
            36.75702,
            35.13462
          ],
          [
            36.75692,
            35.13422
          ],
          [
            36.75686,
            35.13399
          ],
          [
            36.75685,
            35.13393
          ],
          [
            36.7568,
            35.13376
          ],
          [
            36.75672,
            35.13341
          ],
          [
            36.75671,
            35.1334
          ],
          [
            36.75665,
            35.13316
          ],
          [
            36.75664,
            35.13308
          ],
          [
            36.75663,
            35.13305
          ],
          [
            36.75663,
            35.133
          ],
          [
            36.75664,
            35.13292
          ],
          [
            36.75668,
            35.13276
          ],
          [
            36.75672,
            35.13258
          ],
          [
            36.75676,
            35.13241
          ],
          [
            36.75684,
            35.13205
          ],
          [
            36.75689,
            35.13176
          ],
          [
            36.75666,
            35.13171
          ],
          [
            36.75597,
            35.13158
          ],
          [
            36.75585,
            35.13155
          ],
          [
            36.75574,
            35.13152
          ],
          [
            36.75556,
            35.13147
          ],
          [
            36.75543,
            35.13143
          ],
          [
            36.75527,
            35.13139
          ],
          [
            36.75507,
            35.13133
          ],
          [
            36.75496,
            35.1313
          ],
          [
            36.75485,
            35.13128
          ],
          [
            36.75475,
            35.13128
          ],
          [
            36.75465,
            35.13128
          ],
          [
            36.75463,
            35.13128
          ],
          [
            36.75455,
            35.13129
          ],
          [
            36.7544,
            35.1313
          ],
          [
            36.75423,
            35.13132
          ],
          [
            36.75414,
            35.13133
          ],
          [
            36.75398,
            35.13134
          ],
          [
            36.75397,
            35.13134
          ],
          [
            36.75385,
            35.13134
          ],
          [
            36.75373,
            35.13134
          ],
          [
            36.75353,
            35.13133
          ],
          [
            36.75316,
            35.1313
          ],
          [
            36.7529,
            35.13128
          ],
          [
            36.75229,
            35.13128
          ],
          [
            36.75201,
            35.13123
          ],
          [
            36.75189,
            35.1312
          ],
          [
            36.75131,
            35.13104
          ],
          [
            36.75126,
            35.13103
          ],
          [
            36.75101,
            35.13098
          ],
          [
            36.75083,
            35.13095
          ],
          [
            36.75075,
            35.13094
          ],
          [
            36.75072,
            35.13093
          ],
          [
            36.75053,
            35.1309
          ],
          [
            36.75031,
            35.13088
          ],
          [
            36.74971,
            35.13083
          ],
          [
            36.74959,
            35.13082
          ],
          [
            36.7494,
            35.13079
          ],
          [
            36.74922,
            35.13076
          ],
          [
            36.74879,
            35.1307
          ],
          [
            36.74867,
            35.13068
          ],
          [
            36.74862,
            35.13066
          ],
          [
            36.74859,
            35.13064
          ],
          [
            36.74858,
            35.13062
          ],
          [
            36.74855,
            35.13058
          ],
          [
            36.74859,
            35.13029
          ],
          [
            36.74861,
            35.13018
          ],
          [
            36.74862,
            35.13015
          ],
          [
            36.74864,
            35.13012
          ],
          [
            36.7487,
            35.13005
          ],
          [
            36.74881,
            35.12991
          ],
          [
            36.74885,
            35.12986
          ],
          [
            36.7489,
            35.12979
          ],
          [
            36.74898,
            35.12968
          ],
          [
            36.74903,
            35.12961
          ],
          [
            36.74919,
            35.12942
          ],
          [
            36.74935,
            35.1292
          ],
          [
            36.74946,
            35.12905
          ],
          [
            36.74952,
            35.12896
          ],
          [
            36.74974,
            35.12865
          ],
          [
            36.74998,
            35.12831
          ],
          [
            36.75016,
            35.12805
          ],
          [
            36.75022,
            35.12798
          ],
          [
            36.75033,
            35.12783
          ],
          [
            36.75062,
            35.12746
          ],
          [
            36.75085,
            35.12716
          ],
          [
            36.75089,
            35.12711
          ],
          [
            36.75103,
            35.12689
          ],
          [
            36.75105,
            35.12687
          ],
          [
            36.75122,
            35.12665
          ],
          [
            36.75126,
            35.12657
          ],
          [
            36.75127,
            35.1265
          ],
          [
            36.75127,
            35.12643
          ],
          [
            36.75126,
            35.12635
          ],
          [
            36.75122,
            35.12625
          ],
          [
            36.75113,
            35.12608
          ],
          [
            36.751,
            35.12589
          ],
          [
            36.75091,
            35.12577
          ],
          [
            36.75055,
            35.12532
          ],
          [
            36.75053,
            35.1253
          ],
          [
            36.75028,
            35.125
          ],
          [
            36.74992,
            35.12455
          ],
          [
            36.7498,
            35.1244
          ],
          [
            36.74968,
            35.12425
          ],
          [
            36.74956,
            35.1241
          ],
          [
            36.7492,
            35.12365
          ],
          [
            36.74919,
            35.12363
          ],
          [
            36.7491,
            35.12354
          ],
          [
            36.74895,
            35.1234
          ],
          [
            36.74893,
            35.1234
          ],
          [
            36.74892,
            35.1234
          ],
          [
            36.7489,
            35.1234
          ],
          [
            36.74888,
            35.1234
          ],
          [
            36.74887,
            35.1234
          ],
          [
            36.74885,
            35.1234
          ],
          [
            36.74883,
            35.12339
          ],
          [
            36.74882,
            35.12339
          ],
          [
            36.7488,
            35.12338
          ],
          [
            36.74879,
            35.12337
          ],
          [
            36.74877,
            35.12336
          ],
          [
            36.74876,
            35.12336
          ],
          [
            36.74875,
            35.12334
          ],
          [
            36.74873,
            35.12333
          ],
          [
            36.74872,
            35.12332
          ],
          [
            36.74871,
            35.12331
          ],
          [
            36.74871,
            35.1233
          ],
          [
            36.7487,
            35.12328
          ],
          [
            36.74869,
            35.12327
          ],
          [
            36.74869,
            35.12325
          ],
          [
            36.74869,
            35.12324
          ],
          [
            36.74869,
            35.12321
          ],
          [
            36.74869,
            35.1232
          ],
          [
            36.74869,
            35.12318
          ],
          [
            36.7487,
            35.12317
          ],
          [
            36.7487,
            35.12315
          ],
          [
            36.74871,
            35.12314
          ],
          [
            36.74872,
            35.12313
          ],
          [
            36.74873,
            35.12311
          ],
          [
            36.74874,
            35.1231
          ],
          [
            36.74875,
            35.12309
          ],
          [
            36.74877,
            35.12308
          ],
          [
            36.74878,
            35.12307
          ],
          [
            36.7488,
            35.12307
          ],
          [
            36.74881,
            35.12306
          ],
          [
            36.74883,
            35.12305
          ],
          [
            36.74885,
            35.12305
          ],
          [
            36.74886,
            35.12304
          ],
          [
            36.74888,
            35.12304
          ],
          [
            36.7489,
            35.12304
          ],
          [
            36.74892,
            35.12304
          ],
          [
            36.74893,
            35.12304
          ],
          [
            36.74895,
            35.12304
          ],
          [
            36.74897,
            35.12305
          ],
          [
            36.74899,
            35.12305
          ],
          [
            36.74901,
            35.12306
          ],
          [
            36.74903,
            35.12307
          ],
          [
            36.74904,
            35.12308
          ],
          [
            36.74905,
            35.12308
          ],
          [
            36.74907,
            35.12309
          ],
          [
            36.74908,
            35.12311
          ],
          [
            36.74909,
            35.12312
          ],
          [
            36.7491,
            35.12313
          ],
          [
            36.74911,
            35.12314
          ],
          [
            36.74912,
            35.12316
          ],
          [
            36.74912,
            35.12317
          ],
          [
            36.74913,
            35.12318
          ],
          [
            36.74913,
            35.1232
          ],
          [
            36.74913,
            35.12321
          ],
          [
            36.74913,
            35.12323
          ],
          [
            36.74913,
            35.12325
          ],
          [
            36.74934,
            35.12349
          ],
          [
            36.74978,
            35.12411
          ],
          [
            36.74983,
            35.12419
          ],
          [
            36.75009,
            35.12451
          ],
          [
            36.75046,
            35.12499
          ],
          [
            36.75069,
            35.12529
          ],
          [
            36.75096,
            35.12566
          ],
          [
            36.75097,
            35.12567
          ],
          [
            36.75107,
            35.12581
          ],
          [
            36.75125,
            35.12606
          ],
          [
            36.75134,
            35.12623
          ],
          [
            36.75136,
            35.12629
          ],
          [
            36.75137,
            35.12635
          ],
          [
            36.75139,
            35.1264
          ],
          [
            36.75142,
            35.12645
          ],
          [
            36.75145,
            35.12648
          ],
          [
            36.75148,
            35.12652
          ],
          [
            36.75152,
            35.12658
          ],
          [
            36.7516,
            35.12664
          ],
          [
            36.75168,
            35.1267
          ],
          [
            36.75178,
            35.1268
          ],
          [
            36.75191,
            35.12691
          ],
          [
            36.75205,
            35.12703
          ],
          [
            36.75218,
            35.12714
          ],
          [
            36.7522,
            35.12715
          ],
          [
            36.75231,
            35.12725
          ],
          [
            36.75241,
            35.12734
          ],
          [
            36.75314,
            35.12799
          ],
          [
            36.75331,
            35.12814
          ],
          [
            36.75338,
            35.1282
          ],
          [
            36.75358,
            35.12837
          ],
          [
            36.75374,
            35.1285
          ],
          [
            36.75378,
            35.12853
          ],
          [
            36.75384,
            35.12858
          ],
          [
            36.75396,
            35.12867
          ],
          [
            36.75439,
            35.12898
          ],
          [
            36.7545,
            35.12919
          ]
        ]
      },
      "properties": {
        "id": "hama-018",
        "nameAr": "مسار العودة (الرئيسي)",
        "nameEn": "مسار العودة (الرئيسي)",
        "type": "serafee",
        "colorIndex": 1,
        "notes": "",
        "priceOld": 2500,
        "priceNew": 25
      }
    },
    {
      "type": "Feature",
      "geometry": {
        "type": "LineString",
        "coordinates": [
          [
            36.7664,
            35.14616
          ],
          [
            36.76642,
            35.14616
          ],
          [
            36.76651,
            35.14617
          ],
          [
            36.76656,
            35.14619
          ],
          [
            36.76661,
            35.14621
          ],
          [
            36.76664,
            35.14623
          ],
          [
            36.76667,
            35.14625
          ],
          [
            36.76669,
            35.14628
          ],
          [
            36.76672,
            35.14631
          ],
          [
            36.76673,
            35.14634
          ],
          [
            36.76674,
            35.14637
          ],
          [
            36.76674,
            35.1464
          ],
          [
            36.76674,
            35.14643
          ],
          [
            36.76674,
            35.14646
          ],
          [
            36.76673,
            35.14649
          ],
          [
            36.76671,
            35.14652
          ],
          [
            36.7667,
            35.14654
          ],
          [
            36.76723,
            35.14693
          ],
          [
            36.76749,
            35.14711
          ],
          [
            36.76774,
            35.14728
          ],
          [
            36.76784,
            35.14735
          ],
          [
            36.76807,
            35.14751
          ],
          [
            36.76824,
            35.14763
          ],
          [
            36.76855,
            35.14783
          ],
          [
            36.76879,
            35.148
          ],
          [
            36.76932,
            35.14836
          ],
          [
            36.76965,
            35.14859
          ],
          [
            36.76982,
            35.14871
          ],
          [
            36.77032,
            35.14905
          ],
          [
            36.7705,
            35.14918
          ],
          [
            36.77085,
            35.14941
          ],
          [
            36.77087,
            35.14939
          ],
          [
            36.7709,
            35.14938
          ],
          [
            36.77092,
            35.14937
          ],
          [
            36.77095,
            35.14936
          ],
          [
            36.77098,
            35.14935
          ],
          [
            36.771,
            35.14935
          ],
          [
            36.77101,
            35.14935
          ],
          [
            36.77104,
            35.14935
          ],
          [
            36.77107,
            35.14935
          ],
          [
            36.77112,
            35.14936
          ],
          [
            36.77122,
            35.14929
          ],
          [
            36.77178,
            35.1488
          ],
          [
            36.772,
            35.14859
          ],
          [
            36.77251,
            35.14809
          ],
          [
            36.77259,
            35.14801
          ],
          [
            36.77334,
            35.14726
          ],
          [
            36.77339,
            35.14721
          ],
          [
            36.77395,
            35.14666
          ],
          [
            36.77415,
            35.14645
          ],
          [
            36.77428,
            35.14631
          ],
          [
            36.77433,
            35.14622
          ],
          [
            36.77436,
            35.14617
          ],
          [
            36.77436,
            35.14616
          ],
          [
            36.77442,
            35.14605
          ],
          [
            36.77444,
            35.146
          ],
          [
            36.77451,
            35.14577
          ],
          [
            36.77452,
            35.1457
          ],
          [
            36.77459,
            35.14518
          ],
          [
            36.77469,
            35.1443
          ],
          [
            36.77471,
            35.14413
          ],
          [
            36.77473,
            35.14395
          ],
          [
            36.77475,
            35.14377
          ],
          [
            36.77487,
            35.14273
          ],
          [
            36.77487,
            35.14267
          ],
          [
            36.77505,
            35.14124
          ],
          [
            36.77507,
            35.14106
          ],
          [
            36.77513,
            35.14059
          ],
          [
            36.77514,
            35.14049
          ],
          [
            36.77514,
            35.14039
          ],
          [
            36.77514,
            35.14032
          ],
          [
            36.77514,
            35.14031
          ],
          [
            36.77513,
            35.14027
          ],
          [
            36.77511,
            35.14017
          ],
          [
            36.77507,
            35.14011
          ],
          [
            36.77505,
            35.14008
          ],
          [
            36.77503,
            35.14005
          ],
          [
            36.77499,
            35.14001
          ],
          [
            36.77496,
            35.13998
          ],
          [
            36.77488,
            35.13994
          ],
          [
            36.77471,
            35.13987
          ],
          [
            36.77458,
            35.13984
          ],
          [
            36.77441,
            35.13981
          ],
          [
            36.77391,
            35.13974
          ],
          [
            36.77369,
            35.1397
          ],
          [
            36.77278,
            35.13957
          ],
          [
            36.7721,
            35.13944
          ],
          [
            36.77146,
            35.13932
          ],
          [
            36.77103,
            35.13923
          ],
          [
            36.77022,
            35.13908
          ],
          [
            36.77017,
            35.13907
          ],
          [
            36.76984,
            35.14033
          ],
          [
            36.76979,
            35.14051
          ],
          [
            36.76976,
            35.1408
          ],
          [
            36.76973,
            35.14117
          ],
          [
            36.76969,
            35.14162
          ],
          [
            36.76964,
            35.14221
          ],
          [
            36.7696,
            35.14272
          ],
          [
            36.76956,
            35.14304
          ],
          [
            36.76953,
            35.14316
          ],
          [
            36.76949,
            35.14327
          ],
          [
            36.7694,
            35.14338
          ],
          [
            36.76937,
            35.14343
          ],
          [
            36.76937,
            35.14344
          ],
          [
            36.76938,
            35.14345
          ],
          [
            36.76938,
            35.14346
          ],
          [
            36.76937,
            35.14348
          ],
          [
            36.76937,
            35.14349
          ],
          [
            36.76937,
            35.1435
          ],
          [
            36.76937,
            35.14351
          ],
          [
            36.76936,
            35.14352
          ],
          [
            36.76936,
            35.14353
          ],
          [
            36.76935,
            35.14354
          ],
          [
            36.76934,
            35.14354
          ],
          [
            36.76934,
            35.14355
          ],
          [
            36.76933,
            35.14356
          ],
          [
            36.76932,
            35.14357
          ],
          [
            36.76931,
            35.14358
          ],
          [
            36.7693,
            35.14358
          ],
          [
            36.76929,
            35.14359
          ],
          [
            36.76919,
            35.14375
          ],
          [
            36.76913,
            35.14381
          ],
          [
            36.76909,
            35.14386
          ],
          [
            36.76882,
            35.14413
          ],
          [
            36.76873,
            35.14423
          ],
          [
            36.76856,
            35.14441
          ],
          [
            36.76825,
            35.14473
          ],
          [
            36.76809,
            35.14487
          ],
          [
            36.76802,
            35.14494
          ],
          [
            36.76729,
            35.14568
          ],
          [
            36.76669,
            35.14628
          ],
          [
            36.76672,
            35.14631
          ],
          [
            36.76673,
            35.14634
          ],
          [
            36.76674,
            35.14637
          ],
          [
            36.76674,
            35.1464
          ],
          [
            36.76674,
            35.14643
          ],
          [
            36.76674,
            35.14646
          ],
          [
            36.76673,
            35.14649
          ],
          [
            36.76671,
            35.14652
          ],
          [
            36.7667,
            35.14654
          ],
          [
            36.76668,
            35.14656
          ],
          [
            36.76667,
            35.14657
          ],
          [
            36.76665,
            35.14659
          ],
          [
            36.76664,
            35.1466
          ],
          [
            36.76662,
            35.14661
          ],
          [
            36.76661,
            35.14662
          ],
          [
            36.76659,
            35.14663
          ],
          [
            36.76658,
            35.14665
          ],
          [
            36.76654,
            35.14665
          ],
          [
            36.76651,
            35.14666
          ],
          [
            36.76648,
            35.14666
          ],
          [
            36.76644,
            35.14667
          ],
          [
            36.76641,
            35.14667
          ],
          [
            36.76638,
            35.14666
          ],
          [
            36.76634,
            35.14666
          ],
          [
            36.76631,
            35.14665
          ],
          [
            36.76625,
            35.14662
          ],
          [
            36.7662,
            35.14659
          ]
        ]
      },
      "properties": {
        "id": "hama-019",
        "nameAr": "مسار ذهاب (اختياري على كيف الشوفير)",
        "nameEn": "مسار ذهاب (اختياري على كيف الشوفير)",
        "type": "serafee",
        "colorIndex": 2,
        "notes": "",
        "priceOld": 2500,
        "priceNew": 25
      }
    },
    {
      "type": "Feature",
      "geometry": {
        "type": "LineString",
        "coordinates": [
          [
            36.7491,
            35.12354
          ],
          [
            36.74895,
            35.1234
          ],
          [
            36.74893,
            35.1234
          ],
          [
            36.74892,
            35.1234
          ],
          [
            36.7489,
            35.1234
          ],
          [
            36.74888,
            35.1234
          ],
          [
            36.74887,
            35.1234
          ],
          [
            36.74885,
            35.1234
          ],
          [
            36.74883,
            35.12339
          ],
          [
            36.74882,
            35.12339
          ],
          [
            36.7488,
            35.12338
          ],
          [
            36.74879,
            35.12337
          ],
          [
            36.74877,
            35.12336
          ],
          [
            36.74876,
            35.12336
          ],
          [
            36.74875,
            35.12334
          ],
          [
            36.74873,
            35.12333
          ],
          [
            36.74872,
            35.12332
          ],
          [
            36.74871,
            35.12331
          ],
          [
            36.74871,
            35.1233
          ],
          [
            36.7487,
            35.12328
          ],
          [
            36.74869,
            35.12327
          ],
          [
            36.74869,
            35.12325
          ],
          [
            36.74869,
            35.12324
          ],
          [
            36.74869,
            35.12321
          ],
          [
            36.74864,
            35.12312
          ],
          [
            36.74862,
            35.12308
          ],
          [
            36.74859,
            35.12297
          ],
          [
            36.74854,
            35.12283
          ],
          [
            36.74846,
            35.12249
          ],
          [
            36.74827,
            35.12205
          ],
          [
            36.74815,
            35.12181
          ],
          [
            36.74795,
            35.12146
          ],
          [
            36.7479,
            35.12136
          ],
          [
            36.74786,
            35.1213
          ],
          [
            36.74778,
            35.1212
          ],
          [
            36.74774,
            35.12115
          ],
          [
            36.74768,
            35.1211
          ],
          [
            36.74761,
            35.12106
          ],
          [
            36.74752,
            35.12102
          ],
          [
            36.74745,
            35.12099
          ],
          [
            36.74728,
            35.12094
          ],
          [
            36.74713,
            35.1209
          ],
          [
            36.74667,
            35.1208
          ],
          [
            36.74649,
            35.12077
          ],
          [
            36.74629,
            35.12073
          ],
          [
            36.74604,
            35.12066
          ],
          [
            36.74589,
            35.12059
          ],
          [
            36.74573,
            35.12052
          ],
          [
            36.74569,
            35.12055
          ],
          [
            36.74565,
            35.12056
          ],
          [
            36.74561,
            35.12056
          ],
          [
            36.74557,
            35.12056
          ],
          [
            36.74553,
            35.12056
          ],
          [
            36.74548,
            35.12055
          ],
          [
            36.74545,
            35.12054
          ],
          [
            36.74542,
            35.12052
          ],
          [
            36.74539,
            35.1205
          ],
          [
            36.74538,
            35.12048
          ],
          [
            36.74536,
            35.12046
          ],
          [
            36.74534,
            35.12043
          ],
          [
            36.74523,
            35.12038
          ],
          [
            36.74513,
            35.12033
          ],
          [
            36.74501,
            35.12028
          ],
          [
            36.74476,
            35.12022
          ],
          [
            36.74425,
            35.12011
          ],
          [
            36.74361,
            35.11998
          ],
          [
            36.74342,
            35.11993
          ],
          [
            36.7434,
            35.11993
          ],
          [
            36.74322,
            35.1199
          ],
          [
            36.74308,
            35.11987
          ],
          [
            36.74286,
            35.11983
          ],
          [
            36.7427,
            35.11981
          ],
          [
            36.74252,
            35.11979
          ],
          [
            36.74226,
            35.11978
          ],
          [
            36.74201,
            35.11977
          ],
          [
            36.74186,
            35.11978
          ],
          [
            36.74174,
            35.11978
          ],
          [
            36.74149,
            35.11978
          ],
          [
            36.74143,
            35.11978
          ],
          [
            36.74125,
            35.11978
          ],
          [
            36.74075,
            35.11979
          ],
          [
            36.74041,
            35.11981
          ],
          [
            36.74028,
            35.11982
          ],
          [
            36.74014,
            35.11983
          ],
          [
            36.73997,
            35.11986
          ],
          [
            36.73983,
            35.1199
          ],
          [
            36.73965,
            35.11995
          ],
          [
            36.73965,
            35.12009
          ],
          [
            36.73964,
            35.12018
          ],
          [
            36.73963,
            35.12046
          ],
          [
            36.73963,
            35.12064
          ],
          [
            36.73956,
            35.12103
          ],
          [
            36.73954,
            35.12113
          ],
          [
            36.73949,
            35.12147
          ],
          [
            36.73945,
            35.1217
          ],
          [
            36.73942,
            35.12216
          ],
          [
            36.73941,
            35.12227
          ],
          [
            36.7394,
            35.12241
          ],
          [
            36.73941,
            35.12255
          ],
          [
            36.73942,
            35.12265
          ],
          [
            36.73944,
            35.12275
          ],
          [
            36.73946,
            35.12302
          ],
          [
            36.73989,
            35.12331
          ],
          [
            36.73995,
            35.12334
          ],
          [
            36.74,
            35.12337
          ],
          [
            36.74002,
            35.12338
          ],
          [
            36.74003,
            35.12339
          ],
          [
            36.74004,
            35.12341
          ],
          [
            36.74005,
            35.12342
          ],
          [
            36.74005,
            35.12344
          ],
          [
            36.74006,
            35.12345
          ],
          [
            36.74006,
            35.12347
          ],
          [
            36.74007,
            35.12348
          ],
          [
            36.74006,
            35.12353
          ],
          [
            36.74006,
            35.12356
          ],
          [
            36.74004,
            35.12358
          ],
          [
            36.74002,
            35.12361
          ],
          [
            36.74,
            35.12363
          ],
          [
            36.73997,
            35.12365
          ],
          [
            36.73993,
            35.12367
          ],
          [
            36.73992,
            35.12367
          ],
          [
            36.7399,
            35.12368
          ],
          [
            36.73986,
            35.12368
          ],
          [
            36.73988,
            35.12383
          ],
          [
            36.73988,
            35.12402
          ],
          [
            36.73987,
            35.12422
          ],
          [
            36.73985,
            35.12456
          ],
          [
            36.73983,
            35.1248
          ],
          [
            36.73982,
            35.12487
          ],
          [
            36.7398,
            35.12493
          ],
          [
            36.7398,
            35.12495
          ],
          [
            36.73976,
            35.12504
          ],
          [
            36.73959,
            35.12538
          ],
          [
            36.73939,
            35.12577
          ],
          [
            36.73904,
            35.12644
          ],
          [
            36.73854,
            35.12744
          ],
          [
            36.73816,
            35.12823
          ],
          [
            36.73812,
            35.12829
          ],
          [
            36.7381,
            35.12834
          ],
          [
            36.738,
            35.12831
          ],
          [
            36.73793,
            35.12829
          ],
          [
            36.73796,
            35.12824
          ],
          [
            36.73799,
            35.12818
          ],
          [
            36.73825,
            35.1276
          ],
          [
            36.73866,
            35.12683
          ],
          [
            36.73887,
            35.12639
          ],
          [
            36.73929,
            35.12558
          ],
          [
            36.73948,
            35.1252
          ],
          [
            36.7396,
            35.12496
          ],
          [
            36.73964,
            35.12485
          ],
          [
            36.73964,
            35.12482
          ],
          [
            36.73967,
            35.12464
          ],
          [
            36.73968,
            35.12439
          ],
          [
            36.7397,
            35.12393
          ],
          [
            36.7397,
            35.12378
          ],
          [
            36.73971,
            35.12365
          ],
          [
            36.73967,
            35.12362
          ],
          [
            36.73964,
            35.12359
          ],
          [
            36.73963,
            35.12358
          ],
          [
            36.73963,
            35.12357
          ],
          [
            36.73962,
            35.12355
          ],
          [
            36.73962,
            35.12354
          ],
          [
            36.73961,
            35.12352
          ],
          [
            36.73956,
            35.12349
          ],
          [
            36.73923,
            35.12328
          ],
          [
            36.73911,
            35.1232
          ],
          [
            36.73912,
            35.12299
          ],
          [
            36.73911,
            35.12294
          ],
          [
            36.73911,
            35.12291
          ],
          [
            36.73912,
            35.12278
          ],
          [
            36.73916,
            35.12221
          ],
          [
            36.7392,
            35.12172
          ],
          [
            36.73924,
            35.12123
          ],
          [
            36.73928,
            35.12081
          ],
          [
            36.73928,
            35.12074
          ],
          [
            36.73929,
            35.12039
          ],
          [
            36.73928,
            35.12029
          ],
          [
            36.73926,
            35.12024
          ],
          [
            36.73921,
            35.12018
          ],
          [
            36.73916,
            35.12014
          ],
          [
            36.7391,
            35.12009
          ],
          [
            36.73902,
            35.12008
          ],
          [
            36.73896,
            35.12007
          ],
          [
            36.7389,
            35.12006
          ],
          [
            36.73886,
            35.12004
          ],
          [
            36.73882,
            35.12001
          ],
          [
            36.73879,
            35.11997
          ],
          [
            36.73878,
            35.11993
          ],
          [
            36.73877,
            35.11991
          ],
          [
            36.73877,
            35.11987
          ],
          [
            36.73878,
            35.11983
          ],
          [
            36.73879,
            35.1198
          ],
          [
            36.73881,
            35.11977
          ],
          [
            36.73884,
            35.11974
          ],
          [
            36.7389,
            35.11972
          ],
          [
            36.73899,
            35.1197
          ],
          [
            36.73912,
            35.11969
          ],
          [
            36.73932,
            35.11968
          ],
          [
            36.73945,
            35.11968
          ],
          [
            36.73956,
            35.11972
          ],
          [
            36.73968,
            35.1197
          ],
          [
            36.73977,
            35.11968
          ],
          [
            36.74007,
            35.11967
          ],
          [
            36.74029,
            35.11966
          ],
          [
            36.74051,
            35.11965
          ],
          [
            36.74059,
            35.11964
          ],
          [
            36.74072,
            35.11965
          ],
          [
            36.74085,
            35.11966
          ],
          [
            36.74116,
            35.11966
          ],
          [
            36.74182,
            35.11965
          ],
          [
            36.74204,
            35.11965
          ],
          [
            36.74221,
            35.11965
          ],
          [
            36.74226,
            35.11965
          ],
          [
            36.74248,
            35.11967
          ],
          [
            36.74252,
            35.11967
          ],
          [
            36.74269,
            35.11968
          ],
          [
            36.7427,
            35.11968
          ],
          [
            36.74288,
            35.1197
          ],
          [
            36.74309,
            35.11974
          ],
          [
            36.74335,
            35.11979
          ],
          [
            36.74353,
            35.11982
          ],
          [
            36.74404,
            35.11993
          ],
          [
            36.74462,
            35.12006
          ],
          [
            36.74488,
            35.12012
          ],
          [
            36.74504,
            35.12016
          ],
          [
            36.74518,
            35.12018
          ],
          [
            36.7454,
            35.12022
          ],
          [
            36.74544,
            35.1202
          ],
          [
            36.74548,
            35.12019
          ],
          [
            36.74553,
            35.12018
          ],
          [
            36.74558,
            35.12018
          ],
          [
            36.74564,
            35.12019
          ],
          [
            36.74568,
            35.12022
          ],
          [
            36.74575,
            35.12026
          ],
          [
            36.74605,
            35.12038
          ],
          [
            36.74679,
            35.12055
          ],
          [
            36.747,
            35.1206
          ],
          [
            36.74721,
            35.12065
          ],
          [
            36.74742,
            35.1207
          ],
          [
            36.74753,
            35.12072
          ],
          [
            36.74764,
            35.12075
          ],
          [
            36.74827,
            35.12089
          ],
          [
            36.74863,
            35.12097
          ],
          [
            36.749,
            35.12105
          ],
          [
            36.74933,
            35.12113
          ],
          [
            36.74955,
            35.12117
          ],
          [
            36.7498,
            35.12123
          ],
          [
            36.75088,
            35.12151
          ],
          [
            36.75091,
            35.12152
          ],
          [
            36.75186,
            35.1218
          ],
          [
            36.75201,
            35.12185
          ],
          [
            36.75207,
            35.12192
          ],
          [
            36.75208,
            35.122
          ],
          [
            36.75207,
            35.12206
          ],
          [
            36.75202,
            35.12214
          ],
          [
            36.75182,
            35.12233
          ],
          [
            36.75113,
            35.12256
          ],
          [
            36.75092,
            35.12262
          ],
          [
            36.75072,
            35.12269
          ],
          [
            36.75022,
            35.12286
          ],
          [
            36.74991,
            35.12296
          ],
          [
            36.74954,
            35.12309
          ],
          [
            36.74913,
            35.12325
          ],
          [
            36.74924,
            35.12337
          ]
        ]
      },
      "properties": {
        "id": "hama-020",
        "nameAr": "مسار العيادات(في أوقات الصباح فقط)",
        "nameEn": "مسار العيادات(في أوقات الصباح فقط)",
        "type": "serafee",
        "colorIndex": 3,
        "notes": "",
        "priceOld": 2500,
        "priceNew": 25
      }
    },
    {
      "type": "Feature",
      "geometry": {
        "type": "LineString",
        "coordinates": [
          [
            36.7545,
            35.12919
          ],
          [
            36.75453,
            35.12925
          ],
          [
            36.75456,
            35.12932
          ],
          [
            36.75459,
            35.12941
          ],
          [
            36.75461,
            35.12954
          ],
          [
            36.75463,
            35.12991
          ],
          [
            36.75463,
            35.13014
          ],
          [
            36.75467,
            35.1302
          ],
          [
            36.75474,
            35.13023
          ],
          [
            36.75481,
            35.13026
          ],
          [
            36.75488,
            35.13027
          ],
          [
            36.75496,
            35.13028
          ],
          [
            36.75508,
            35.13029
          ],
          [
            36.75561,
            35.13034
          ],
          [
            36.75592,
            35.13037
          ],
          [
            36.75627,
            35.13039
          ],
          [
            36.75685,
            35.13046
          ],
          [
            36.75694,
            35.13046
          ],
          [
            36.75713,
            35.13046
          ],
          [
            36.75713,
            35.13045
          ],
          [
            36.75714,
            35.13045
          ],
          [
            36.75714,
            35.13044
          ],
          [
            36.75715,
            35.13044
          ],
          [
            36.75715,
            35.13043
          ],
          [
            36.75716,
            35.13043
          ],
          [
            36.75717,
            35.13043
          ],
          [
            36.75717,
            35.13042
          ],
          [
            36.75718,
            35.13042
          ],
          [
            36.75719,
            35.13042
          ],
          [
            36.7572,
            35.13042
          ],
          [
            36.75721,
            35.13041
          ],
          [
            36.75722,
            35.13041
          ],
          [
            36.75723,
            35.13041
          ],
          [
            36.75724,
            35.13041
          ],
          [
            36.75724,
            35.13042
          ],
          [
            36.75725,
            35.13042
          ],
          [
            36.75726,
            35.13042
          ],
          [
            36.75727,
            35.13042
          ],
          [
            36.75728,
            35.13043
          ],
          [
            36.75729,
            35.13043
          ],
          [
            36.75729,
            35.13044
          ],
          [
            36.7573,
            35.13044
          ],
          [
            36.75731,
            35.13045
          ],
          [
            36.75731,
            35.13046
          ],
          [
            36.75732,
            35.13046
          ],
          [
            36.75732,
            35.13047
          ],
          [
            36.75733,
            35.13048
          ],
          [
            36.75733,
            35.13049
          ],
          [
            36.75733,
            35.1305
          ],
          [
            36.75733,
            35.13051
          ],
          [
            36.75733,
            35.13052
          ],
          [
            36.75733,
            35.13053
          ],
          [
            36.75732,
            35.13053
          ],
          [
            36.75732,
            35.13054
          ],
          [
            36.75731,
            35.13055
          ],
          [
            36.75728,
            35.13072
          ],
          [
            36.75719,
            35.13117
          ],
          [
            36.75705,
            35.13177
          ],
          [
            36.75703,
            35.13186
          ],
          [
            36.75696,
            35.13212
          ],
          [
            36.7569,
            35.13242
          ],
          [
            36.75684,
            35.13289
          ],
          [
            36.75683,
            35.13301
          ],
          [
            36.75683,
            35.13307
          ],
          [
            36.75683,
            35.13317
          ],
          [
            36.75684,
            35.13324
          ],
          [
            36.75685,
            35.13332
          ],
          [
            36.75686,
            35.13339
          ],
          [
            36.75688,
            35.13349
          ],
          [
            36.7569,
            35.13359
          ],
          [
            36.75695,
            35.13378
          ],
          [
            36.75701,
            35.13399
          ],
          [
            36.75706,
            35.13416
          ],
          [
            36.75707,
            35.13421
          ],
          [
            36.7571,
            35.13434
          ],
          [
            36.75715,
            35.13452
          ],
          [
            36.75719,
            35.13469
          ],
          [
            36.75726,
            35.13494
          ],
          [
            36.75727,
            35.13505
          ],
          [
            36.75728,
            35.13511
          ],
          [
            36.75729,
            35.13522
          ],
          [
            36.75729,
            35.13523
          ],
          [
            36.75728,
            35.13542
          ],
          [
            36.75727,
            35.13562
          ],
          [
            36.75725,
            35.13576
          ],
          [
            36.75718,
            35.13612
          ],
          [
            36.75713,
            35.13637
          ],
          [
            36.75713,
            35.13641
          ],
          [
            36.75709,
            35.13655
          ],
          [
            36.75709,
            35.13656
          ],
          [
            36.75706,
            35.13667
          ],
          [
            36.7569,
            35.13704
          ],
          [
            36.75689,
            35.13706
          ],
          [
            36.75658,
            35.13778
          ],
          [
            36.75654,
            35.13786
          ],
          [
            36.75637,
            35.13819
          ],
          [
            36.75629,
            35.13837
          ],
          [
            36.7562,
            35.13854
          ],
          [
            36.75611,
            35.13871
          ],
          [
            36.75602,
            35.13889
          ],
          [
            36.75595,
            35.13904
          ],
          [
            36.75554,
            35.13987
          ],
          [
            36.7555,
            35.13998
          ],
          [
            36.75547,
            35.14009
          ],
          [
            36.75542,
            35.14027
          ],
          [
            36.75538,
            35.14047
          ],
          [
            36.75536,
            35.14058
          ],
          [
            36.75533,
            35.14079
          ],
          [
            36.75549,
            35.14089
          ],
          [
            36.75554,
            35.14092
          ],
          [
            36.75557,
            35.14093
          ],
          [
            36.75687,
            35.14138
          ],
          [
            36.75695,
            35.14141
          ],
          [
            36.75718,
            35.14151
          ],
          [
            36.75735,
            35.14159
          ],
          [
            36.75745,
            35.14163
          ],
          [
            36.75804,
            35.14187
          ],
          [
            36.7585,
            35.14206
          ],
          [
            36.75883,
            35.14222
          ],
          [
            36.75899,
            35.1423
          ],
          [
            36.75901,
            35.14229
          ],
          [
            36.75904,
            35.14228
          ],
          [
            36.75906,
            35.14228
          ],
          [
            36.75909,
            35.14228
          ],
          [
            36.75912,
            35.14228
          ],
          [
            36.75917,
            35.14231
          ],
          [
            36.7592,
            35.14234
          ],
          [
            36.7592,
            35.14236
          ],
          [
            36.75921,
            35.14237
          ],
          [
            36.75983,
            35.14266
          ],
          [
            36.76025,
            35.14285
          ],
          [
            36.76087,
            35.1431
          ],
          [
            36.76182,
            35.14352
          ],
          [
            36.76253,
            35.14382
          ],
          [
            36.76339,
            35.14425
          ],
          [
            36.7635,
            35.14431
          ],
          [
            36.76363,
            35.14439
          ],
          [
            36.76403,
            35.14465
          ],
          [
            36.76419,
            35.14476
          ],
          [
            36.7642,
            35.14477
          ],
          [
            36.76432,
            35.14485
          ],
          [
            36.7647,
            35.14511
          ],
          [
            36.76472,
            35.14511
          ],
          [
            36.76487,
            35.14522
          ],
          [
            36.76489,
            35.14523
          ],
          [
            36.76504,
            35.14534
          ],
          [
            36.76521,
            35.14545
          ],
          [
            36.76538,
            35.14557
          ],
          [
            36.7654,
            35.14558
          ],
          [
            36.76555,
            35.14568
          ],
          [
            36.76557,
            35.1457
          ],
          [
            36.76572,
            35.1458
          ],
          [
            36.76589,
            35.14591
          ],
          [
            36.76627,
            35.14617
          ],
          [
            36.76635,
            35.14616
          ],
          [
            36.7664,
            35.14616
          ],
          [
            36.76642,
            35.14616
          ],
          [
            36.76651,
            35.14617
          ],
          [
            36.76667,
            35.14607
          ],
          [
            36.76673,
            35.14602
          ],
          [
            36.76698,
            35.14579
          ],
          [
            36.7679,
            35.14489
          ],
          [
            36.76796,
            35.14482
          ],
          [
            36.76858,
            35.14418
          ],
          [
            36.76864,
            35.1441
          ],
          [
            36.76872,
            35.144
          ],
          [
            36.76894,
            35.14362
          ],
          [
            36.769,
            35.14349
          ],
          [
            36.769,
            35.14347
          ],
          [
            36.769,
            35.14344
          ],
          [
            36.76901,
            35.14341
          ],
          [
            36.76902,
            35.14338
          ],
          [
            36.76905,
            35.14335
          ],
          [
            36.76908,
            35.14333
          ],
          [
            36.7691,
            35.14332
          ],
          [
            36.76911,
            35.14332
          ],
          [
            36.76912,
            35.14331
          ],
          [
            36.76914,
            35.14331
          ],
          [
            36.76915,
            35.14331
          ],
          [
            36.76916,
            35.1433
          ],
          [
            36.76917,
            35.1433
          ],
          [
            36.76919,
            35.1433
          ],
          [
            36.7692,
            35.1433
          ],
          [
            36.76921,
            35.1433
          ],
          [
            36.76923,
            35.14331
          ],
          [
            36.76924,
            35.14331
          ],
          [
            36.76925,
            35.14331
          ],
          [
            36.76926,
            35.14332
          ],
          [
            36.76927,
            35.14332
          ],
          [
            36.76929,
            35.14333
          ],
          [
            36.7693,
            35.14333
          ],
          [
            36.76931,
            35.14334
          ],
          [
            36.76932,
            35.14334
          ],
          [
            36.76933,
            35.14335
          ],
          [
            36.76933,
            35.14336
          ],
          [
            36.76934,
            35.14337
          ],
          [
            36.76935,
            35.14338
          ],
          [
            36.76936,
            35.14339
          ],
          [
            36.76936,
            35.1434
          ],
          [
            36.76937,
            35.14341
          ],
          [
            36.76937,
            35.14342
          ],
          [
            36.76937,
            35.14343
          ],
          [
            36.76972,
            35.14351
          ],
          [
            36.77023,
            35.14359
          ],
          [
            36.77035,
            35.1436
          ],
          [
            36.7711,
            35.14369
          ],
          [
            36.77132,
            35.14372
          ],
          [
            36.77161,
            35.14375
          ],
          [
            36.77196,
            35.1438
          ],
          [
            36.77263,
            35.14388
          ],
          [
            36.77283,
            35.14391
          ],
          [
            36.77304,
            35.14394
          ],
          [
            36.77377,
            35.14403
          ],
          [
            36.77383,
            35.14404
          ],
          [
            36.77468,
            35.14413
          ],
          [
            36.77471,
            35.14413
          ],
          [
            36.77473,
            35.14395
          ],
          [
            36.77475,
            35.14377
          ],
          [
            36.77487,
            35.14267
          ],
          [
            36.77505,
            35.14124
          ],
          [
            36.77507,
            35.14106
          ],
          [
            36.77513,
            35.14059
          ],
          [
            36.77514,
            35.14049
          ],
          [
            36.77514,
            35.14039
          ],
          [
            36.77514,
            35.14032
          ],
          [
            36.77514,
            35.14031
          ],
          [
            36.77513,
            35.14027
          ],
          [
            36.77511,
            35.14017
          ],
          [
            36.77507,
            35.14011
          ],
          [
            36.77505,
            35.14008
          ],
          [
            36.77503,
            35.14005
          ],
          [
            36.77499,
            35.14001
          ],
          [
            36.77496,
            35.13998
          ],
          [
            36.77496,
            35.13995
          ],
          [
            36.77497,
            35.13993
          ],
          [
            36.77499,
            35.13992
          ],
          [
            36.77501,
            35.1399
          ],
          [
            36.77505,
            35.13989
          ],
          [
            36.77509,
            35.13988
          ],
          [
            36.77514,
            35.13991
          ],
          [
            36.77516,
            35.13993
          ],
          [
            36.77518,
            35.13995
          ],
          [
            36.7752,
            35.13998
          ],
          [
            36.77522,
            35.14
          ],
          [
            36.77524,
            35.14003
          ],
          [
            36.77525,
            35.14005
          ],
          [
            36.77525,
            35.14008
          ],
          [
            36.77526,
            35.14011
          ],
          [
            36.77528,
            35.14031
          ],
          [
            36.77528,
            35.14039
          ],
          [
            36.77527,
            35.1405
          ],
          [
            36.77527,
            35.14059
          ],
          [
            36.7757,
            35.14061
          ],
          [
            36.77575,
            35.14026
          ],
          [
            36.77616,
            35.14027
          ],
          [
            36.77621,
            35.13989
          ],
          [
            36.77659,
            35.13992
          ],
          [
            36.77745,
            35.13997
          ],
          [
            36.77756,
            35.13994
          ],
          [
            36.77769,
            35.13989
          ],
          [
            36.77778,
            35.13984
          ],
          [
            36.77779,
            35.13983
          ],
          [
            36.77781,
            35.13958
          ],
          [
            36.77781,
            35.13926
          ],
          [
            36.77781,
            35.13892
          ],
          [
            36.77781,
            35.13883
          ],
          [
            36.77781,
            35.13863
          ],
          [
            36.7778,
            35.13826
          ],
          [
            36.7778,
            35.13801
          ],
          [
            36.7778,
            35.13765
          ],
          [
            36.77779,
            35.13762
          ],
          [
            36.77777,
            35.13751
          ],
          [
            36.77773,
            35.13744
          ],
          [
            36.77772,
            35.13742
          ],
          [
            36.77766,
            35.13737
          ],
          [
            36.77757,
            35.13732
          ],
          [
            36.77756,
            35.13732
          ],
          [
            36.77746,
            35.13729
          ],
          [
            36.77686,
            35.13726
          ],
          [
            36.77669,
            35.13725
          ],
          [
            36.7762,
            35.13722
          ],
          [
            36.77624,
            35.13665
          ],
          [
            36.77624,
            35.13662
          ],
          [
            36.77589,
            35.13604
          ],
          [
            36.77586,
            35.136
          ],
          [
            36.77567,
            35.13609
          ],
          [
            36.77504,
            35.13637
          ],
          [
            36.7742,
            35.13674
          ],
          [
            36.77378,
            35.13692
          ],
          [
            36.77333,
            35.13712
          ],
          [
            36.77324,
            35.13716
          ],
          [
            36.77297,
            35.13727
          ],
          [
            36.77273,
            35.13735
          ],
          [
            36.77243,
            35.13745
          ],
          [
            36.77215,
            35.13752
          ],
          [
            36.77211,
            35.13753
          ],
          [
            36.7719,
            35.13757
          ],
          [
            36.77183,
            35.13758
          ],
          [
            36.77159,
            35.13763
          ],
          [
            36.77134,
            35.13765
          ],
          [
            36.77125,
            35.13766
          ],
          [
            36.77103,
            35.13767
          ],
          [
            36.77077,
            35.13768
          ],
          [
            36.77053,
            35.13768
          ],
          [
            36.77048,
            35.13787
          ],
          [
            36.77038,
            35.1382
          ],
          [
            36.77033,
            35.13843
          ],
          [
            36.7702,
            35.13896
          ],
          [
            36.77017,
            35.13907
          ],
          [
            36.76984,
            35.14033
          ],
          [
            36.76979,
            35.14051
          ],
          [
            36.76976,
            35.1408
          ],
          [
            36.76973,
            35.14117
          ],
          [
            36.76969,
            35.14162
          ],
          [
            36.76964,
            35.14221
          ],
          [
            36.7696,
            35.14272
          ],
          [
            36.76956,
            35.14304
          ],
          [
            36.76953,
            35.14316
          ],
          [
            36.76949,
            35.14327
          ],
          [
            36.76937,
            35.14343
          ],
          [
            36.76937,
            35.14344
          ],
          [
            36.76938,
            35.14345
          ],
          [
            36.76938,
            35.14346
          ],
          [
            36.76937,
            35.14347
          ]
        ]
      },
      "properties": {
        "id": "hama-021",
        "nameAr": "مسار الذهاب",
        "nameEn": "مسار الذهاب",
        "type": "serafee",
        "colorIndex": 4,
        "notes": "",
        "priceOld": 2500,
        "priceNew": 25
      }
    },
    {
      "type": "Feature",
      "geometry": {
        "type": "LineString",
        "coordinates": [
          [
            36.76937,
            35.14347
          ],
          [
            36.76937,
            35.14348
          ],
          [
            36.76937,
            35.14349
          ],
          [
            36.76937,
            35.1435
          ],
          [
            36.76937,
            35.14351
          ],
          [
            36.76936,
            35.14352
          ],
          [
            36.76936,
            35.14353
          ],
          [
            36.76935,
            35.14354
          ],
          [
            36.76934,
            35.14354
          ],
          [
            36.76934,
            35.14355
          ],
          [
            36.76933,
            35.14356
          ],
          [
            36.76932,
            35.14357
          ],
          [
            36.76931,
            35.14358
          ],
          [
            36.7693,
            35.14358
          ],
          [
            36.76929,
            35.14359
          ],
          [
            36.76919,
            35.14375
          ],
          [
            36.76913,
            35.14381
          ],
          [
            36.76909,
            35.14386
          ],
          [
            36.76882,
            35.14413
          ],
          [
            36.76873,
            35.14423
          ],
          [
            36.76856,
            35.14441
          ],
          [
            36.76825,
            35.14473
          ],
          [
            36.76809,
            35.14487
          ],
          [
            36.76802,
            35.14494
          ],
          [
            36.76729,
            35.14568
          ],
          [
            36.76669,
            35.14628
          ],
          [
            36.76672,
            35.14631
          ],
          [
            36.76673,
            35.14634
          ],
          [
            36.76674,
            35.14637
          ],
          [
            36.76674,
            35.1464
          ],
          [
            36.76674,
            35.14643
          ],
          [
            36.76674,
            35.14646
          ],
          [
            36.76673,
            35.14649
          ],
          [
            36.76671,
            35.14652
          ],
          [
            36.7667,
            35.14654
          ],
          [
            36.76668,
            35.14656
          ],
          [
            36.76667,
            35.14657
          ],
          [
            36.76665,
            35.14659
          ],
          [
            36.76664,
            35.1466
          ],
          [
            36.76662,
            35.14661
          ],
          [
            36.76661,
            35.14662
          ],
          [
            36.76659,
            35.14663
          ],
          [
            36.76658,
            35.14665
          ],
          [
            36.76654,
            35.14665
          ],
          [
            36.76651,
            35.14666
          ],
          [
            36.76648,
            35.14666
          ],
          [
            36.76644,
            35.14667
          ],
          [
            36.76641,
            35.14667
          ],
          [
            36.76638,
            35.14666
          ],
          [
            36.76634,
            35.14666
          ],
          [
            36.76631,
            35.14665
          ],
          [
            36.76625,
            35.14662
          ],
          [
            36.7662,
            35.14659
          ],
          [
            36.76616,
            35.14655
          ],
          [
            36.76613,
            35.14649
          ],
          [
            36.76612,
            35.14644
          ],
          [
            36.76612,
            35.14638
          ],
          [
            36.76614,
            35.14631
          ],
          [
            36.76612,
            35.14628
          ],
          [
            36.76604,
            35.14619
          ],
          [
            36.76593,
            35.14611
          ],
          [
            36.76581,
            35.14602
          ],
          [
            36.76566,
            35.14592
          ],
          [
            36.76549,
            35.1458
          ],
          [
            36.76546,
            35.14578
          ],
          [
            36.76535,
            35.1457
          ],
          [
            36.76532,
            35.14569
          ],
          [
            36.76498,
            35.14546
          ],
          [
            36.76475,
            35.14531
          ],
          [
            36.76464,
            35.14524
          ],
          [
            36.76446,
            35.14513
          ],
          [
            36.76394,
            35.14479
          ],
          [
            36.76392,
            35.14478
          ],
          [
            36.76377,
            35.14469
          ],
          [
            36.76326,
            35.14438
          ],
          [
            36.76305,
            35.14427
          ],
          [
            36.763,
            35.14424
          ],
          [
            36.7628,
            35.14413
          ],
          [
            36.76268,
            35.14408
          ],
          [
            36.76218,
            35.14385
          ],
          [
            36.7616,
            35.14359
          ],
          [
            36.76153,
            35.14356
          ],
          [
            36.76057,
            35.14313
          ],
          [
            36.76025,
            35.14299
          ],
          [
            36.75969,
            35.14274
          ],
          [
            36.75927,
            35.14256
          ],
          [
            36.75919,
            35.14253
          ],
          [
            36.75913,
            35.1425
          ],
          [
            36.75912,
            35.1425
          ],
          [
            36.7591,
            35.1425
          ],
          [
            36.75905,
            35.1425
          ],
          [
            36.75901,
            35.14249
          ],
          [
            36.75897,
            35.14247
          ],
          [
            36.75894,
            35.14244
          ],
          [
            36.75892,
            35.14242
          ],
          [
            36.75892,
            35.1424
          ],
          [
            36.75781,
            35.14195
          ],
          [
            36.75766,
            35.14188
          ],
          [
            36.75739,
            35.14177
          ],
          [
            36.75714,
            35.14166
          ],
          [
            36.75687,
            35.14154
          ],
          [
            36.75658,
            35.14142
          ],
          [
            36.75648,
            35.14138
          ],
          [
            36.75584,
            35.14117
          ],
          [
            36.75551,
            35.14106
          ],
          [
            36.75543,
            35.14104
          ],
          [
            36.75521,
            35.141
          ],
          [
            36.75517,
            35.14102
          ],
          [
            36.75514,
            35.14102
          ],
          [
            36.7551,
            35.14102
          ],
          [
            36.75505,
            35.14101
          ],
          [
            36.75502,
            35.141
          ],
          [
            36.75498,
            35.14099
          ],
          [
            36.75495,
            35.14097
          ],
          [
            36.75492,
            35.14094
          ],
          [
            36.7549,
            35.14092
          ],
          [
            36.75489,
            35.14088
          ],
          [
            36.75488,
            35.14084
          ],
          [
            36.75489,
            35.1408
          ],
          [
            36.7549,
            35.14077
          ],
          [
            36.75492,
            35.14073
          ],
          [
            36.75499,
            35.14068
          ],
          [
            36.75503,
            35.14062
          ],
          [
            36.7551,
            35.14052
          ],
          [
            36.75516,
            35.14041
          ],
          [
            36.75524,
            35.14023
          ],
          [
            36.75532,
            35.14006
          ],
          [
            36.75534,
            35.14002
          ],
          [
            36.75572,
            35.13917
          ],
          [
            36.75575,
            35.13911
          ],
          [
            36.75579,
            35.13903
          ],
          [
            36.75581,
            35.13899
          ],
          [
            36.75609,
            35.13848
          ],
          [
            36.75614,
            35.1384
          ],
          [
            36.75618,
            35.13832
          ],
          [
            36.75622,
            35.13824
          ],
          [
            36.75627,
            35.13813
          ],
          [
            36.75634,
            35.13796
          ],
          [
            36.7565,
            35.13762
          ],
          [
            36.75658,
            35.13745
          ],
          [
            36.75661,
            35.13737
          ],
          [
            36.75681,
            35.13695
          ],
          [
            36.75685,
            35.13686
          ],
          [
            36.75689,
            35.13678
          ],
          [
            36.75691,
            35.13674
          ],
          [
            36.75698,
            35.13655
          ],
          [
            36.757,
            35.13648
          ],
          [
            36.757,
            35.13643
          ],
          [
            36.75701,
            35.1364
          ],
          [
            36.75713,
            35.13561
          ],
          [
            36.75715,
            35.13549
          ],
          [
            36.75714,
            35.13536
          ],
          [
            36.75713,
            35.13525
          ],
          [
            36.7571,
            35.13508
          ],
          [
            36.75709,
            35.13496
          ],
          [
            36.75708,
            35.13493
          ],
          [
            36.75705,
            35.13478
          ],
          [
            36.75702,
            35.13462
          ],
          [
            36.75692,
            35.13422
          ],
          [
            36.75686,
            35.13399
          ],
          [
            36.75685,
            35.13393
          ],
          [
            36.7568,
            35.13376
          ],
          [
            36.75672,
            35.13341
          ],
          [
            36.75671,
            35.1334
          ],
          [
            36.75665,
            35.13316
          ],
          [
            36.75664,
            35.13308
          ],
          [
            36.75663,
            35.13305
          ],
          [
            36.75663,
            35.133
          ],
          [
            36.75664,
            35.13292
          ],
          [
            36.75668,
            35.13276
          ],
          [
            36.75672,
            35.13258
          ],
          [
            36.75676,
            35.13241
          ],
          [
            36.75684,
            35.13205
          ],
          [
            36.75689,
            35.13176
          ],
          [
            36.75666,
            35.13171
          ],
          [
            36.75597,
            35.13158
          ],
          [
            36.75585,
            35.13155
          ],
          [
            36.75574,
            35.13152
          ],
          [
            36.75556,
            35.13147
          ],
          [
            36.75543,
            35.13143
          ],
          [
            36.75527,
            35.13139
          ],
          [
            36.75507,
            35.13133
          ],
          [
            36.75496,
            35.1313
          ],
          [
            36.75485,
            35.13128
          ],
          [
            36.75475,
            35.13128
          ],
          [
            36.75465,
            35.13128
          ],
          [
            36.75463,
            35.13128
          ],
          [
            36.75455,
            35.13129
          ],
          [
            36.7544,
            35.1313
          ],
          [
            36.75423,
            35.13132
          ],
          [
            36.75414,
            35.13133
          ],
          [
            36.75398,
            35.13134
          ],
          [
            36.75397,
            35.13134
          ],
          [
            36.75385,
            35.13134
          ],
          [
            36.75373,
            35.13134
          ],
          [
            36.75353,
            35.13133
          ],
          [
            36.75316,
            35.1313
          ],
          [
            36.7529,
            35.13128
          ],
          [
            36.75229,
            35.13128
          ],
          [
            36.75201,
            35.13123
          ],
          [
            36.75189,
            35.1312
          ],
          [
            36.75131,
            35.13104
          ],
          [
            36.75126,
            35.13103
          ],
          [
            36.75101,
            35.13098
          ],
          [
            36.75083,
            35.13095
          ],
          [
            36.75075,
            35.13094
          ],
          [
            36.75072,
            35.13093
          ],
          [
            36.75053,
            35.1309
          ],
          [
            36.75031,
            35.13088
          ],
          [
            36.74971,
            35.13083
          ],
          [
            36.74959,
            35.13082
          ],
          [
            36.7494,
            35.13079
          ],
          [
            36.74922,
            35.13076
          ],
          [
            36.74879,
            35.1307
          ],
          [
            36.74867,
            35.13068
          ],
          [
            36.74862,
            35.13066
          ],
          [
            36.74859,
            35.13064
          ],
          [
            36.74858,
            35.13062
          ],
          [
            36.74855,
            35.13058
          ],
          [
            36.74859,
            35.13029
          ],
          [
            36.74861,
            35.13018
          ],
          [
            36.74862,
            35.13015
          ],
          [
            36.74864,
            35.13012
          ],
          [
            36.7487,
            35.13005
          ],
          [
            36.74881,
            35.12991
          ],
          [
            36.74885,
            35.12986
          ],
          [
            36.7489,
            35.12979
          ],
          [
            36.74898,
            35.12968
          ],
          [
            36.74903,
            35.12961
          ],
          [
            36.74919,
            35.12942
          ],
          [
            36.74935,
            35.1292
          ],
          [
            36.74946,
            35.12905
          ],
          [
            36.74952,
            35.12896
          ],
          [
            36.74974,
            35.12865
          ],
          [
            36.74998,
            35.12831
          ],
          [
            36.75016,
            35.12805
          ],
          [
            36.75022,
            35.12798
          ],
          [
            36.75033,
            35.12783
          ],
          [
            36.75062,
            35.12746
          ],
          [
            36.75085,
            35.12716
          ],
          [
            36.75089,
            35.12711
          ],
          [
            36.75103,
            35.12689
          ],
          [
            36.75105,
            35.12687
          ],
          [
            36.75122,
            35.12665
          ],
          [
            36.75126,
            35.12657
          ],
          [
            36.75127,
            35.1265
          ],
          [
            36.75127,
            35.12643
          ],
          [
            36.75126,
            35.12635
          ],
          [
            36.75122,
            35.12625
          ],
          [
            36.75113,
            35.12608
          ],
          [
            36.751,
            35.12589
          ],
          [
            36.75091,
            35.12577
          ],
          [
            36.75055,
            35.12532
          ],
          [
            36.75053,
            35.1253
          ],
          [
            36.75028,
            35.125
          ],
          [
            36.74992,
            35.12455
          ],
          [
            36.7498,
            35.1244
          ],
          [
            36.74968,
            35.12425
          ],
          [
            36.74956,
            35.1241
          ],
          [
            36.7492,
            35.12365
          ],
          [
            36.74919,
            35.12363
          ],
          [
            36.74905,
            35.1235
          ],
          [
            36.74895,
            35.1234
          ],
          [
            36.74893,
            35.1234
          ],
          [
            36.74892,
            35.1234
          ],
          [
            36.7489,
            35.1234
          ],
          [
            36.74888,
            35.1234
          ],
          [
            36.74887,
            35.1234
          ],
          [
            36.74885,
            35.1234
          ],
          [
            36.74883,
            35.12339
          ],
          [
            36.74882,
            35.12339
          ],
          [
            36.7488,
            35.12338
          ],
          [
            36.74879,
            35.12337
          ],
          [
            36.74877,
            35.12336
          ],
          [
            36.74876,
            35.12336
          ],
          [
            36.74875,
            35.12334
          ],
          [
            36.74873,
            35.12333
          ],
          [
            36.74872,
            35.12332
          ],
          [
            36.74871,
            35.12331
          ],
          [
            36.74871,
            35.1233
          ],
          [
            36.7487,
            35.12328
          ],
          [
            36.74869,
            35.12327
          ],
          [
            36.74869,
            35.12325
          ],
          [
            36.74869,
            35.12324
          ],
          [
            36.74869,
            35.12321
          ],
          [
            36.74869,
            35.1232
          ],
          [
            36.74869,
            35.12318
          ],
          [
            36.7487,
            35.12317
          ],
          [
            36.7487,
            35.12315
          ],
          [
            36.74871,
            35.12314
          ],
          [
            36.74872,
            35.12313
          ],
          [
            36.74873,
            35.12311
          ],
          [
            36.74874,
            35.1231
          ],
          [
            36.74875,
            35.12309
          ],
          [
            36.74877,
            35.12308
          ],
          [
            36.74878,
            35.12307
          ],
          [
            36.7488,
            35.12307
          ],
          [
            36.74881,
            35.12306
          ],
          [
            36.74883,
            35.12305
          ],
          [
            36.74885,
            35.12305
          ],
          [
            36.74886,
            35.12304
          ],
          [
            36.74888,
            35.12304
          ],
          [
            36.7489,
            35.12304
          ],
          [
            36.74892,
            35.12304
          ],
          [
            36.74893,
            35.12304
          ],
          [
            36.74895,
            35.12304
          ],
          [
            36.74897,
            35.12305
          ],
          [
            36.74899,
            35.12305
          ],
          [
            36.74901,
            35.12306
          ],
          [
            36.74903,
            35.12307
          ],
          [
            36.74904,
            35.12308
          ],
          [
            36.74905,
            35.12308
          ],
          [
            36.74907,
            35.12309
          ],
          [
            36.74908,
            35.12311
          ],
          [
            36.74909,
            35.12312
          ],
          [
            36.7491,
            35.12313
          ],
          [
            36.74911,
            35.12314
          ],
          [
            36.74912,
            35.12316
          ],
          [
            36.74912,
            35.12317
          ],
          [
            36.74913,
            35.12318
          ],
          [
            36.74913,
            35.1232
          ],
          [
            36.74913,
            35.12321
          ],
          [
            36.74913,
            35.12323
          ],
          [
            36.74913,
            35.12325
          ],
          [
            36.74934,
            35.12349
          ],
          [
            36.74978,
            35.12411
          ],
          [
            36.74983,
            35.12419
          ],
          [
            36.75009,
            35.12451
          ],
          [
            36.75046,
            35.12499
          ],
          [
            36.75069,
            35.12529
          ],
          [
            36.75096,
            35.12566
          ],
          [
            36.75097,
            35.12567
          ],
          [
            36.75107,
            35.12581
          ],
          [
            36.75125,
            35.12606
          ],
          [
            36.75134,
            35.12623
          ],
          [
            36.75136,
            35.12629
          ],
          [
            36.75137,
            35.12635
          ],
          [
            36.75139,
            35.1264
          ],
          [
            36.75142,
            35.12645
          ],
          [
            36.75145,
            35.12648
          ],
          [
            36.75148,
            35.12652
          ],
          [
            36.75152,
            35.12658
          ],
          [
            36.7516,
            35.12664
          ],
          [
            36.75168,
            35.1267
          ],
          [
            36.75178,
            35.1268
          ],
          [
            36.75191,
            35.12691
          ],
          [
            36.75205,
            35.12703
          ],
          [
            36.75218,
            35.12714
          ],
          [
            36.7522,
            35.12715
          ],
          [
            36.75231,
            35.12725
          ],
          [
            36.75241,
            35.12734
          ],
          [
            36.75314,
            35.12799
          ],
          [
            36.75331,
            35.12814
          ],
          [
            36.75338,
            35.1282
          ],
          [
            36.75358,
            35.12837
          ],
          [
            36.75374,
            35.1285
          ],
          [
            36.75378,
            35.12853
          ],
          [
            36.75384,
            35.12858
          ],
          [
            36.75396,
            35.12867
          ],
          [
            36.75439,
            35.12898
          ],
          [
            36.7545,
            35.12919
          ]
        ]
      },
      "properties": {
        "id": "hama-022",
        "nameAr": "مسار العودة",
        "nameEn": "مسار العودة",
        "type": "serafee",
        "colorIndex": 5,
        "notes": "",
        "priceOld": 2500,
        "priceNew": 25
      }
    },
    {
      "type": "Feature",
      "geometry": {
        "type": "LineString",
        "coordinates": [
          [
            36.7545,
            35.12919
          ],
          [
            36.75453,
            35.12925
          ],
          [
            36.75456,
            35.12932
          ],
          [
            36.75459,
            35.12941
          ],
          [
            36.75461,
            35.12954
          ],
          [
            36.75463,
            35.12991
          ],
          [
            36.75463,
            35.13014
          ],
          [
            36.75467,
            35.1302
          ],
          [
            36.75474,
            35.13023
          ],
          [
            36.75481,
            35.13026
          ],
          [
            36.75488,
            35.13027
          ],
          [
            36.75496,
            35.13028
          ],
          [
            36.75508,
            35.13029
          ],
          [
            36.75561,
            35.13034
          ],
          [
            36.75592,
            35.13037
          ],
          [
            36.75627,
            35.13039
          ],
          [
            36.75685,
            35.13046
          ],
          [
            36.75694,
            35.13046
          ],
          [
            36.75713,
            35.13046
          ],
          [
            36.75713,
            35.13045
          ],
          [
            36.75714,
            35.13045
          ],
          [
            36.75714,
            35.13044
          ],
          [
            36.75715,
            35.13044
          ],
          [
            36.75715,
            35.13043
          ],
          [
            36.75716,
            35.13043
          ],
          [
            36.75717,
            35.13043
          ],
          [
            36.75717,
            35.13042
          ],
          [
            36.75718,
            35.13042
          ],
          [
            36.75719,
            35.13042
          ],
          [
            36.7572,
            35.13042
          ],
          [
            36.75721,
            35.13041
          ],
          [
            36.75722,
            35.13041
          ],
          [
            36.75723,
            35.13041
          ],
          [
            36.75724,
            35.13041
          ],
          [
            36.75724,
            35.13042
          ],
          [
            36.75725,
            35.13042
          ],
          [
            36.75726,
            35.13042
          ],
          [
            36.75727,
            35.13042
          ],
          [
            36.75728,
            35.13043
          ],
          [
            36.75729,
            35.13043
          ],
          [
            36.75729,
            35.13044
          ],
          [
            36.7573,
            35.13044
          ],
          [
            36.75731,
            35.13045
          ],
          [
            36.75731,
            35.13046
          ],
          [
            36.75732,
            35.13046
          ],
          [
            36.75732,
            35.13047
          ],
          [
            36.75733,
            35.13048
          ],
          [
            36.75733,
            35.13049
          ],
          [
            36.75733,
            35.1305
          ],
          [
            36.75733,
            35.13051
          ],
          [
            36.75733,
            35.13052
          ],
          [
            36.75733,
            35.13053
          ],
          [
            36.75732,
            35.13053
          ],
          [
            36.75732,
            35.13054
          ],
          [
            36.75731,
            35.13055
          ],
          [
            36.75728,
            35.13072
          ],
          [
            36.75719,
            35.13117
          ],
          [
            36.75705,
            35.13177
          ],
          [
            36.75703,
            35.13186
          ],
          [
            36.75696,
            35.13212
          ],
          [
            36.7569,
            35.13242
          ],
          [
            36.75684,
            35.13289
          ],
          [
            36.75683,
            35.13301
          ],
          [
            36.75683,
            35.13307
          ],
          [
            36.75683,
            35.13317
          ],
          [
            36.75684,
            35.13324
          ],
          [
            36.75685,
            35.13332
          ],
          [
            36.75686,
            35.13339
          ],
          [
            36.75688,
            35.13349
          ],
          [
            36.7569,
            35.13359
          ],
          [
            36.75695,
            35.13378
          ],
          [
            36.75701,
            35.13399
          ],
          [
            36.75706,
            35.13416
          ],
          [
            36.75707,
            35.13421
          ],
          [
            36.7571,
            35.13434
          ],
          [
            36.75715,
            35.13452
          ],
          [
            36.75719,
            35.13469
          ],
          [
            36.75726,
            35.13494
          ],
          [
            36.75727,
            35.13505
          ],
          [
            36.75728,
            35.13511
          ],
          [
            36.75729,
            35.13522
          ],
          [
            36.75729,
            35.13523
          ],
          [
            36.75728,
            35.13542
          ],
          [
            36.75727,
            35.13562
          ],
          [
            36.75725,
            35.13576
          ],
          [
            36.75718,
            35.13612
          ],
          [
            36.75713,
            35.13637
          ],
          [
            36.75713,
            35.13641
          ],
          [
            36.75709,
            35.13655
          ],
          [
            36.75709,
            35.13656
          ],
          [
            36.75706,
            35.13667
          ],
          [
            36.7569,
            35.13704
          ],
          [
            36.75689,
            35.13706
          ],
          [
            36.75658,
            35.13778
          ],
          [
            36.75654,
            35.13786
          ],
          [
            36.75637,
            35.13819
          ],
          [
            36.75629,
            35.13837
          ],
          [
            36.7562,
            35.13854
          ],
          [
            36.75611,
            35.13871
          ],
          [
            36.75602,
            35.13889
          ],
          [
            36.75595,
            35.13904
          ],
          [
            36.75554,
            35.13987
          ],
          [
            36.7555,
            35.13998
          ],
          [
            36.75547,
            35.14009
          ],
          [
            36.75542,
            35.14027
          ],
          [
            36.75538,
            35.14047
          ],
          [
            36.75536,
            35.14058
          ],
          [
            36.75533,
            35.14079
          ],
          [
            36.75533,
            35.14088
          ],
          [
            36.75532,
            35.14091
          ],
          [
            36.75531,
            35.14094
          ],
          [
            36.75521,
            35.141
          ],
          [
            36.75499,
            35.1414
          ],
          [
            36.75492,
            35.14152
          ],
          [
            36.75482,
            35.14173
          ],
          [
            36.75467,
            35.14207
          ],
          [
            36.75441,
            35.14265
          ],
          [
            36.75436,
            35.14273
          ],
          [
            36.75426,
            35.14296
          ],
          [
            36.75415,
            35.14317
          ],
          [
            36.75413,
            35.14322
          ],
          [
            36.75402,
            35.14346
          ],
          [
            36.75399,
            35.14353
          ],
          [
            36.75388,
            35.1438
          ],
          [
            36.75383,
            35.14392
          ],
          [
            36.75381,
            35.14397
          ],
          [
            36.75378,
            35.14408
          ],
          [
            36.75374,
            35.1443
          ],
          [
            36.75373,
            35.14433
          ],
          [
            36.75371,
            35.14449
          ],
          [
            36.7537,
            35.14456
          ],
          [
            36.75369,
            35.14478
          ],
          [
            36.75369,
            35.14498
          ],
          [
            36.7537,
            35.14503
          ],
          [
            36.75371,
            35.14517
          ],
          [
            36.75372,
            35.14521
          ],
          [
            36.75374,
            35.1453
          ],
          [
            36.75376,
            35.14539
          ],
          [
            36.7538,
            35.14556
          ],
          [
            36.75386,
            35.14585
          ],
          [
            36.75392,
            35.14609
          ],
          [
            36.75398,
            35.14633
          ],
          [
            36.75411,
            35.1468
          ],
          [
            36.75427,
            35.14732
          ],
          [
            36.75441,
            35.14781
          ],
          [
            36.75446,
            35.14799
          ],
          [
            36.7545,
            35.14812
          ],
          [
            36.75453,
            35.14824
          ],
          [
            36.75458,
            35.14845
          ],
          [
            36.75456,
            35.14846
          ],
          [
            36.7545,
            35.14852
          ],
          [
            36.75441,
            35.14854
          ],
          [
            36.75431,
            35.14851
          ],
          [
            36.7543,
            35.14851
          ],
          [
            36.75427,
            35.14835
          ],
          [
            36.75322,
            35.1485
          ],
          [
            36.75273,
            35.14859
          ],
          [
            36.75238,
            35.14865
          ],
          [
            36.75225,
            35.14867
          ],
          [
            36.75214,
            35.14865
          ],
          [
            36.75204,
            35.14862
          ],
          [
            36.75184,
            35.14856
          ],
          [
            36.75164,
            35.14848
          ],
          [
            36.75153,
            35.14843
          ],
          [
            36.75104,
            35.14824
          ],
          [
            36.75071,
            35.14811
          ],
          [
            36.75022,
            35.14791
          ],
          [
            36.74966,
            35.14769
          ],
          [
            36.74927,
            35.14755
          ],
          [
            36.74878,
            35.14735
          ],
          [
            36.74784,
            35.14698
          ],
          [
            36.74747,
            35.14682
          ],
          [
            36.74735,
            35.14678
          ],
          [
            36.74728,
            35.14676
          ],
          [
            36.74722,
            35.14674
          ],
          [
            36.74726,
            35.14666
          ],
          [
            36.74788,
            35.1451
          ],
          [
            36.74801,
            35.14468
          ],
          [
            36.74814,
            35.14434
          ],
          [
            36.74817,
            35.14429
          ],
          [
            36.74837,
            35.14396
          ],
          [
            36.74873,
            35.14336
          ],
          [
            36.74876,
            35.14331
          ],
          [
            36.74889,
            35.14321
          ],
          [
            36.74951,
            35.14254
          ],
          [
            36.74961,
            35.14242
          ],
          [
            36.74997,
            35.14203
          ],
          [
            36.75005,
            35.14197
          ],
          [
            36.75069,
            35.14152
          ],
          [
            36.75087,
            35.14137
          ],
          [
            36.75131,
            35.14107
          ],
          [
            36.75138,
            35.14106
          ],
          [
            36.75232,
            35.14102
          ],
          [
            36.75248,
            35.14153
          ],
          [
            36.7526,
            35.14205
          ],
          [
            36.7527,
            35.1425
          ],
          [
            36.75282,
            35.14296
          ],
          [
            36.75285,
            35.14317
          ],
          [
            36.75291,
            35.14344
          ],
          [
            36.75296,
            35.1436
          ],
          [
            36.75299,
            35.14369
          ],
          [
            36.7531,
            35.14392
          ],
          [
            36.75324,
            35.14438
          ],
          [
            36.75317,
            35.14438
          ],
          [
            36.75221,
            35.14437
          ]
        ]
      },
      "properties": {
        "id": "hama-023",
        "nameAr": "مسار الذهاب",
        "nameEn": "مسار الذهاب",
        "type": "serafee",
        "colorIndex": 6,
        "notes": "",
        "priceOld": 2500,
        "priceNew": 25
      }
    },
    {
      "type": "Feature",
      "geometry": {
        "type": "LineString",
        "coordinates": [
          [
            36.75221,
            35.14437
          ],
          [
            36.75215,
            35.14437
          ],
          [
            36.75216,
            35.14439
          ],
          [
            36.75225,
            35.14475
          ],
          [
            36.75235,
            35.14514
          ],
          [
            36.75258,
            35.14598
          ],
          [
            36.7526,
            35.14604
          ],
          [
            36.75279,
            35.14674
          ],
          [
            36.75286,
            35.14704
          ],
          [
            36.75236,
            35.14711
          ],
          [
            36.75188,
            35.14718
          ],
          [
            36.75154,
            35.14723
          ],
          [
            36.75105,
            35.1473
          ],
          [
            36.75103,
            35.1473
          ],
          [
            36.75009,
            35.14711
          ],
          [
            36.75006,
            35.1471
          ],
          [
            36.74971,
            35.14761
          ],
          [
            36.75055,
            35.14794
          ],
          [
            36.75075,
            35.14802
          ],
          [
            36.75115,
            35.14818
          ],
          [
            36.75174,
            35.14841
          ],
          [
            36.75202,
            35.14852
          ],
          [
            36.75209,
            35.14854
          ],
          [
            36.75216,
            35.14856
          ],
          [
            36.75223,
            35.14857
          ],
          [
            36.75231,
            35.14857
          ],
          [
            36.7524,
            35.14856
          ],
          [
            36.75299,
            35.14846
          ],
          [
            36.75305,
            35.14846
          ],
          [
            36.75309,
            35.14847
          ],
          [
            36.75322,
            35.1485
          ],
          [
            36.75427,
            35.14835
          ],
          [
            36.75422,
            35.14816
          ],
          [
            36.75415,
            35.14785
          ],
          [
            36.75399,
            35.14715
          ],
          [
            36.75386,
            35.14655
          ],
          [
            36.75374,
            35.14613
          ],
          [
            36.75373,
            35.1461
          ],
          [
            36.75364,
            35.14573
          ],
          [
            36.75357,
            35.14547
          ],
          [
            36.75353,
            35.14522
          ],
          [
            36.7535,
            35.14496
          ],
          [
            36.7535,
            35.14477
          ],
          [
            36.75349,
            35.14461
          ],
          [
            36.75351,
            35.14439
          ],
          [
            36.75354,
            35.14417
          ],
          [
            36.75354,
            35.14415
          ],
          [
            36.75358,
            35.14397
          ],
          [
            36.75364,
            35.14377
          ],
          [
            36.75371,
            35.1436
          ],
          [
            36.75381,
            35.14334
          ],
          [
            36.75385,
            35.14325
          ],
          [
            36.75398,
            35.14296
          ],
          [
            36.75405,
            35.14283
          ],
          [
            36.75419,
            35.14251
          ],
          [
            36.75431,
            35.14225
          ],
          [
            36.7544,
            35.14206
          ],
          [
            36.75453,
            35.14181
          ],
          [
            36.75459,
            35.14167
          ],
          [
            36.75465,
            35.14154
          ],
          [
            36.75475,
            35.1413
          ],
          [
            36.75484,
            35.14106
          ],
          [
            36.75486,
            35.14099
          ],
          [
            36.75489,
            35.14088
          ],
          [
            36.75488,
            35.14084
          ],
          [
            36.75489,
            35.1408
          ],
          [
            36.7549,
            35.14077
          ],
          [
            36.75492,
            35.14073
          ],
          [
            36.75499,
            35.14068
          ],
          [
            36.75503,
            35.14062
          ],
          [
            36.7551,
            35.14052
          ],
          [
            36.75516,
            35.14041
          ],
          [
            36.75524,
            35.14023
          ],
          [
            36.75532,
            35.14006
          ],
          [
            36.75534,
            35.14002
          ],
          [
            36.75572,
            35.13917
          ],
          [
            36.75575,
            35.13911
          ],
          [
            36.75579,
            35.13903
          ],
          [
            36.75581,
            35.13899
          ],
          [
            36.75609,
            35.13848
          ],
          [
            36.75614,
            35.1384
          ],
          [
            36.75618,
            35.13832
          ],
          [
            36.75622,
            35.13824
          ],
          [
            36.75627,
            35.13813
          ],
          [
            36.75634,
            35.13796
          ],
          [
            36.7565,
            35.13762
          ],
          [
            36.75658,
            35.13745
          ],
          [
            36.75661,
            35.13737
          ],
          [
            36.75681,
            35.13695
          ],
          [
            36.75685,
            35.13686
          ],
          [
            36.75689,
            35.13678
          ],
          [
            36.75691,
            35.13674
          ],
          [
            36.75698,
            35.13655
          ],
          [
            36.757,
            35.13648
          ],
          [
            36.757,
            35.13643
          ],
          [
            36.75701,
            35.1364
          ],
          [
            36.75713,
            35.13561
          ],
          [
            36.75715,
            35.13549
          ],
          [
            36.75714,
            35.13536
          ],
          [
            36.75713,
            35.13525
          ],
          [
            36.7571,
            35.13508
          ],
          [
            36.75709,
            35.13496
          ],
          [
            36.75708,
            35.13493
          ],
          [
            36.75705,
            35.13478
          ],
          [
            36.75702,
            35.13462
          ],
          [
            36.75692,
            35.13422
          ],
          [
            36.75686,
            35.13399
          ],
          [
            36.75685,
            35.13393
          ],
          [
            36.7568,
            35.13376
          ],
          [
            36.75672,
            35.13341
          ],
          [
            36.75671,
            35.1334
          ],
          [
            36.75665,
            35.13316
          ],
          [
            36.75664,
            35.13308
          ],
          [
            36.75663,
            35.13305
          ],
          [
            36.75663,
            35.133
          ],
          [
            36.75664,
            35.13292
          ],
          [
            36.75668,
            35.13276
          ],
          [
            36.75672,
            35.13258
          ],
          [
            36.75676,
            35.13241
          ],
          [
            36.75684,
            35.13205
          ],
          [
            36.75689,
            35.13176
          ],
          [
            36.75666,
            35.13171
          ],
          [
            36.75597,
            35.13158
          ],
          [
            36.75585,
            35.13155
          ],
          [
            36.75574,
            35.13152
          ],
          [
            36.75556,
            35.13147
          ],
          [
            36.75543,
            35.13143
          ],
          [
            36.75527,
            35.13139
          ],
          [
            36.75507,
            35.13133
          ],
          [
            36.75496,
            35.1313
          ],
          [
            36.75485,
            35.13128
          ],
          [
            36.75475,
            35.13128
          ],
          [
            36.75465,
            35.13128
          ],
          [
            36.75463,
            35.13128
          ],
          [
            36.75455,
            35.13129
          ],
          [
            36.7544,
            35.1313
          ],
          [
            36.75423,
            35.13132
          ],
          [
            36.75414,
            35.13133
          ],
          [
            36.75398,
            35.13134
          ],
          [
            36.75397,
            35.13134
          ],
          [
            36.75385,
            35.13134
          ],
          [
            36.75373,
            35.13134
          ],
          [
            36.75353,
            35.13133
          ],
          [
            36.75316,
            35.1313
          ],
          [
            36.7529,
            35.13128
          ],
          [
            36.75229,
            35.13128
          ],
          [
            36.75201,
            35.13123
          ],
          [
            36.75189,
            35.1312
          ],
          [
            36.75131,
            35.13104
          ],
          [
            36.75126,
            35.13103
          ],
          [
            36.75101,
            35.13098
          ],
          [
            36.75083,
            35.13095
          ],
          [
            36.75075,
            35.13094
          ],
          [
            36.75072,
            35.13093
          ],
          [
            36.75053,
            35.1309
          ],
          [
            36.75031,
            35.13088
          ],
          [
            36.74971,
            35.13083
          ],
          [
            36.74959,
            35.13082
          ],
          [
            36.7494,
            35.13079
          ],
          [
            36.74922,
            35.13076
          ],
          [
            36.74879,
            35.1307
          ],
          [
            36.74867,
            35.13068
          ],
          [
            36.74862,
            35.13066
          ],
          [
            36.74859,
            35.13064
          ],
          [
            36.74858,
            35.13062
          ],
          [
            36.74855,
            35.13058
          ],
          [
            36.74859,
            35.13029
          ],
          [
            36.74861,
            35.13018
          ],
          [
            36.74862,
            35.13015
          ],
          [
            36.74864,
            35.13012
          ],
          [
            36.7487,
            35.13005
          ],
          [
            36.74881,
            35.12991
          ],
          [
            36.74885,
            35.12986
          ],
          [
            36.7489,
            35.12979
          ],
          [
            36.74898,
            35.12968
          ],
          [
            36.74903,
            35.12961
          ],
          [
            36.74919,
            35.12942
          ],
          [
            36.74935,
            35.1292
          ],
          [
            36.74946,
            35.12905
          ],
          [
            36.74952,
            35.12896
          ],
          [
            36.74974,
            35.12865
          ],
          [
            36.74998,
            35.12831
          ],
          [
            36.75016,
            35.12805
          ],
          [
            36.75022,
            35.12798
          ],
          [
            36.75033,
            35.12783
          ],
          [
            36.75062,
            35.12746
          ],
          [
            36.75085,
            35.12716
          ],
          [
            36.75089,
            35.12711
          ],
          [
            36.75103,
            35.12689
          ],
          [
            36.75105,
            35.12687
          ],
          [
            36.75122,
            35.12665
          ],
          [
            36.75126,
            35.12657
          ],
          [
            36.75127,
            35.1265
          ],
          [
            36.75127,
            35.12643
          ],
          [
            36.75126,
            35.12635
          ],
          [
            36.75122,
            35.12625
          ],
          [
            36.75113,
            35.12608
          ],
          [
            36.751,
            35.12589
          ],
          [
            36.75091,
            35.12577
          ],
          [
            36.75055,
            35.12532
          ],
          [
            36.75053,
            35.1253
          ],
          [
            36.75028,
            35.125
          ],
          [
            36.74992,
            35.12455
          ],
          [
            36.7498,
            35.1244
          ],
          [
            36.74968,
            35.12425
          ],
          [
            36.74956,
            35.1241
          ],
          [
            36.7492,
            35.12365
          ],
          [
            36.74919,
            35.12363
          ],
          [
            36.7491,
            35.12354
          ],
          [
            36.74895,
            35.1234
          ],
          [
            36.74893,
            35.1234
          ],
          [
            36.74892,
            35.1234
          ],
          [
            36.7489,
            35.1234
          ],
          [
            36.74888,
            35.1234
          ],
          [
            36.74887,
            35.1234
          ],
          [
            36.74885,
            35.1234
          ],
          [
            36.74883,
            35.12339
          ],
          [
            36.74882,
            35.12339
          ],
          [
            36.7488,
            35.12338
          ],
          [
            36.74879,
            35.12337
          ],
          [
            36.74877,
            35.12336
          ],
          [
            36.74876,
            35.12336
          ],
          [
            36.74875,
            35.12334
          ],
          [
            36.74873,
            35.12333
          ],
          [
            36.74872,
            35.12332
          ],
          [
            36.74871,
            35.12331
          ],
          [
            36.74871,
            35.1233
          ],
          [
            36.7487,
            35.12328
          ],
          [
            36.74869,
            35.12327
          ],
          [
            36.74869,
            35.12325
          ],
          [
            36.74869,
            35.12324
          ],
          [
            36.74869,
            35.12321
          ],
          [
            36.74869,
            35.1232
          ],
          [
            36.74869,
            35.12318
          ],
          [
            36.7487,
            35.12317
          ],
          [
            36.7487,
            35.12315
          ],
          [
            36.74871,
            35.12314
          ],
          [
            36.74872,
            35.12313
          ],
          [
            36.74873,
            35.12311
          ],
          [
            36.74874,
            35.1231
          ],
          [
            36.74875,
            35.12309
          ],
          [
            36.74877,
            35.12308
          ],
          [
            36.74878,
            35.12307
          ],
          [
            36.7488,
            35.12307
          ],
          [
            36.74881,
            35.12306
          ],
          [
            36.74883,
            35.12305
          ],
          [
            36.74885,
            35.12305
          ],
          [
            36.74886,
            35.12304
          ],
          [
            36.74888,
            35.12304
          ],
          [
            36.7489,
            35.12304
          ],
          [
            36.74892,
            35.12304
          ],
          [
            36.74893,
            35.12304
          ],
          [
            36.74895,
            35.12304
          ],
          [
            36.74897,
            35.12305
          ],
          [
            36.74899,
            35.12305
          ],
          [
            36.74901,
            35.12306
          ],
          [
            36.74903,
            35.12307
          ],
          [
            36.74904,
            35.12308
          ],
          [
            36.74905,
            35.12308
          ],
          [
            36.74907,
            35.12309
          ],
          [
            36.74908,
            35.12311
          ],
          [
            36.74909,
            35.12312
          ],
          [
            36.7491,
            35.12313
          ],
          [
            36.74911,
            35.12314
          ],
          [
            36.74912,
            35.12316
          ],
          [
            36.74912,
            35.12317
          ],
          [
            36.74913,
            35.12318
          ],
          [
            36.74913,
            35.1232
          ],
          [
            36.74913,
            35.12321
          ],
          [
            36.74913,
            35.12323
          ],
          [
            36.74913,
            35.12325
          ],
          [
            36.74934,
            35.12349
          ],
          [
            36.74978,
            35.12411
          ],
          [
            36.74983,
            35.12419
          ],
          [
            36.75009,
            35.12451
          ],
          [
            36.75046,
            35.12499
          ],
          [
            36.75069,
            35.12529
          ],
          [
            36.75096,
            35.12566
          ],
          [
            36.75097,
            35.12567
          ],
          [
            36.75107,
            35.12581
          ],
          [
            36.75125,
            35.12606
          ],
          [
            36.75134,
            35.12623
          ],
          [
            36.75136,
            35.12629
          ],
          [
            36.75137,
            35.12635
          ],
          [
            36.75139,
            35.1264
          ],
          [
            36.75142,
            35.12645
          ],
          [
            36.75145,
            35.12648
          ],
          [
            36.75148,
            35.12652
          ],
          [
            36.75152,
            35.12658
          ],
          [
            36.7516,
            35.12664
          ],
          [
            36.75168,
            35.1267
          ],
          [
            36.75178,
            35.1268
          ],
          [
            36.75191,
            35.12691
          ],
          [
            36.75205,
            35.12703
          ],
          [
            36.75218,
            35.12714
          ],
          [
            36.7522,
            35.12715
          ],
          [
            36.75231,
            35.12725
          ],
          [
            36.75241,
            35.12734
          ],
          [
            36.75314,
            35.12799
          ],
          [
            36.75331,
            35.12814
          ],
          [
            36.75338,
            35.1282
          ],
          [
            36.75358,
            35.12837
          ],
          [
            36.75374,
            35.1285
          ],
          [
            36.75378,
            35.12853
          ],
          [
            36.75384,
            35.12858
          ],
          [
            36.75396,
            35.12867
          ],
          [
            36.75439,
            35.12898
          ],
          [
            36.7545,
            35.12919
          ]
        ]
      },
      "properties": {
        "id": "hama-024",
        "nameAr": "مسار العودة",
        "nameEn": "مسار العودة",
        "type": "serafee",
        "colorIndex": 7,
        "notes": "",
        "priceOld": 2500,
        "priceNew": 25
      }
    },
    {
      "type": "Feature",
      "geometry": {
        "type": "LineString",
        "coordinates": [
          [
            36.7545,
            35.12919
          ],
          [
            36.75453,
            35.12925
          ],
          [
            36.75456,
            35.12932
          ],
          [
            36.75459,
            35.12941
          ],
          [
            36.75461,
            35.12954
          ],
          [
            36.75463,
            35.12991
          ],
          [
            36.75463,
            35.13014
          ],
          [
            36.75467,
            35.1302
          ],
          [
            36.75474,
            35.13023
          ],
          [
            36.75481,
            35.13026
          ],
          [
            36.75488,
            35.13027
          ],
          [
            36.75496,
            35.13028
          ],
          [
            36.75508,
            35.13029
          ],
          [
            36.75561,
            35.13034
          ],
          [
            36.75592,
            35.13037
          ],
          [
            36.75627,
            35.13039
          ],
          [
            36.75685,
            35.13046
          ],
          [
            36.75694,
            35.13046
          ],
          [
            36.75713,
            35.13046
          ],
          [
            36.75713,
            35.13045
          ],
          [
            36.75714,
            35.13045
          ],
          [
            36.75714,
            35.13044
          ],
          [
            36.75715,
            35.13044
          ],
          [
            36.75715,
            35.13043
          ],
          [
            36.75716,
            35.13043
          ],
          [
            36.75717,
            35.13043
          ],
          [
            36.75717,
            35.13042
          ],
          [
            36.75718,
            35.13042
          ],
          [
            36.75719,
            35.13042
          ],
          [
            36.7572,
            35.13042
          ],
          [
            36.75721,
            35.13041
          ],
          [
            36.75722,
            35.13041
          ],
          [
            36.75723,
            35.13041
          ],
          [
            36.75724,
            35.13041
          ],
          [
            36.75724,
            35.13042
          ],
          [
            36.75725,
            35.13042
          ],
          [
            36.75726,
            35.13042
          ],
          [
            36.75727,
            35.13042
          ],
          [
            36.75728,
            35.13043
          ],
          [
            36.75729,
            35.13043
          ],
          [
            36.75729,
            35.13044
          ],
          [
            36.7573,
            35.13044
          ],
          [
            36.75731,
            35.13045
          ],
          [
            36.75731,
            35.13046
          ],
          [
            36.75732,
            35.13046
          ],
          [
            36.75732,
            35.13047
          ],
          [
            36.75733,
            35.13048
          ],
          [
            36.75733,
            35.13049
          ],
          [
            36.75733,
            35.1305
          ],
          [
            36.75733,
            35.13051
          ],
          [
            36.75733,
            35.13052
          ],
          [
            36.75733,
            35.13053
          ],
          [
            36.75732,
            35.13053
          ],
          [
            36.75732,
            35.13054
          ],
          [
            36.75731,
            35.13055
          ],
          [
            36.75728,
            35.13072
          ],
          [
            36.75719,
            35.13117
          ],
          [
            36.75705,
            35.13177
          ],
          [
            36.75703,
            35.13186
          ],
          [
            36.75696,
            35.13212
          ],
          [
            36.7569,
            35.13242
          ],
          [
            36.75684,
            35.13289
          ],
          [
            36.75683,
            35.13301
          ],
          [
            36.75683,
            35.13307
          ],
          [
            36.75683,
            35.13317
          ],
          [
            36.75684,
            35.13324
          ],
          [
            36.75685,
            35.13332
          ],
          [
            36.75686,
            35.13339
          ],
          [
            36.75688,
            35.13349
          ],
          [
            36.7569,
            35.13359
          ],
          [
            36.75695,
            35.13378
          ],
          [
            36.75701,
            35.13399
          ],
          [
            36.75706,
            35.13416
          ],
          [
            36.75707,
            35.13421
          ],
          [
            36.7571,
            35.13434
          ],
          [
            36.75715,
            35.13452
          ],
          [
            36.75719,
            35.13469
          ],
          [
            36.75726,
            35.13494
          ],
          [
            36.75727,
            35.13505
          ],
          [
            36.75728,
            35.13511
          ],
          [
            36.75729,
            35.13522
          ],
          [
            36.75729,
            35.13523
          ],
          [
            36.75728,
            35.13542
          ],
          [
            36.75727,
            35.13562
          ],
          [
            36.75725,
            35.13576
          ],
          [
            36.75718,
            35.13612
          ],
          [
            36.75713,
            35.13637
          ],
          [
            36.75713,
            35.13641
          ],
          [
            36.75709,
            35.13655
          ],
          [
            36.75709,
            35.13656
          ],
          [
            36.75706,
            35.13667
          ],
          [
            36.7569,
            35.13704
          ],
          [
            36.75689,
            35.13706
          ],
          [
            36.75658,
            35.13778
          ],
          [
            36.75654,
            35.13786
          ],
          [
            36.75637,
            35.13819
          ],
          [
            36.75629,
            35.13837
          ],
          [
            36.7562,
            35.13854
          ],
          [
            36.75611,
            35.13871
          ],
          [
            36.75602,
            35.13889
          ],
          [
            36.75595,
            35.13904
          ],
          [
            36.75554,
            35.13987
          ],
          [
            36.7555,
            35.13998
          ],
          [
            36.75547,
            35.14009
          ],
          [
            36.75542,
            35.14027
          ],
          [
            36.75538,
            35.14047
          ],
          [
            36.75536,
            35.14058
          ],
          [
            36.75533,
            35.14079
          ],
          [
            36.75533,
            35.14088
          ],
          [
            36.75532,
            35.14091
          ],
          [
            36.75531,
            35.14094
          ],
          [
            36.75521,
            35.141
          ],
          [
            36.75514,
            35.14113
          ],
          [
            36.75499,
            35.1414
          ],
          [
            36.75492,
            35.14152
          ],
          [
            36.75482,
            35.14173
          ],
          [
            36.75467,
            35.14207
          ],
          [
            36.75441,
            35.14265
          ],
          [
            36.75436,
            35.14273
          ],
          [
            36.75426,
            35.14296
          ],
          [
            36.75415,
            35.14317
          ],
          [
            36.75413,
            35.14322
          ],
          [
            36.75402,
            35.14346
          ],
          [
            36.75399,
            35.14353
          ],
          [
            36.75388,
            35.1438
          ],
          [
            36.75383,
            35.14392
          ],
          [
            36.75381,
            35.14397
          ],
          [
            36.75378,
            35.14408
          ],
          [
            36.75374,
            35.1443
          ],
          [
            36.75373,
            35.14433
          ],
          [
            36.75371,
            35.14449
          ],
          [
            36.7537,
            35.14456
          ],
          [
            36.75369,
            35.14478
          ],
          [
            36.75369,
            35.14498
          ],
          [
            36.7537,
            35.14503
          ],
          [
            36.75371,
            35.14517
          ],
          [
            36.75372,
            35.14521
          ],
          [
            36.75374,
            35.1453
          ],
          [
            36.75376,
            35.14539
          ],
          [
            36.7538,
            35.14556
          ],
          [
            36.75386,
            35.14585
          ],
          [
            36.75392,
            35.14609
          ],
          [
            36.75398,
            35.14633
          ],
          [
            36.75411,
            35.1468
          ],
          [
            36.75427,
            35.14732
          ],
          [
            36.75441,
            35.14781
          ],
          [
            36.75446,
            35.14799
          ],
          [
            36.75452,
            35.14798
          ],
          [
            36.75501,
            35.14796
          ],
          [
            36.75521,
            35.14796
          ],
          [
            36.75549,
            35.14795
          ],
          [
            36.75559,
            35.14795
          ],
          [
            36.75598,
            35.14794
          ],
          [
            36.75659,
            35.14793
          ],
          [
            36.75692,
            35.14792
          ],
          [
            36.75746,
            35.1479
          ],
          [
            36.75778,
            35.1479
          ],
          [
            36.75778,
            35.14792
          ],
          [
            36.75778,
            35.14802
          ],
          [
            36.75759,
            35.14802
          ],
          [
            36.75769,
            35.14861
          ],
          [
            36.75782,
            35.1491
          ],
          [
            36.75793,
            35.14956
          ],
          [
            36.758,
            35.14985
          ],
          [
            36.75807,
            35.1501
          ],
          [
            36.75813,
            35.1503
          ],
          [
            36.75827,
            35.15086
          ],
          [
            36.75842,
            35.15154
          ],
          [
            36.75846,
            35.15161
          ],
          [
            36.75847,
            35.15162
          ],
          [
            36.75849,
            35.15164
          ],
          [
            36.75858,
            35.15165
          ],
          [
            36.75865,
            35.15166
          ],
          [
            36.75897,
            35.15165
          ],
          [
            36.75923,
            35.15165
          ],
          [
            36.75927,
            35.15165
          ],
          [
            36.75955,
            35.15164
          ],
          [
            36.75976,
            35.15163
          ],
          [
            36.76011,
            35.15162
          ],
          [
            36.76032,
            35.15162
          ],
          [
            36.76068,
            35.15161
          ],
          [
            36.76085,
            35.1516
          ],
          [
            36.76139,
            35.15159
          ],
          [
            36.76195,
            35.15158
          ],
          [
            36.76224,
            35.15157
          ],
          [
            36.76268,
            35.15156
          ],
          [
            36.76293,
            35.15156
          ],
          [
            36.76313,
            35.15155
          ],
          [
            36.76333,
            35.15154
          ],
          [
            36.76409,
            35.15152
          ],
          [
            36.76475,
            35.15151
          ],
          [
            36.76501,
            35.1515
          ],
          [
            36.76527,
            35.15149
          ],
          [
            36.76556,
            35.15148
          ],
          [
            36.76583,
            35.15147
          ],
          [
            36.76612,
            35.15146
          ],
          [
            36.76637,
            35.15146
          ],
          [
            36.76665,
            35.15146
          ],
          [
            36.76688,
            35.15145
          ],
          [
            36.76741,
            35.15145
          ],
          [
            36.76799,
            35.15144
          ],
          [
            36.76828,
            35.15143
          ],
          [
            36.76839,
            35.15142
          ],
          [
            36.76852,
            35.15141
          ],
          [
            36.76861,
            35.15139
          ],
          [
            36.76875,
            35.15136
          ],
          [
            36.76898,
            35.15128
          ],
          [
            36.76912,
            35.15123
          ],
          [
            36.76926,
            35.15116
          ],
          [
            36.76955,
            35.15098
          ],
          [
            36.76956,
            35.15096
          ],
          [
            36.77036,
            35.1502
          ],
          [
            36.77081,
            35.14972
          ],
          [
            36.77079,
            35.1497
          ],
          [
            36.77078,
            35.14968
          ],
          [
            36.77077,
            35.14965
          ],
          [
            36.77076,
            35.14963
          ],
          [
            36.77076,
            35.14961
          ],
          [
            36.77076,
            35.14958
          ],
          [
            36.77076,
            35.14956
          ],
          [
            36.77076,
            35.14953
          ],
          [
            36.77074,
            35.14951
          ],
          [
            36.77045,
            35.14927
          ],
          [
            36.76948,
            35.14863
          ],
          [
            36.76868,
            35.14808
          ],
          [
            36.76802,
            35.14761
          ],
          [
            36.76789,
            35.14752
          ],
          [
            36.76751,
            35.14726
          ],
          [
            36.76735,
            35.14716
          ],
          [
            36.76734,
            35.14715
          ],
          [
            36.76677,
            35.14676
          ],
          [
            36.76661,
            35.14666
          ],
          [
            36.76658,
            35.14665
          ],
          [
            36.76654,
            35.14665
          ],
          [
            36.76651,
            35.14666
          ],
          [
            36.76648,
            35.14666
          ],
          [
            36.76644,
            35.14667
          ],
          [
            36.76641,
            35.14667
          ],
          [
            36.76638,
            35.14666
          ],
          [
            36.76634,
            35.14666
          ],
          [
            36.76631,
            35.14665
          ],
          [
            36.76625,
            35.14662
          ],
          [
            36.7662,
            35.14659
          ]
        ]
      },
      "properties": {
        "id": "hama-025",
        "nameAr": "Directions from موقف الملجأ‎ to موقف الجب",
        "nameEn": "Directions from موقف الملجأ‎ to موقف الجب",
        "type": "serafee",
        "colorIndex": 0,
        "notes": "",
        "priceOld": 2500,
        "priceNew": 25
      }
    },
    {
      "type": "Feature",
      "geometry": {
        "type": "LineString",
        "coordinates": [
          [
            36.7662,
            35.14659
          ],
          [
            36.76616,
            35.14655
          ],
          [
            36.76613,
            35.14649
          ],
          [
            36.76612,
            35.14644
          ],
          [
            36.76612,
            35.14638
          ],
          [
            36.76614,
            35.14631
          ],
          [
            36.76612,
            35.14628
          ],
          [
            36.76604,
            35.14619
          ],
          [
            36.76593,
            35.14611
          ],
          [
            36.76581,
            35.14602
          ],
          [
            36.76566,
            35.14592
          ],
          [
            36.76549,
            35.1458
          ],
          [
            36.76546,
            35.14578
          ],
          [
            36.76535,
            35.1457
          ],
          [
            36.76532,
            35.14569
          ],
          [
            36.76498,
            35.14546
          ],
          [
            36.76475,
            35.14531
          ],
          [
            36.76464,
            35.14524
          ],
          [
            36.76446,
            35.14513
          ],
          [
            36.76394,
            35.14479
          ],
          [
            36.76392,
            35.14478
          ],
          [
            36.76377,
            35.14469
          ],
          [
            36.76326,
            35.14438
          ],
          [
            36.76305,
            35.14427
          ],
          [
            36.763,
            35.14424
          ],
          [
            36.7628,
            35.14413
          ],
          [
            36.76268,
            35.14408
          ],
          [
            36.76218,
            35.14385
          ],
          [
            36.7616,
            35.14359
          ],
          [
            36.76153,
            35.14356
          ],
          [
            36.76057,
            35.14313
          ],
          [
            36.76025,
            35.14299
          ],
          [
            36.75969,
            35.14274
          ],
          [
            36.75927,
            35.14256
          ],
          [
            36.75916,
            35.14251
          ],
          [
            36.75913,
            35.1425
          ],
          [
            36.75912,
            35.1425
          ],
          [
            36.7591,
            35.1425
          ],
          [
            36.75905,
            35.1425
          ],
          [
            36.75901,
            35.14249
          ],
          [
            36.75897,
            35.14247
          ],
          [
            36.75894,
            35.14244
          ],
          [
            36.75892,
            35.14242
          ],
          [
            36.75892,
            35.1424
          ],
          [
            36.75781,
            35.14195
          ],
          [
            36.75766,
            35.14188
          ],
          [
            36.75739,
            35.14177
          ],
          [
            36.75714,
            35.14166
          ],
          [
            36.75687,
            35.14154
          ],
          [
            36.75658,
            35.14142
          ],
          [
            36.75648,
            35.14138
          ],
          [
            36.75584,
            35.14117
          ],
          [
            36.75551,
            35.14106
          ],
          [
            36.75543,
            35.14104
          ],
          [
            36.75521,
            35.141
          ],
          [
            36.75517,
            35.14102
          ],
          [
            36.75514,
            35.14102
          ],
          [
            36.7551,
            35.14102
          ],
          [
            36.75505,
            35.14101
          ],
          [
            36.75502,
            35.141
          ],
          [
            36.75498,
            35.14099
          ],
          [
            36.75495,
            35.14097
          ],
          [
            36.75492,
            35.14094
          ],
          [
            36.7549,
            35.14092
          ],
          [
            36.75489,
            35.14088
          ],
          [
            36.75488,
            35.14084
          ],
          [
            36.75489,
            35.1408
          ],
          [
            36.7549,
            35.14077
          ],
          [
            36.75492,
            35.14073
          ],
          [
            36.75499,
            35.14068
          ],
          [
            36.75503,
            35.14062
          ],
          [
            36.7551,
            35.14052
          ],
          [
            36.75516,
            35.14041
          ],
          [
            36.75524,
            35.14023
          ],
          [
            36.75532,
            35.14006
          ],
          [
            36.75534,
            35.14002
          ],
          [
            36.75572,
            35.13917
          ],
          [
            36.75575,
            35.13911
          ],
          [
            36.75579,
            35.13903
          ],
          [
            36.75581,
            35.13899
          ],
          [
            36.75609,
            35.13848
          ],
          [
            36.75614,
            35.1384
          ],
          [
            36.75618,
            35.13832
          ],
          [
            36.75622,
            35.13824
          ],
          [
            36.75627,
            35.13813
          ],
          [
            36.75634,
            35.13796
          ],
          [
            36.7565,
            35.13762
          ],
          [
            36.75658,
            35.13745
          ],
          [
            36.75661,
            35.13737
          ],
          [
            36.75681,
            35.13695
          ],
          [
            36.75685,
            35.13686
          ],
          [
            36.75689,
            35.13678
          ],
          [
            36.75691,
            35.13674
          ],
          [
            36.75698,
            35.13655
          ],
          [
            36.757,
            35.13648
          ],
          [
            36.757,
            35.13643
          ],
          [
            36.75701,
            35.1364
          ],
          [
            36.75713,
            35.13561
          ],
          [
            36.75715,
            35.13549
          ],
          [
            36.75714,
            35.13536
          ],
          [
            36.75713,
            35.13525
          ],
          [
            36.7571,
            35.13508
          ],
          [
            36.75709,
            35.13496
          ],
          [
            36.75708,
            35.13493
          ],
          [
            36.75705,
            35.13478
          ],
          [
            36.75702,
            35.13462
          ],
          [
            36.75692,
            35.13422
          ],
          [
            36.75686,
            35.13399
          ],
          [
            36.75685,
            35.13393
          ],
          [
            36.7568,
            35.13376
          ],
          [
            36.75672,
            35.13341
          ],
          [
            36.75671,
            35.1334
          ],
          [
            36.75665,
            35.13316
          ],
          [
            36.75664,
            35.13308
          ],
          [
            36.75663,
            35.13305
          ],
          [
            36.75663,
            35.133
          ],
          [
            36.75664,
            35.13292
          ],
          [
            36.75668,
            35.13276
          ],
          [
            36.75672,
            35.13258
          ],
          [
            36.75676,
            35.13241
          ],
          [
            36.75684,
            35.13205
          ],
          [
            36.75689,
            35.13176
          ],
          [
            36.75666,
            35.13171
          ],
          [
            36.75597,
            35.13158
          ],
          [
            36.75585,
            35.13155
          ],
          [
            36.75574,
            35.13152
          ],
          [
            36.75556,
            35.13147
          ],
          [
            36.75543,
            35.13143
          ],
          [
            36.75527,
            35.13139
          ],
          [
            36.75507,
            35.13133
          ],
          [
            36.75496,
            35.1313
          ],
          [
            36.75485,
            35.13128
          ],
          [
            36.75475,
            35.13128
          ],
          [
            36.75465,
            35.13128
          ],
          [
            36.75463,
            35.13128
          ],
          [
            36.75455,
            35.13129
          ],
          [
            36.7544,
            35.1313
          ],
          [
            36.75423,
            35.13132
          ],
          [
            36.75414,
            35.13133
          ],
          [
            36.75398,
            35.13134
          ],
          [
            36.75397,
            35.13134
          ],
          [
            36.75385,
            35.13134
          ],
          [
            36.75373,
            35.13134
          ],
          [
            36.75353,
            35.13133
          ],
          [
            36.75316,
            35.1313
          ],
          [
            36.7529,
            35.13128
          ],
          [
            36.75229,
            35.13128
          ],
          [
            36.75201,
            35.13123
          ],
          [
            36.75189,
            35.1312
          ],
          [
            36.75131,
            35.13104
          ],
          [
            36.75126,
            35.13103
          ],
          [
            36.75101,
            35.13098
          ],
          [
            36.75083,
            35.13095
          ],
          [
            36.75072,
            35.13093
          ],
          [
            36.75053,
            35.1309
          ],
          [
            36.75031,
            35.13088
          ],
          [
            36.74971,
            35.13083
          ],
          [
            36.74959,
            35.13082
          ],
          [
            36.7494,
            35.13079
          ],
          [
            36.74922,
            35.13076
          ],
          [
            36.74879,
            35.1307
          ],
          [
            36.74867,
            35.13068
          ],
          [
            36.74862,
            35.13066
          ],
          [
            36.74859,
            35.13064
          ],
          [
            36.74858,
            35.13062
          ],
          [
            36.74855,
            35.13058
          ],
          [
            36.74858,
            35.13037
          ],
          [
            36.74859,
            35.13029
          ],
          [
            36.74861,
            35.13018
          ],
          [
            36.74862,
            35.13015
          ],
          [
            36.74864,
            35.13012
          ],
          [
            36.7487,
            35.13005
          ],
          [
            36.74881,
            35.12991
          ],
          [
            36.74885,
            35.12986
          ],
          [
            36.7489,
            35.12979
          ],
          [
            36.74898,
            35.12968
          ],
          [
            36.74903,
            35.12961
          ],
          [
            36.74919,
            35.12942
          ],
          [
            36.74935,
            35.1292
          ],
          [
            36.74946,
            35.12905
          ],
          [
            36.74952,
            35.12896
          ],
          [
            36.74974,
            35.12865
          ],
          [
            36.74998,
            35.12831
          ],
          [
            36.75016,
            35.12805
          ],
          [
            36.75022,
            35.12798
          ],
          [
            36.75033,
            35.12783
          ],
          [
            36.75062,
            35.12746
          ],
          [
            36.75085,
            35.12716
          ],
          [
            36.75089,
            35.12711
          ],
          [
            36.75103,
            35.12689
          ],
          [
            36.75105,
            35.12687
          ],
          [
            36.75122,
            35.12665
          ],
          [
            36.75126,
            35.12657
          ],
          [
            36.75127,
            35.1265
          ],
          [
            36.75127,
            35.12643
          ],
          [
            36.75126,
            35.12635
          ],
          [
            36.75122,
            35.12625
          ],
          [
            36.75113,
            35.12608
          ],
          [
            36.751,
            35.12589
          ],
          [
            36.75091,
            35.12577
          ],
          [
            36.75055,
            35.12532
          ],
          [
            36.75053,
            35.1253
          ],
          [
            36.75028,
            35.125
          ],
          [
            36.74992,
            35.12455
          ],
          [
            36.7498,
            35.1244
          ],
          [
            36.74968,
            35.12425
          ],
          [
            36.74956,
            35.1241
          ],
          [
            36.7492,
            35.12365
          ],
          [
            36.74919,
            35.12363
          ],
          [
            36.7491,
            35.12354
          ],
          [
            36.74895,
            35.1234
          ],
          [
            36.74893,
            35.1234
          ],
          [
            36.74892,
            35.1234
          ],
          [
            36.7489,
            35.1234
          ],
          [
            36.74888,
            35.1234
          ],
          [
            36.74887,
            35.1234
          ],
          [
            36.74885,
            35.1234
          ],
          [
            36.74883,
            35.12339
          ],
          [
            36.74882,
            35.12339
          ],
          [
            36.7488,
            35.12338
          ],
          [
            36.74879,
            35.12337
          ],
          [
            36.74877,
            35.12336
          ],
          [
            36.74876,
            35.12336
          ],
          [
            36.74875,
            35.12334
          ],
          [
            36.74873,
            35.12333
          ],
          [
            36.74872,
            35.12332
          ],
          [
            36.74871,
            35.12331
          ],
          [
            36.74871,
            35.1233
          ],
          [
            36.7487,
            35.12328
          ],
          [
            36.74869,
            35.12327
          ],
          [
            36.74869,
            35.12325
          ],
          [
            36.74869,
            35.12324
          ],
          [
            36.74869,
            35.12321
          ],
          [
            36.74869,
            35.1232
          ],
          [
            36.74869,
            35.12318
          ],
          [
            36.7487,
            35.12317
          ],
          [
            36.7487,
            35.12315
          ],
          [
            36.74871,
            35.12314
          ],
          [
            36.74872,
            35.12313
          ],
          [
            36.74873,
            35.12311
          ],
          [
            36.74874,
            35.1231
          ],
          [
            36.74875,
            35.12309
          ],
          [
            36.74877,
            35.12308
          ],
          [
            36.74878,
            35.12307
          ],
          [
            36.7488,
            35.12307
          ],
          [
            36.74881,
            35.12306
          ],
          [
            36.74883,
            35.12305
          ],
          [
            36.74885,
            35.12305
          ],
          [
            36.74886,
            35.12304
          ],
          [
            36.74888,
            35.12304
          ],
          [
            36.7489,
            35.12304
          ],
          [
            36.74892,
            35.12304
          ],
          [
            36.74893,
            35.12304
          ],
          [
            36.74895,
            35.12304
          ],
          [
            36.74897,
            35.12305
          ],
          [
            36.74899,
            35.12305
          ],
          [
            36.74901,
            35.12306
          ],
          [
            36.74903,
            35.12307
          ],
          [
            36.74904,
            35.12308
          ],
          [
            36.74905,
            35.12308
          ],
          [
            36.74907,
            35.12309
          ],
          [
            36.74908,
            35.12311
          ],
          [
            36.74909,
            35.12312
          ],
          [
            36.7491,
            35.12313
          ],
          [
            36.74911,
            35.12314
          ],
          [
            36.74912,
            35.12316
          ],
          [
            36.74912,
            35.12317
          ],
          [
            36.74913,
            35.12318
          ],
          [
            36.74913,
            35.1232
          ],
          [
            36.74913,
            35.12321
          ],
          [
            36.74913,
            35.12323
          ],
          [
            36.74913,
            35.12325
          ],
          [
            36.74934,
            35.12349
          ],
          [
            36.74978,
            35.12411
          ],
          [
            36.74983,
            35.12419
          ],
          [
            36.75009,
            35.12451
          ],
          [
            36.75046,
            35.12499
          ],
          [
            36.75069,
            35.12529
          ],
          [
            36.75096,
            35.12566
          ],
          [
            36.75097,
            35.12567
          ],
          [
            36.75107,
            35.12581
          ],
          [
            36.75125,
            35.12606
          ],
          [
            36.75134,
            35.12623
          ],
          [
            36.75136,
            35.12629
          ],
          [
            36.75137,
            35.12635
          ],
          [
            36.75139,
            35.1264
          ],
          [
            36.75142,
            35.12645
          ],
          [
            36.75145,
            35.12648
          ],
          [
            36.75148,
            35.12652
          ],
          [
            36.75152,
            35.12658
          ],
          [
            36.7516,
            35.12664
          ],
          [
            36.75168,
            35.1267
          ],
          [
            36.75178,
            35.1268
          ],
          [
            36.75191,
            35.12691
          ],
          [
            36.75205,
            35.12703
          ],
          [
            36.75218,
            35.12714
          ],
          [
            36.7522,
            35.12715
          ],
          [
            36.75231,
            35.12725
          ],
          [
            36.75241,
            35.12734
          ],
          [
            36.75314,
            35.12799
          ],
          [
            36.75331,
            35.12814
          ],
          [
            36.75338,
            35.1282
          ],
          [
            36.75358,
            35.12837
          ],
          [
            36.75374,
            35.1285
          ],
          [
            36.75378,
            35.12853
          ],
          [
            36.75384,
            35.12858
          ],
          [
            36.75396,
            35.12867
          ],
          [
            36.75439,
            35.12898
          ],
          [
            36.7545,
            35.12919
          ]
        ]
      },
      "properties": {
        "id": "hama-026",
        "nameAr": "Directions from موقف الجب‎ to موقف الملجأ",
        "nameEn": "Directions from موقف الجب‎ to موقف الملجأ",
        "type": "serafee",
        "colorIndex": 1,
        "notes": "",
        "priceOld": 2500,
        "priceNew": 25
      }
    },
    {
      "type": "Feature",
      "geometry": {
        "type": "LineString",
        "coordinates": [
          [
            36.75458,
            35.12902
          ],
          [
            36.75483,
            35.12907
          ],
          [
            36.75505,
            35.12914
          ],
          [
            36.75529,
            35.12921
          ],
          [
            36.75601,
            35.12943
          ],
          [
            36.75629,
            35.12949
          ],
          [
            36.75656,
            35.12954
          ],
          [
            36.75731,
            35.12966
          ],
          [
            36.75737,
            35.12967
          ],
          [
            36.75759,
            35.12872
          ],
          [
            36.75766,
            35.12837
          ],
          [
            36.7577,
            35.12819
          ],
          [
            36.75781,
            35.12766
          ],
          [
            36.75792,
            35.1271
          ],
          [
            36.75802,
            35.12664
          ],
          [
            36.7581,
            35.12629
          ],
          [
            36.75814,
            35.12611
          ],
          [
            36.75818,
            35.12593
          ],
          [
            36.7583,
            35.12536
          ],
          [
            36.75832,
            35.12528
          ],
          [
            36.75833,
            35.12517
          ],
          [
            36.75834,
            35.12503
          ],
          [
            36.75833,
            35.12473
          ],
          [
            36.75832,
            35.12446
          ],
          [
            36.75832,
            35.12441
          ],
          [
            36.7583,
            35.12426
          ],
          [
            36.75827,
            35.1241
          ],
          [
            36.75822,
            35.12395
          ],
          [
            36.75812,
            35.12375
          ],
          [
            36.75804,
            35.1236
          ],
          [
            36.75796,
            35.12343
          ],
          [
            36.75788,
            35.12326
          ],
          [
            36.75783,
            35.12318
          ],
          [
            36.75779,
            35.1231
          ],
          [
            36.75745,
            35.12244
          ],
          [
            36.75736,
            35.12227
          ],
          [
            36.75719,
            35.12194
          ],
          [
            36.75687,
            35.12135
          ],
          [
            36.75663,
            35.12103
          ],
          [
            36.75661,
            35.12102
          ],
          [
            36.75659,
            35.12101
          ],
          [
            36.75657,
            35.121
          ],
          [
            36.75656,
            35.12099
          ],
          [
            36.75654,
            35.12098
          ],
          [
            36.75653,
            35.12097
          ],
          [
            36.75651,
            35.12095
          ],
          [
            36.7565,
            35.12094
          ],
          [
            36.75649,
            35.12092
          ],
          [
            36.75648,
            35.12091
          ],
          [
            36.75648,
            35.12089
          ],
          [
            36.75647,
            35.12088
          ],
          [
            36.75647,
            35.12086
          ],
          [
            36.75647,
            35.12084
          ],
          [
            36.75647,
            35.12083
          ],
          [
            36.75647,
            35.12081
          ],
          [
            36.75648,
            35.12078
          ],
          [
            36.75649,
            35.12076
          ],
          [
            36.7565,
            35.12075
          ],
          [
            36.75651,
            35.12073
          ],
          [
            36.75652,
            35.12072
          ],
          [
            36.75653,
            35.1207
          ],
          [
            36.75655,
            35.12069
          ],
          [
            36.75657,
            35.12068
          ],
          [
            36.75658,
            35.12067
          ],
          [
            36.7566,
            35.12066
          ],
          [
            36.75662,
            35.12066
          ],
          [
            36.75664,
            35.12065
          ],
          [
            36.75666,
            35.12065
          ],
          [
            36.75668,
            35.12064
          ],
          [
            36.7567,
            35.12064
          ],
          [
            36.75672,
            35.12064
          ],
          [
            36.75674,
            35.12065
          ],
          [
            36.75676,
            35.12065
          ],
          [
            36.75678,
            35.12065
          ],
          [
            36.75681,
            35.12066
          ],
          [
            36.75704,
            35.12061
          ],
          [
            36.75735,
            35.12054
          ],
          [
            36.75786,
            35.1204
          ],
          [
            36.75798,
            35.12037
          ],
          [
            36.75829,
            35.12027
          ],
          [
            36.75839,
            35.12024
          ],
          [
            36.75859,
            35.12017
          ],
          [
            36.75866,
            35.12015
          ],
          [
            36.75876,
            35.1201
          ],
          [
            36.75878,
            35.12008
          ],
          [
            36.75884,
            35.12003
          ],
          [
            36.75892,
            35.11989
          ],
          [
            36.75898,
            35.11977
          ],
          [
            36.75913,
            35.11946
          ],
          [
            36.75926,
            35.11926
          ],
          [
            36.75928,
            35.1192
          ],
          [
            36.75932,
            35.11912
          ],
          [
            36.75935,
            35.11909
          ],
          [
            36.75938,
            35.11895
          ],
          [
            36.75942,
            35.11877
          ],
          [
            36.75944,
            35.11872
          ],
          [
            36.7598,
            35.11794
          ],
          [
            36.75985,
            35.11783
          ],
          [
            36.76024,
            35.117
          ],
          [
            36.76031,
            35.11685
          ],
          [
            36.7605,
            35.11646
          ],
          [
            36.7605,
            35.11641
          ],
          [
            36.76051,
            35.11637
          ],
          [
            36.76089,
            35.11544
          ],
          [
            36.76091,
            35.11538
          ],
          [
            36.76099,
            35.11525
          ],
          [
            36.76099,
            35.11523
          ],
          [
            36.76098,
            35.11521
          ],
          [
            36.76098,
            35.1152
          ],
          [
            36.76098,
            35.11519
          ],
          [
            36.76098,
            35.11518
          ],
          [
            36.76098,
            35.11517
          ],
          [
            36.76099,
            35.11515
          ],
          [
            36.76099,
            35.11514
          ],
          [
            36.76099,
            35.11513
          ],
          [
            36.761,
            35.11512
          ],
          [
            36.76101,
            35.11511
          ],
          [
            36.76101,
            35.1151
          ],
          [
            36.76102,
            35.11509
          ],
          [
            36.76103,
            35.11508
          ],
          [
            36.76104,
            35.11507
          ],
          [
            36.76105,
            35.11506
          ],
          [
            36.76106,
            35.11505
          ],
          [
            36.76117,
            35.1149
          ],
          [
            36.76122,
            35.11481
          ],
          [
            36.76127,
            35.1147
          ],
          [
            36.76131,
            35.11455
          ],
          [
            36.76141,
            35.11425
          ],
          [
            36.76157,
            35.11372
          ],
          [
            36.76172,
            35.11327
          ],
          [
            36.76208,
            35.11214
          ],
          [
            36.76216,
            35.11185
          ],
          [
            36.76206,
            35.11183
          ],
          [
            36.762,
            35.11182
          ],
          [
            36.76206,
            35.11183
          ],
          [
            36.76216,
            35.11185
          ],
          [
            36.76255,
            35.11063
          ],
          [
            36.76263,
            35.11037
          ],
          [
            36.76291,
            35.10951
          ],
          [
            36.76297,
            35.10932
          ],
          [
            36.76305,
            35.10906
          ],
          [
            36.76309,
            35.10894
          ],
          [
            36.76333,
            35.10819
          ],
          [
            36.76348,
            35.10774
          ],
          [
            36.76339,
            35.10774
          ],
          [
            36.7623,
            35.10777
          ],
          [
            36.7614,
            35.10779
          ],
          [
            36.75938,
            35.10787
          ],
          [
            36.75938,
            35.10798
          ],
          [
            36.75938,
            35.10877
          ],
          [
            36.75939,
            35.10973
          ],
          [
            36.75945,
            35.11083
          ],
          [
            36.75945,
            35.11085
          ],
          [
            36.75945,
            35.111
          ],
          [
            36.75945,
            35.11183
          ],
          [
            36.76034,
            35.11182
          ],
          [
            36.76041,
            35.11182
          ],
          [
            36.7609,
            35.11182
          ],
          [
            36.76189,
            35.11182
          ],
          [
            36.76198,
            35.11182
          ],
          [
            36.76206,
            35.11183
          ],
          [
            36.76216,
            35.11185
          ],
          [
            36.76255,
            35.11063
          ],
          [
            36.76263,
            35.11037
          ],
          [
            36.76291,
            35.10951
          ],
          [
            36.76297,
            35.10932
          ],
          [
            36.76305,
            35.10906
          ],
          [
            36.76309,
            35.10894
          ],
          [
            36.76333,
            35.10819
          ],
          [
            36.76348,
            35.10774
          ],
          [
            36.76347,
            35.10773
          ],
          [
            36.76346,
            35.10772
          ],
          [
            36.76346,
            35.10771
          ],
          [
            36.76345,
            35.1077
          ],
          [
            36.76345,
            35.10769
          ],
          [
            36.76345,
            35.10768
          ],
          [
            36.76345,
            35.10767
          ],
          [
            36.76344,
            35.10766
          ],
          [
            36.76344,
            35.10765
          ],
          [
            36.76345,
            35.10765
          ],
          [
            36.76345,
            35.10764
          ],
          [
            36.76345,
            35.10763
          ],
          [
            36.76345,
            35.10762
          ],
          [
            36.76345,
            35.10761
          ],
          [
            36.76346,
            35.1076
          ],
          [
            36.76347,
            35.10759
          ],
          [
            36.76347,
            35.10758
          ],
          [
            36.76348,
            35.10757
          ],
          [
            36.76349,
            35.10756
          ],
          [
            36.7635,
            35.10755
          ],
          [
            36.76351,
            35.10755
          ],
          [
            36.76351,
            35.10754
          ],
          [
            36.76352,
            35.10754
          ],
          [
            36.76353,
            35.10753
          ],
          [
            36.76354,
            35.10753
          ],
          [
            36.76355,
            35.10753
          ],
          [
            36.76356,
            35.10752
          ],
          [
            36.76357,
            35.10752
          ],
          [
            36.76358,
            35.10752
          ],
          [
            36.76359,
            35.10752
          ],
          [
            36.7636,
            35.10752
          ],
          [
            36.76362,
            35.10752
          ],
          [
            36.76363,
            35.10752
          ],
          [
            36.76364,
            35.10752
          ],
          [
            36.76365,
            35.10752
          ],
          [
            36.76366,
            35.10752
          ],
          [
            36.76367,
            35.10752
          ],
          [
            36.76368,
            35.10752
          ],
          [
            36.76369,
            35.10752
          ],
          [
            36.7637,
            35.10753
          ],
          [
            36.76371,
            35.10753
          ],
          [
            36.76372,
            35.10754
          ],
          [
            36.76373,
            35.10754
          ],
          [
            36.76373,
            35.10755
          ],
          [
            36.76374,
            35.10755
          ],
          [
            36.76375,
            35.10756
          ],
          [
            36.76376,
            35.10756
          ],
          [
            36.76376,
            35.10757
          ],
          [
            36.76377,
            35.10758
          ],
          [
            36.76377,
            35.10759
          ],
          [
            36.76378,
            35.10759
          ],
          [
            36.76378,
            35.1076
          ],
          [
            36.76379,
            35.10761
          ],
          [
            36.76379,
            35.10762
          ],
          [
            36.76379,
            35.10763
          ],
          [
            36.76379,
            35.10764
          ],
          [
            36.76379,
            35.10765
          ],
          [
            36.76379,
            35.10766
          ],
          [
            36.76379,
            35.10767
          ],
          [
            36.76379,
            35.10768
          ],
          [
            36.76379,
            35.10769
          ],
          [
            36.76379,
            35.1077
          ],
          [
            36.76378,
            35.1077
          ],
          [
            36.76378,
            35.10771
          ],
          [
            36.76378,
            35.10772
          ],
          [
            36.76377,
            35.10773
          ],
          [
            36.76376,
            35.10774
          ],
          [
            36.76375,
            35.10775
          ],
          [
            36.76374,
            35.10775
          ],
          [
            36.76372,
            35.10783
          ]
        ]
      },
      "properties": {
        "id": "hama-027",
        "nameAr": "مسار الذهاب",
        "nameEn": "مسار الذهاب",
        "type": "serafee",
        "colorIndex": 2,
        "notes": "",
        "priceOld": 2500,
        "priceNew": 25
      }
    },
    {
      "type": "Feature",
      "geometry": {
        "type": "LineString",
        "coordinates": [
          [
            36.76367,
            35.10799
          ],
          [
            36.76365,
            35.10805
          ],
          [
            36.76347,
            35.1086
          ],
          [
            36.76319,
            35.10947
          ],
          [
            36.76304,
            35.10996
          ],
          [
            36.76296,
            35.11021
          ],
          [
            36.7629,
            35.11043
          ],
          [
            36.76288,
            35.11048
          ],
          [
            36.7627,
            35.11106
          ],
          [
            36.76261,
            35.11133
          ],
          [
            36.76245,
            35.11178
          ],
          [
            36.7623,
            35.11219
          ],
          [
            36.76222,
            35.11246
          ],
          [
            36.76199,
            35.11318
          ],
          [
            36.76187,
            35.11351
          ],
          [
            36.76176,
            35.11383
          ],
          [
            36.76161,
            35.11428
          ],
          [
            36.76151,
            35.11455
          ],
          [
            36.76149,
            35.11462
          ],
          [
            36.76146,
            35.11472
          ],
          [
            36.76143,
            35.11484
          ],
          [
            36.76138,
            35.11512
          ],
          [
            36.76138,
            35.11513
          ],
          [
            36.76139,
            35.11514
          ],
          [
            36.76139,
            35.11515
          ],
          [
            36.76139,
            35.11516
          ],
          [
            36.76139,
            35.11518
          ],
          [
            36.76139,
            35.11519
          ],
          [
            36.76139,
            35.1152
          ],
          [
            36.76139,
            35.11521
          ],
          [
            36.76139,
            35.11522
          ],
          [
            36.76138,
            35.11522
          ],
          [
            36.76138,
            35.11523
          ],
          [
            36.76137,
            35.11525
          ],
          [
            36.76137,
            35.11526
          ],
          [
            36.76136,
            35.11527
          ],
          [
            36.76135,
            35.11528
          ],
          [
            36.76134,
            35.11529
          ],
          [
            36.76133,
            35.1153
          ],
          [
            36.76132,
            35.11531
          ],
          [
            36.76131,
            35.11532
          ],
          [
            36.76129,
            35.11532
          ],
          [
            36.76128,
            35.11533
          ],
          [
            36.76127,
            35.11533
          ],
          [
            36.76125,
            35.11534
          ],
          [
            36.76124,
            35.11534
          ],
          [
            36.76123,
            35.11535
          ],
          [
            36.76121,
            35.11535
          ],
          [
            36.7612,
            35.11535
          ],
          [
            36.76118,
            35.11535
          ],
          [
            36.76117,
            35.11535
          ],
          [
            36.76115,
            35.11535
          ],
          [
            36.76114,
            35.11534
          ],
          [
            36.76108,
            35.11537
          ],
          [
            36.76106,
            35.11538
          ],
          [
            36.76104,
            35.11539
          ],
          [
            36.76102,
            35.1154
          ],
          [
            36.76101,
            35.11541
          ],
          [
            36.761,
            35.11541
          ],
          [
            36.76099,
            35.11543
          ],
          [
            36.76056,
            35.11638
          ],
          [
            36.76054,
            35.11642
          ],
          [
            36.7605,
            35.11646
          ],
          [
            36.76031,
            35.11685
          ],
          [
            36.76024,
            35.117
          ],
          [
            36.75985,
            35.11783
          ],
          [
            36.7598,
            35.11794
          ],
          [
            36.75944,
            35.11872
          ],
          [
            36.75947,
            35.11882
          ],
          [
            36.75949,
            35.11884
          ],
          [
            36.75954,
            35.11887
          ],
          [
            36.7596,
            35.11889
          ],
          [
            36.75962,
            35.11888
          ],
          [
            36.75972,
            35.11885
          ],
          [
            36.75981,
            35.11884
          ],
          [
            36.75989,
            35.11883
          ],
          [
            36.76002,
            35.11885
          ],
          [
            36.76014,
            35.11889
          ],
          [
            36.76021,
            35.11892
          ],
          [
            36.76027,
            35.11896
          ],
          [
            36.76031,
            35.11899
          ],
          [
            36.76035,
            35.11903
          ],
          [
            36.76038,
            35.11906
          ],
          [
            36.76044,
            35.11914
          ],
          [
            36.76044,
            35.11916
          ],
          [
            36.76047,
            35.11925
          ],
          [
            36.76048,
            35.11935
          ],
          [
            36.76048,
            35.11944
          ],
          [
            36.76046,
            35.11952
          ],
          [
            36.76042,
            35.11959
          ],
          [
            36.76037,
            35.11964
          ],
          [
            36.76026,
            35.11971
          ],
          [
            36.76021,
            35.11974
          ],
          [
            36.76015,
            35.11976
          ],
          [
            36.76008,
            35.11979
          ],
          [
            36.76002,
            35.1198
          ],
          [
            36.7599,
            35.11987
          ],
          [
            36.75979,
            35.11992
          ],
          [
            36.759,
            35.12018
          ],
          [
            36.75883,
            35.12025
          ],
          [
            36.75873,
            35.12029
          ],
          [
            36.7587,
            35.1203
          ],
          [
            36.75859,
            35.12034
          ],
          [
            36.75848,
            35.12038
          ],
          [
            36.75832,
            35.12042
          ],
          [
            36.75802,
            35.12051
          ],
          [
            36.7575,
            35.12067
          ],
          [
            36.7574,
            35.1207
          ],
          [
            36.75693,
            35.12091
          ],
          [
            36.75692,
            35.12094
          ],
          [
            36.75689,
            35.12096
          ],
          [
            36.75686,
            35.12099
          ],
          [
            36.75683,
            35.12101
          ],
          [
            36.75679,
            35.12102
          ],
          [
            36.75675,
            35.12103
          ],
          [
            36.75671,
            35.12104
          ],
          [
            36.75667,
            35.12103
          ],
          [
            36.75663,
            35.12103
          ],
          [
            36.75617,
            35.12118
          ],
          [
            36.75604,
            35.12123
          ],
          [
            36.75563,
            35.12138
          ],
          [
            36.75475,
            35.12169
          ],
          [
            36.75443,
            35.12179
          ],
          [
            36.75441,
            35.1218
          ],
          [
            36.75403,
            35.1219
          ],
          [
            36.75399,
            35.12191
          ],
          [
            36.75377,
            35.12196
          ],
          [
            36.75351,
            35.12201
          ],
          [
            36.75335,
            35.12203
          ],
          [
            36.75291,
            35.1221
          ],
          [
            36.7526,
            35.12214
          ],
          [
            36.75239,
            35.12218
          ],
          [
            36.75218,
            35.12223
          ],
          [
            36.75195,
            35.1223
          ],
          [
            36.75182,
            35.12233
          ],
          [
            36.75113,
            35.12256
          ],
          [
            36.75092,
            35.12262
          ],
          [
            36.75072,
            35.12269
          ],
          [
            36.75022,
            35.12286
          ],
          [
            36.74991,
            35.12296
          ],
          [
            36.74954,
            35.12309
          ],
          [
            36.74913,
            35.12325
          ],
          [
            36.7493,
            35.12344
          ],
          [
            36.74934,
            35.12349
          ],
          [
            36.74978,
            35.12411
          ],
          [
            36.74983,
            35.12419
          ],
          [
            36.75009,
            35.12451
          ],
          [
            36.75046,
            35.12499
          ],
          [
            36.75069,
            35.12529
          ],
          [
            36.75096,
            35.12566
          ],
          [
            36.75097,
            35.12567
          ],
          [
            36.75107,
            35.12581
          ],
          [
            36.75125,
            35.12606
          ],
          [
            36.75134,
            35.12623
          ],
          [
            36.75136,
            35.12629
          ],
          [
            36.75137,
            35.12635
          ],
          [
            36.75139,
            35.1264
          ],
          [
            36.7514,
            35.12641
          ],
          [
            36.75142,
            35.12645
          ],
          [
            36.75145,
            35.12648
          ],
          [
            36.75148,
            35.12652
          ],
          [
            36.75152,
            35.12658
          ],
          [
            36.7516,
            35.12664
          ],
          [
            36.75168,
            35.1267
          ],
          [
            36.75178,
            35.1268
          ],
          [
            36.75191,
            35.12691
          ],
          [
            36.75205,
            35.12703
          ],
          [
            36.75218,
            35.12714
          ],
          [
            36.7522,
            35.12715
          ],
          [
            36.75231,
            35.12725
          ],
          [
            36.75241,
            35.12734
          ],
          [
            36.75314,
            35.12799
          ],
          [
            36.75331,
            35.12814
          ],
          [
            36.75338,
            35.1282
          ],
          [
            36.75358,
            35.12837
          ],
          [
            36.75374,
            35.1285
          ],
          [
            36.75378,
            35.12853
          ],
          [
            36.75384,
            35.12858
          ],
          [
            36.75396,
            35.12867
          ],
          [
            36.75439,
            35.12898
          ],
          [
            36.75458,
            35.12902
          ]
        ]
      },
      "properties": {
        "id": "hama-028",
        "nameAr": "Directions from 4Q57+5F5, Hama, Syria to موقف الملجأ",
        "nameEn": "Directions from 4Q57+5F5, Hama, Syria to موقف الملجأ",
        "type": "serafee",
        "colorIndex": 3,
        "notes": "",
        "priceOld": 2500,
        "priceNew": 25
      }
    },
    {
      "type": "Feature",
      "geometry": {
        "type": "LineString",
        "coordinates": [
          [
            36.75458,
            35.12902
          ],
          [
            36.75483,
            35.12907
          ],
          [
            36.75505,
            35.12914
          ],
          [
            36.75529,
            35.12921
          ],
          [
            36.75601,
            35.12943
          ],
          [
            36.75629,
            35.12949
          ],
          [
            36.75656,
            35.12954
          ],
          [
            36.75731,
            35.12966
          ],
          [
            36.75737,
            35.12967
          ],
          [
            36.75759,
            35.12872
          ],
          [
            36.75766,
            35.12837
          ],
          [
            36.7577,
            35.12819
          ],
          [
            36.75781,
            35.12766
          ],
          [
            36.75792,
            35.1271
          ],
          [
            36.75802,
            35.12664
          ],
          [
            36.7581,
            35.12629
          ],
          [
            36.75814,
            35.12611
          ],
          [
            36.75818,
            35.12593
          ],
          [
            36.7583,
            35.12536
          ],
          [
            36.75832,
            35.12528
          ],
          [
            36.75833,
            35.12517
          ],
          [
            36.75834,
            35.12503
          ],
          [
            36.75833,
            35.12473
          ],
          [
            36.75832,
            35.12446
          ],
          [
            36.75832,
            35.12441
          ],
          [
            36.7583,
            35.12426
          ],
          [
            36.75827,
            35.1241
          ],
          [
            36.75822,
            35.12395
          ],
          [
            36.75812,
            35.12375
          ],
          [
            36.75804,
            35.1236
          ],
          [
            36.75796,
            35.12343
          ],
          [
            36.75788,
            35.12326
          ],
          [
            36.75783,
            35.12318
          ],
          [
            36.75779,
            35.1231
          ],
          [
            36.75745,
            35.12244
          ],
          [
            36.75736,
            35.12227
          ],
          [
            36.75719,
            35.12194
          ],
          [
            36.75687,
            35.12135
          ],
          [
            36.75663,
            35.12103
          ],
          [
            36.75661,
            35.12102
          ],
          [
            36.75659,
            35.12101
          ],
          [
            36.75657,
            35.121
          ],
          [
            36.75656,
            35.12099
          ],
          [
            36.75654,
            35.12098
          ],
          [
            36.75653,
            35.12097
          ],
          [
            36.75651,
            35.12095
          ],
          [
            36.7565,
            35.12094
          ],
          [
            36.75649,
            35.12092
          ],
          [
            36.75648,
            35.12091
          ],
          [
            36.75648,
            35.12089
          ],
          [
            36.75647,
            35.12088
          ],
          [
            36.75647,
            35.12086
          ],
          [
            36.75647,
            35.12084
          ],
          [
            36.75647,
            35.12083
          ],
          [
            36.75647,
            35.12081
          ],
          [
            36.75648,
            35.12078
          ],
          [
            36.75649,
            35.12076
          ],
          [
            36.7565,
            35.12075
          ],
          [
            36.75651,
            35.12073
          ],
          [
            36.75652,
            35.12072
          ],
          [
            36.75653,
            35.1207
          ],
          [
            36.75655,
            35.12069
          ],
          [
            36.75657,
            35.12068
          ],
          [
            36.75658,
            35.12067
          ],
          [
            36.7566,
            35.12066
          ],
          [
            36.75662,
            35.12066
          ],
          [
            36.75664,
            35.12065
          ],
          [
            36.75666,
            35.12065
          ],
          [
            36.75668,
            35.12064
          ],
          [
            36.7567,
            35.12064
          ],
          [
            36.75672,
            35.12064
          ],
          [
            36.75674,
            35.12065
          ],
          [
            36.75676,
            35.12065
          ],
          [
            36.75678,
            35.12065
          ],
          [
            36.75681,
            35.12066
          ],
          [
            36.75704,
            35.12061
          ],
          [
            36.75735,
            35.12054
          ],
          [
            36.75786,
            35.1204
          ],
          [
            36.75798,
            35.12037
          ],
          [
            36.75829,
            35.12027
          ],
          [
            36.75839,
            35.12024
          ],
          [
            36.75859,
            35.12017
          ],
          [
            36.75866,
            35.12015
          ],
          [
            36.75876,
            35.1201
          ],
          [
            36.75878,
            35.12008
          ],
          [
            36.75884,
            35.12003
          ],
          [
            36.75892,
            35.11989
          ],
          [
            36.75898,
            35.11977
          ],
          [
            36.75913,
            35.11946
          ],
          [
            36.75926,
            35.11926
          ],
          [
            36.75928,
            35.1192
          ],
          [
            36.75932,
            35.11912
          ],
          [
            36.75935,
            35.11909
          ],
          [
            36.75938,
            35.11895
          ],
          [
            36.75942,
            35.11877
          ],
          [
            36.75944,
            35.11872
          ],
          [
            36.7598,
            35.11794
          ],
          [
            36.75985,
            35.11783
          ],
          [
            36.76024,
            35.117
          ],
          [
            36.76031,
            35.11685
          ],
          [
            36.7605,
            35.11646
          ],
          [
            36.7605,
            35.11641
          ],
          [
            36.76051,
            35.11637
          ],
          [
            36.76089,
            35.11544
          ],
          [
            36.76091,
            35.11538
          ],
          [
            36.76099,
            35.11525
          ],
          [
            36.76099,
            35.11523
          ],
          [
            36.76098,
            35.11521
          ],
          [
            36.76098,
            35.1152
          ],
          [
            36.76098,
            35.11519
          ],
          [
            36.76098,
            35.11518
          ],
          [
            36.76098,
            35.11517
          ],
          [
            36.76099,
            35.11515
          ],
          [
            36.76099,
            35.11514
          ],
          [
            36.76099,
            35.11513
          ],
          [
            36.761,
            35.11512
          ],
          [
            36.76101,
            35.11511
          ],
          [
            36.76101,
            35.1151
          ],
          [
            36.76102,
            35.11509
          ],
          [
            36.76103,
            35.11508
          ],
          [
            36.76104,
            35.11507
          ],
          [
            36.76105,
            35.11506
          ],
          [
            36.76106,
            35.11505
          ],
          [
            36.76117,
            35.1149
          ],
          [
            36.76122,
            35.11481
          ],
          [
            36.76127,
            35.1147
          ],
          [
            36.76131,
            35.11455
          ],
          [
            36.76141,
            35.11425
          ],
          [
            36.76157,
            35.11372
          ],
          [
            36.76172,
            35.11327
          ],
          [
            36.76208,
            35.11214
          ],
          [
            36.76216,
            35.11185
          ],
          [
            36.76255,
            35.11063
          ],
          [
            36.76263,
            35.11037
          ],
          [
            36.76291,
            35.10951
          ],
          [
            36.76297,
            35.10932
          ],
          [
            36.76305,
            35.10906
          ],
          [
            36.76309,
            35.10894
          ],
          [
            36.76333,
            35.10819
          ],
          [
            36.76348,
            35.10774
          ],
          [
            36.7623,
            35.10777
          ],
          [
            36.7614,
            35.10779
          ],
          [
            36.75938,
            35.10787
          ],
          [
            36.75922,
            35.10787
          ],
          [
            36.75876,
            35.10789
          ],
          [
            36.75863,
            35.1079
          ],
          [
            36.75862,
            35.10775
          ],
          [
            36.75861,
            35.10766
          ],
          [
            36.75859,
            35.10721
          ],
          [
            36.75856,
            35.1069
          ],
          [
            36.75854,
            35.10663
          ],
          [
            36.75854,
            35.10653
          ],
          [
            36.75856,
            35.10645
          ],
          [
            36.75857,
            35.1064
          ],
          [
            36.75858,
            35.10637
          ],
          [
            36.75859,
            35.10634
          ],
          [
            36.75862,
            35.10629
          ],
          [
            36.75866,
            35.10623
          ],
          [
            36.75871,
            35.10618
          ],
          [
            36.75876,
            35.10613
          ],
          [
            36.75892,
            35.10601
          ],
          [
            36.75917,
            35.10586
          ],
          [
            36.75924,
            35.10581
          ],
          [
            36.75999,
            35.10531
          ],
          [
            36.76104,
            35.10459
          ],
          [
            36.76188,
            35.10401
          ],
          [
            36.76157,
            35.10369
          ],
          [
            36.76155,
            35.10366
          ],
          [
            36.76128,
            35.10338
          ],
          [
            36.7608,
            35.10292
          ],
          [
            36.76053,
            35.10265
          ],
          [
            36.76028,
            35.1024
          ],
          [
            36.76027,
            35.10238
          ],
          [
            36.75976,
            35.10272
          ],
          [
            36.7594,
            35.10296
          ],
          [
            36.75931,
            35.10302
          ],
          [
            36.7593,
            35.10301
          ],
          [
            36.75924,
            35.10293
          ],
          [
            36.75923,
            35.10292
          ],
          [
            36.75904,
            35.10273
          ],
          [
            36.75851,
            35.1022
          ],
          [
            36.7583,
            35.10198
          ],
          [
            36.75819,
            35.10187
          ],
          [
            36.75814,
            35.1018
          ],
          [
            36.75811,
            35.10174
          ],
          [
            36.75807,
            35.10169
          ],
          [
            36.75805,
            35.1016
          ],
          [
            36.75803,
            35.10152
          ],
          [
            36.75802,
            35.1011
          ],
          [
            36.75801,
            35.10084
          ],
          [
            36.75802,
            35.10076
          ],
          [
            36.75806,
            35.1007
          ],
          [
            36.75807,
            35.10069
          ],
          [
            36.75812,
            35.10063
          ],
          [
            36.75852,
            35.10034
          ],
          [
            36.7588,
            35.10016
          ],
          [
            36.75902,
            35.10002
          ],
          [
            36.75921,
            35.0999
          ],
          [
            36.7593,
            35.09986
          ],
          [
            36.75939,
            35.09984
          ],
          [
            36.75948,
            35.09983
          ],
          [
            36.7596,
            35.09982
          ],
          [
            36.75975,
            35.09981
          ],
          [
            36.76055,
            35.09977
          ],
          [
            36.76067,
            35.09976
          ],
          [
            36.76209,
            35.09969
          ],
          [
            36.76212,
            35.09969
          ],
          [
            36.76226,
            35.09968
          ],
          [
            36.76227,
            35.09978
          ],
          [
            36.76231,
            35.10025
          ],
          [
            36.76232,
            35.10041
          ],
          [
            36.76233,
            35.10064
          ],
          [
            36.76232,
            35.10074
          ],
          [
            36.7623,
            35.10084
          ],
          [
            36.76226,
            35.10093
          ],
          [
            36.76221,
            35.10101
          ],
          [
            36.76214,
            35.10109
          ],
          [
            36.76205,
            35.10117
          ],
          [
            36.7619,
            35.10127
          ],
          [
            36.76171,
            35.1014
          ],
          [
            36.76128,
            35.1017
          ],
          [
            36.76051,
            35.10222
          ],
          [
            36.76036,
            35.10232
          ],
          [
            36.76064,
            35.10258
          ],
          [
            36.76089,
            35.10286
          ],
          [
            36.76137,
            35.10333
          ],
          [
            36.76197,
            35.10394
          ],
          [
            36.76233,
            35.1037
          ],
          [
            36.76246,
            35.10363
          ],
          [
            36.76256,
            35.10359
          ],
          [
            36.76266,
            35.10356
          ],
          [
            36.76275,
            35.10354
          ],
          [
            36.76286,
            35.10353
          ],
          [
            36.76305,
            35.10352
          ],
          [
            36.76326,
            35.10351
          ],
          [
            36.7634,
            35.10351
          ],
          [
            36.76392,
            35.10348
          ],
          [
            36.76399,
            35.10348
          ],
          [
            36.76408,
            35.10347
          ],
          [
            36.7646,
            35.10344
          ],
          [
            36.76471,
            35.10343
          ],
          [
            36.76472,
            35.10342
          ],
          [
            36.76473,
            35.10341
          ],
          [
            36.76474,
            35.1034
          ],
          [
            36.76475,
            35.10339
          ],
          [
            36.76476,
            35.10338
          ],
          [
            36.76477,
            35.10337
          ],
          [
            36.76478,
            35.10336
          ],
          [
            36.76479,
            35.10336
          ],
          [
            36.7648,
            35.10335
          ],
          [
            36.76481,
            35.10335
          ],
          [
            36.76482,
            35.10335
          ],
          [
            36.76483,
            35.10335
          ],
          [
            36.76484,
            35.10335
          ],
          [
            36.76485,
            35.10335
          ],
          [
            36.76486,
            35.10335
          ],
          [
            36.76487,
            35.10335
          ],
          [
            36.76488,
            35.10335
          ],
          [
            36.76489,
            35.10335
          ],
          [
            36.7649,
            35.10335
          ],
          [
            36.76491,
            35.10336
          ],
          [
            36.76492,
            35.10336
          ],
          [
            36.76493,
            35.10336
          ],
          [
            36.76493,
            35.10337
          ],
          [
            36.76494,
            35.10337
          ],
          [
            36.76495,
            35.10337
          ],
          [
            36.76495,
            35.10338
          ],
          [
            36.76496,
            35.10338
          ],
          [
            36.76496,
            35.10339
          ],
          [
            36.76497,
            35.10339
          ],
          [
            36.76497,
            35.1034
          ],
          [
            36.76498,
            35.1034
          ],
          [
            36.76498,
            35.10341
          ],
          [
            36.76499,
            35.10342
          ],
          [
            36.765,
            35.10343
          ],
          [
            36.765,
            35.10344
          ],
          [
            36.765,
            35.10345
          ],
          [
            36.76501,
            35.10346
          ],
          [
            36.76501,
            35.10347
          ],
          [
            36.76501,
            35.10348
          ],
          [
            36.76501,
            35.10349
          ],
          [
            36.765,
            35.1035
          ],
          [
            36.765,
            35.10351
          ],
          [
            36.765,
            35.10352
          ],
          [
            36.76499,
            35.10353
          ],
          [
            36.76499,
            35.10354
          ],
          [
            36.76498,
            35.10354
          ],
          [
            36.76498,
            35.10355
          ],
          [
            36.76497,
            35.10355
          ],
          [
            36.76497,
            35.10356
          ],
          [
            36.76496,
            35.10356
          ],
          [
            36.76496,
            35.10357
          ],
          [
            36.76495,
            35.10357
          ],
          [
            36.76494,
            35.10358
          ],
          [
            36.76493,
            35.10358
          ],
          [
            36.76492,
            35.10359
          ],
          [
            36.76491,
            35.10359
          ],
          [
            36.76475,
            35.10412
          ],
          [
            36.76464,
            35.10448
          ],
          [
            36.76451,
            35.10492
          ],
          [
            36.76442,
            35.10518
          ],
          [
            36.76429,
            35.10563
          ],
          [
            36.76418,
            35.10597
          ],
          [
            36.76405,
            35.10641
          ],
          [
            36.76392,
            35.10679
          ],
          [
            36.76375,
            35.10756
          ],
          [
            36.76376,
            35.10756
          ],
          [
            36.76376,
            35.10757
          ],
          [
            36.76377,
            35.10758
          ],
          [
            36.76377,
            35.10759
          ],
          [
            36.76378,
            35.10759
          ],
          [
            36.76378,
            35.1076
          ],
          [
            36.76379,
            35.10761
          ],
          [
            36.76379,
            35.10762
          ],
          [
            36.76379,
            35.10763
          ],
          [
            36.76379,
            35.10764
          ],
          [
            36.76379,
            35.10765
          ],
          [
            36.76379,
            35.10766
          ],
          [
            36.76379,
            35.10767
          ],
          [
            36.76379,
            35.10768
          ],
          [
            36.76379,
            35.10769
          ],
          [
            36.76379,
            35.1077
          ],
          [
            36.76378,
            35.1077
          ],
          [
            36.76378,
            35.10771
          ],
          [
            36.76378,
            35.10772
          ],
          [
            36.76377,
            35.10773
          ],
          [
            36.76376,
            35.10774
          ],
          [
            36.76375,
            35.10775
          ],
          [
            36.76374,
            35.10775
          ],
          [
            36.76372,
            35.10783
          ]
        ]
      },
      "properties": {
        "id": "hama-029",
        "nameAr": "مسار الذهاب",
        "nameEn": "مسار الذهاب",
        "type": "serafee",
        "colorIndex": 4,
        "notes": "",
        "priceOld": 2500,
        "priceNew": 25
      }
    },
    {
      "type": "Feature",
      "geometry": {
        "type": "LineString",
        "coordinates": [
          [
            36.76372,
            35.10783
          ],
          [
            36.76365,
            35.10805
          ],
          [
            36.76347,
            35.1086
          ],
          [
            36.76319,
            35.10947
          ],
          [
            36.76304,
            35.10996
          ],
          [
            36.76296,
            35.11021
          ],
          [
            36.7629,
            35.11043
          ],
          [
            36.76288,
            35.11048
          ],
          [
            36.7627,
            35.11106
          ],
          [
            36.76261,
            35.11133
          ],
          [
            36.76245,
            35.11178
          ],
          [
            36.7623,
            35.11219
          ],
          [
            36.76222,
            35.11246
          ],
          [
            36.76199,
            35.11318
          ],
          [
            36.76187,
            35.11351
          ],
          [
            36.76176,
            35.11383
          ],
          [
            36.76161,
            35.11428
          ],
          [
            36.76151,
            35.11455
          ],
          [
            36.76149,
            35.11462
          ],
          [
            36.76146,
            35.11472
          ],
          [
            36.76143,
            35.11484
          ],
          [
            36.76138,
            35.11512
          ],
          [
            36.76138,
            35.11513
          ],
          [
            36.76139,
            35.11514
          ],
          [
            36.76139,
            35.11515
          ],
          [
            36.76139,
            35.11516
          ],
          [
            36.76139,
            35.11518
          ],
          [
            36.76139,
            35.11519
          ],
          [
            36.76139,
            35.1152
          ],
          [
            36.76139,
            35.11521
          ],
          [
            36.76139,
            35.11522
          ],
          [
            36.76138,
            35.11522
          ],
          [
            36.76138,
            35.11523
          ],
          [
            36.76137,
            35.11525
          ],
          [
            36.76137,
            35.11526
          ],
          [
            36.76136,
            35.11527
          ],
          [
            36.76135,
            35.11528
          ],
          [
            36.76134,
            35.11529
          ],
          [
            36.76133,
            35.1153
          ],
          [
            36.76132,
            35.11531
          ],
          [
            36.76131,
            35.11532
          ],
          [
            36.76129,
            35.11532
          ],
          [
            36.76128,
            35.11533
          ],
          [
            36.76127,
            35.11533
          ],
          [
            36.76125,
            35.11534
          ],
          [
            36.76124,
            35.11534
          ],
          [
            36.76123,
            35.11535
          ],
          [
            36.76121,
            35.11535
          ],
          [
            36.7612,
            35.11535
          ],
          [
            36.76118,
            35.11535
          ],
          [
            36.76117,
            35.11535
          ],
          [
            36.76115,
            35.11535
          ],
          [
            36.76114,
            35.11534
          ],
          [
            36.76108,
            35.11537
          ],
          [
            36.76106,
            35.11538
          ],
          [
            36.76104,
            35.11539
          ],
          [
            36.76102,
            35.1154
          ],
          [
            36.76101,
            35.11541
          ],
          [
            36.761,
            35.11541
          ],
          [
            36.76099,
            35.11543
          ],
          [
            36.76056,
            35.11638
          ],
          [
            36.76054,
            35.11642
          ],
          [
            36.7605,
            35.11646
          ],
          [
            36.76031,
            35.11685
          ],
          [
            36.76024,
            35.117
          ],
          [
            36.75985,
            35.11783
          ],
          [
            36.7598,
            35.11794
          ],
          [
            36.75944,
            35.11872
          ],
          [
            36.75947,
            35.11882
          ],
          [
            36.75949,
            35.11884
          ],
          [
            36.75954,
            35.11887
          ],
          [
            36.7596,
            35.11889
          ],
          [
            36.75962,
            35.11888
          ],
          [
            36.75972,
            35.11885
          ],
          [
            36.75981,
            35.11884
          ],
          [
            36.75989,
            35.11883
          ],
          [
            36.76002,
            35.11885
          ],
          [
            36.76014,
            35.11889
          ],
          [
            36.76021,
            35.11892
          ],
          [
            36.76027,
            35.11896
          ],
          [
            36.76031,
            35.11899
          ],
          [
            36.76035,
            35.11903
          ],
          [
            36.76038,
            35.11906
          ],
          [
            36.76044,
            35.11914
          ],
          [
            36.76044,
            35.11916
          ],
          [
            36.76047,
            35.11925
          ],
          [
            36.76048,
            35.11935
          ],
          [
            36.76048,
            35.11944
          ],
          [
            36.76046,
            35.11952
          ],
          [
            36.76042,
            35.11959
          ],
          [
            36.76037,
            35.11964
          ],
          [
            36.76026,
            35.11971
          ],
          [
            36.76021,
            35.11974
          ],
          [
            36.76015,
            35.11976
          ],
          [
            36.76008,
            35.11979
          ],
          [
            36.76002,
            35.1198
          ],
          [
            36.7599,
            35.11987
          ],
          [
            36.75979,
            35.11992
          ],
          [
            36.759,
            35.12018
          ],
          [
            36.75883,
            35.12025
          ],
          [
            36.75873,
            35.12029
          ],
          [
            36.7587,
            35.1203
          ],
          [
            36.75859,
            35.12034
          ],
          [
            36.75848,
            35.12038
          ],
          [
            36.75832,
            35.12042
          ],
          [
            36.75802,
            35.12051
          ],
          [
            36.7575,
            35.12067
          ],
          [
            36.7574,
            35.1207
          ],
          [
            36.75693,
            35.12091
          ],
          [
            36.75692,
            35.12094
          ],
          [
            36.75689,
            35.12096
          ],
          [
            36.75686,
            35.12099
          ],
          [
            36.75683,
            35.12101
          ],
          [
            36.75679,
            35.12102
          ],
          [
            36.75675,
            35.12103
          ],
          [
            36.75671,
            35.12104
          ],
          [
            36.75667,
            35.12103
          ],
          [
            36.75663,
            35.12103
          ],
          [
            36.75617,
            35.12118
          ],
          [
            36.75604,
            35.12123
          ],
          [
            36.75563,
            35.12138
          ],
          [
            36.75475,
            35.12169
          ],
          [
            36.75443,
            35.12179
          ],
          [
            36.75441,
            35.1218
          ],
          [
            36.75403,
            35.1219
          ],
          [
            36.75399,
            35.12191
          ],
          [
            36.75377,
            35.12196
          ],
          [
            36.75351,
            35.12201
          ],
          [
            36.75335,
            35.12203
          ],
          [
            36.75291,
            35.1221
          ],
          [
            36.7526,
            35.12214
          ],
          [
            36.75239,
            35.12218
          ],
          [
            36.75218,
            35.12223
          ],
          [
            36.75195,
            35.1223
          ],
          [
            36.75182,
            35.12233
          ],
          [
            36.75113,
            35.12256
          ],
          [
            36.75092,
            35.12262
          ],
          [
            36.75072,
            35.12269
          ],
          [
            36.75022,
            35.12286
          ],
          [
            36.74991,
            35.12296
          ],
          [
            36.74954,
            35.12309
          ],
          [
            36.74913,
            35.12325
          ],
          [
            36.7493,
            35.12344
          ],
          [
            36.74934,
            35.12349
          ],
          [
            36.74978,
            35.12411
          ],
          [
            36.74983,
            35.12419
          ],
          [
            36.75009,
            35.12451
          ],
          [
            36.75046,
            35.12499
          ],
          [
            36.75069,
            35.12529
          ],
          [
            36.75096,
            35.12566
          ],
          [
            36.75097,
            35.12567
          ],
          [
            36.75107,
            35.12581
          ],
          [
            36.75125,
            35.12606
          ],
          [
            36.75134,
            35.12623
          ],
          [
            36.75136,
            35.12629
          ],
          [
            36.75137,
            35.12635
          ],
          [
            36.75139,
            35.1264
          ],
          [
            36.7514,
            35.12641
          ],
          [
            36.75142,
            35.12645
          ],
          [
            36.75145,
            35.12648
          ],
          [
            36.75148,
            35.12652
          ],
          [
            36.75152,
            35.12658
          ],
          [
            36.7516,
            35.12664
          ],
          [
            36.75168,
            35.1267
          ],
          [
            36.75178,
            35.1268
          ],
          [
            36.75191,
            35.12691
          ],
          [
            36.75205,
            35.12703
          ],
          [
            36.75218,
            35.12714
          ],
          [
            36.7522,
            35.12715
          ],
          [
            36.75231,
            35.12725
          ],
          [
            36.75241,
            35.12734
          ],
          [
            36.75314,
            35.12799
          ],
          [
            36.75331,
            35.12814
          ],
          [
            36.75338,
            35.1282
          ],
          [
            36.75358,
            35.12837
          ],
          [
            36.75374,
            35.1285
          ],
          [
            36.75378,
            35.12853
          ],
          [
            36.75384,
            35.12858
          ],
          [
            36.75396,
            35.12867
          ],
          [
            36.75439,
            35.12898
          ],
          [
            36.75458,
            35.12902
          ]
        ]
      },
      "properties": {
        "id": "hama-030",
        "nameAr": "مسار العودة",
        "nameEn": "مسار العودة",
        "type": "serafee",
        "colorIndex": 5,
        "notes": "",
        "priceOld": 2500,
        "priceNew": 25
      }
    }
  ]
}