{"type":"FeatureCollection","name":"syr_admin1","crs":{"type":"name","properties":{"name":"urn:ogc:def:crs:OGC:1.3:CRS84"}},"features":[{"type":"Feature","properties":{"province_name":"Al Ḥasakah","ADM1_AR":"الحسكة","ADM1_EN":"Al-Hasakeh","ADM1_PCODE":"SY08","Name":"Al-Hasakeh","adm1_name":"Al-Hasakeh","adm1_name1":"الحسكة","adm1_name2":null,"adm1_name3":null,"adm1_pcode":"SY08","adm0_name":"Syrian Arab Republic","adm0_name1":"الجمهورية العربية السورية","adm0_name2":null,"adm0_name3":null,"adm0_pcode":"SY","valid_on":"2020-12-17","valid_to":null,"area_sqkm":23168.8824,"version":"v02","lang":"en","lang1":"ar","lang2":null,"lang3":null,"adm1_ref_name":"Al-Hasakeh","center_lat":36.4275,"center_lon":40.5576},"geometry":{"type":"Polygon","coordinates":[[[42.2269,37.2766],[42.2208,37.2775],[42.2181,37.2805],[42.2188,37.284],[42.2286,37.2984],[42.2289,37.2991],[42.233,37.3077],[42.2337,37.3139],[42.2349,37.3157],[42.2322,37.3174],[42.2249,37.3191],[42.2204,37.3181],[42.2165,37.3152],[42.2078,37.3002],[42.194,37.2822],[42.1839,37.2751],[42.1538,37.2598],[42.1392,37.2495],[42.1224,37.2354],[42.1128,37.2191],[42.1061,37.2129],[42.0793,37.2016],[42.0573,37.1889],[42.0163,37.1774],[41.9751,37.1596],[41.7586,37.1175],[41.7284,37.1135],[41.6869,37.1145],[41.6574,37.1124],[41.6265,37.1051],[41.5897,37.0924],[41.5581,37.0852],[41.5008,37.0795],[41.286,37.0801],[41.2711,37.0792],[41.2575,37.075],[41.2488,37.0691],[41.2368,37.0649],[41.2184,37.0636],[41.2119,37.067],[41.2077,37.0765],[41.2043,37.0793],[41.1697,37.0922],[41.1324,37.093],[41.1145,37.0951],[41.0595,37.1054],[41.0324,37.1074],[41.0005,37.112],[40.9724,37.1174],[40.95,37.1244],[40.9211,37.1271],[40.8859,37.1243],[40.8705,37.118],[40.8581,37.1084],[40.8505,37.1066],[40.8341,37.1094],[40.8282,37.1161],[40.8225,37.1197],[40.7817,37.1206],[40.7527,37.1059],[40.7405,37.1024],[40.7208,37.1011],[40.7078,37.0977],[40.6885,37.0876],[40.6748,37.0784],[40.6459,37.0677],[40.6352,37.0629],[40.6022,37.0541],[40.5824,37.0412],[40.5463,37.0267],[40.5326,37.0238],[40.4618,37.0149],[40.4381,37.0088],[40.4191,36.9992],[40.3975,36.9813],[40.386,36.9747],[40.3696,36.9674],[40.3259,36.952],[40.2784,36.9261],[40.2602,36.92],[40.2383,36.9032],[40.2079,36.8877],[40.1809,36.8787],[40.1585,36.8746],[40.1327,36.8718],[40.087,36.8607],[40.0801,36.8565],[40.0727,36.8491],[40.0519,36.8361],[40.0158,36.824],[39.9632,36.7985],[39.9291,36.7869],[39.8905,36.7771],[39.856,36.7605],[39.8418,36.7553],[39.8073,36.7495],[39.7227,36.7438],[39.712,36.7416],[39.6648,36.7258],[39.6263,36.7233],[39.5966,36.7196],[39.5457,36.7078],[39.504,36.7021],[39.513,36.6842],[39.5433,36.644],[39.5645,36.6179],[39.5969,36.5898],[39.625,36.5617],[39.67,36.5257],[39.7301,36.4768],[39.7585,36.452],[39.7996,36.3693],[39.8009,36.3704],[39.8025,36.3715],[39.8046,36.3723],[39.8064,36.3728],[39.8082,36.373],[39.8103,36.373],[39.8124,36.3728],[39.814,36.3724],[39.8162,36.3714],[39.8184,36.37],[39.8196,36.3688],[39.8209,36.3667],[39.8229,36.3645],[39.8254,36.3625],[39.8282,36.361],[39.8315,36.3599],[39.8347,36.3593],[39.8368,36.3592],[39.8394,36.3593],[39.8418,36.3596],[39.8441,36.3602],[39.8451,36.3601],[39.8502,36.3595],[39.8553,36.358],[39.8574,36.3572],[39.8991,36.3358],[39.9442,36.2453],[39.9556,36.2338],[39.9899,36.2165],[40.0022,36.2094],[40.0114,36.1923],[40.0064,36.1818],[40.0215,36.1732],[40.0336,36.165],[40.0551,36.1512],[40.0667,36.1452],[40.0765,36.1363],[40.0881,36.1194],[40.0915,36.1072],[40.099,36.0863],[40.1075,36.0812],[40.1235,36.074],[40.1417,36.0656],[40.1536,36.06],[40.165,36.0517],[40.1864,36.0369],[40.2001,36.0289],[40.2333,36.0257],[40.2349,36.022],[40.2389,36.005],[40.2498,35.9937],[40.2595,35.9844],[40.2686,35.9799],[40.2856,35.9703],[40.2942,35.9671],[40.3139,35.9586],[40.3224,35.9528],[40.3459,35.9469],[40.3644,35.9384],[40.3761,35.924],[40.3809,35.9123],[40.383,35.9054],[40.3894,35.8964],[40.3942,35.8841],[40.4043,35.8746],[40.4159,35.8629],[40.4181,35.8632],[40.4254,35.8546],[40.4471,35.8373],[40.4753,35.8116],[40.4864,35.8026],[40.5012,35.7886],[40.5256,35.7778],[40.5382,35.7715],[40.5531,35.7578],[40.5784,35.7384],[40.618,35.7114],[40.6336,35.6946],[40.6494,35.6833],[40.6612,35.674],[40.6932,35.6526],[40.7064,35.6475],[40.7229,35.6401],[40.7308,35.6335],[40.7352,35.6281],[40.7449,35.6225],[40.7521,35.6172],[40.7679,35.6131],[40.8611,35.5875],[40.9283,35.5638],[40.971,35.5494],[41.0115,35.5503],[41.0258,35.5513],[41.0728,35.5489],[41.1098,35.5471],[41.1481,35.5435],[41.2092,35.5384],[41.2775,35.4999],[41.2886,35.4939],[41.3943,35.6303],[41.3811,35.8353],[41.258,36.0546],[41.2669,36.092],[41.2918,36.2636],[41.2945,36.3562],[41.4112,36.5229],[41.7068,36.5675],[41.8282,36.5932],[41.9385,36.6703],[41.9908,36.7231],[42.0344,36.7638],[42.0924,36.8143],[42.1373,36.8607],[42.1769,36.8905],[42.2493,36.9577],[42.3847,37.0672],[42.385,37.0741],[42.3811,37.082],[42.3736,37.0868],[42.366,37.0891],[42.3622,37.095],[42.3571,37.097],[42.3538,37.0976],[42.3583,37.1221],[42.3578,37.1268],[42.3569,37.1294],[42.3563,37.1397],[42.3494,37.1484],[42.3371,37.1749],[42.3353,37.1857],[42.3402,37.1996],[42.3552,37.2106],[42.3587,37.2181],[42.3574,37.2275],[42.3498,37.2365],[42.3351,37.2403],[42.3275,37.2451],[42.3212,37.2568],[42.3073,37.2613],[42.3032,37.2651],[42.3001,37.2746],[42.295,37.2809],[42.2756,37.2711],[42.267,37.2718],[42.2559,37.2788],[42.2473,37.2804],[42.235,37.2805],[42.2271,37.2766],[42.2269,37.2766]]]}},{"type":"Feature","properties":{"province_name":"Aleppo","ADM1_AR":"حلب","ADM1_EN":"Aleppo","ADM1_PCODE":"SY02","Name":"Aleppo","adm1_name":"Aleppo","adm1_name1":"حلب","adm1_name2":null,"adm1_name3":null,"adm1_pcode":"SY02","adm0_name":"Syrian Arab Republic","adm0_name1":"الجمهورية العربية السورية","adm0_name2":null,"adm0_name3":null,"adm0_pcode":"SY","valid_on":"2020-12-17","valid_to":null,"area_sqkm":19891.013,"version":"v02","lang":"en","lang1":"ar","lang2":null,"lang3":null,"adm1_ref_name":"Aleppo","center_lat":36.1469,"center_lon":37.3952},"geometry":{"type":"Polygon","coordinates":[[[38.2964,36.9069],[38.2956,36.907],[38.2652,36.9135],[38.2528,36.9135],[38.2454,36.9119],[38.2305,36.9059],[38.2005,36.908],[38.1943,36.9069],[38.1878,36.9046],[38.1728,36.8946],[38.1264,36.8811],[38.0705,36.8586],[38.0583,36.8487],[38.054,36.8435],[38.0517,36.8364],[38.0409,36.8286],[37.998,36.8238],[37.9765,36.8182],[37.9581,36.8104],[37.9287,36.7944],[37.908,36.7857],[37.8623,36.7741],[37.8144,36.7592],[37.7912,36.7486],[37.767,36.7466],[37.7338,36.7495],[37.7268,36.7488],[37.7103,36.7446],[37.6945,36.7382],[37.674,36.7368],[37.6551,36.7314],[37.6356,36.7207],[37.6026,36.707],[37.5782,36.6985],[37.5343,36.6763],[37.521,36.6672],[37.502,36.6493],[37.485,36.6411],[37.4725,36.638],[37.4611,36.6382],[37.4272,36.6458],[37.3727,36.6536],[37.3347,36.6551],[37.3031,36.6616],[37.2664,36.6649],[37.2256,36.6633],[37.1962,36.6542],[37.185,36.6536],[37.1745,36.6546],[37.1511,36.6634],[37.145,36.6632],[37.1268,36.6617],[37.1219,36.6594],[37.1126,36.6463],[37.1036,36.627],[37.0963,36.6235],[37.091,36.6236],[37.0799,36.6294],[37.0646,36.6423],[37.0485,36.6531],[37.0314,36.6577],[37.028,36.6606],[37.0279,36.6655],[37.0332,36.6784],[37.0566,36.7127],[37.0581,36.7207],[37.056,36.7243],[37.0518,36.7268],[37.0199,36.737],[37.0095,36.7431],[36.9989,36.7553],[36.9888,36.762],[36.9444,36.7812],[36.9027,36.7777],[36.8796,36.7814],[36.8042,36.7986],[36.739,36.8242],[36.6853,36.8347],[36.6755,36.8456],[36.6707,36.8427],[36.6683,36.8362],[36.6775,36.8213],[36.6786,36.8185],[36.6782,36.8112],[36.6703,36.7998],[36.6328,36.7663],[36.6271,36.7577],[36.624,36.7471],[36.6252,36.7425],[36.6351,36.728],[36.6387,36.7116],[36.6369,36.7051],[36.6278,36.6953],[36.6189,36.68],[36.6089,36.6724],[36.6064,36.6715],[36.5919,36.6501],[36.5881,36.636],[36.5879,36.6305],[36.6006,36.6005],[36.6029,36.591],[36.603,36.5899],[36.6035,36.59],[36.603,36.5899],[36.6042,36.5791],[36.5999,36.562],[36.5961,36.5557],[36.5913,36.5375],[36.5833,36.5227],[36.5734,36.5121],[36.553,36.5011],[36.5529,36.497],[36.557,36.4918],[36.555,36.4858],[36.5678,36.4677],[36.5686,36.4451],[36.5735,36.4423],[36.5756,36.4385],[36.5769,36.4248],[36.585,36.4117],[36.5867,36.4019],[36.5891,36.3978],[36.5932,36.3942],[36.5993,36.3923],[36.6067,36.3913],[36.6157,36.3927],[36.6226,36.3912],[36.6235,36.388],[36.6203,36.3749],[36.6279,36.3597],[36.6277,36.3542],[36.612,36.3407],[36.6077,36.3329],[36.6078,36.3299],[36.6116,36.3279],[36.6215,36.3288],[36.6394,36.3356],[36.6502,36.3361],[36.6593,36.334],[36.6662,36.3302],[36.6692,36.3262],[36.6691,36.3205],[36.6729,36.3214],[36.6795,36.3223],[36.6867,36.3226],[36.6932,36.3215],[36.7084,36.3217],[36.7154,36.3226],[36.7189,36.3242],[36.725,36.3257],[36.7294,36.3277],[36.7267,36.3307],[36.7228,36.3345],[36.724,36.3366],[36.7257,36.338],[36.7322,36.3388],[36.7402,36.3387],[36.7451,36.3378],[36.7486,36.3355],[36.7513,36.3327],[36.7538,36.3287],[36.7556,36.3249],[36.7575,36.3197],[36.7613,36.3105],[36.7655,36.3044],[36.769,36.3023],[36.7731,36.3018],[36.7798,36.3022],[36.7834,36.3031],[36.787,36.3027],[36.7885,36.2998],[36.7919,36.2834],[36.7934,36.2814],[36.7954,36.2809],[36.8014,36.2815],[36.8152,36.2844],[36.8183,36.2846],[36.8219,36.2835],[36.8227,36.282],[36.8208,36.2789],[36.8182,36.2751],[36.8162,36.2702],[36.8162,36.2676],[36.817,36.2659],[36.8194,36.2626],[36.8239,36.2584],[36.824,36.2562],[36.8228,36.2527],[36.8224,36.2502],[36.8267,36.2494],[36.8331,36.2493],[36.8356,36.2491],[36.8376,36.2474],[36.8391,36.2422],[36.8404,36.2384],[36.8403,36.2338],[36.8378,36.2317],[36.8351,36.2321],[36.8331,36.231],[36.8305,36.2261],[36.8302,36.221],[36.8282,36.2172],[36.8165,36.2156],[36.8123,36.2148],[36.8049,36.2147],[36.8017,36.2162],[36.7982,36.2165],[36.7899,36.2112],[36.7806,36.2075],[36.7771,36.2041],[36.7756,36.2014],[36.774,36.1954],[36.7717,36.195],[36.7687,36.1954],[36.7662,36.1932],[36.7651,36.1914],[36.7665,36.1888],[36.7704,36.188],[36.7734,36.1859],[36.7636,36.1723],[36.7621,36.1673],[36.7602,36.1651],[36.7552,36.164],[36.7485,36.1628],[36.7448,36.163],[36.7432,36.1629],[36.7394,36.161],[36.7329,36.1569],[36.7235,36.155],[36.715,36.1546],[36.7092,36.1508],[36.7096,36.1497],[36.7103,36.1465],[36.7141,36.1446],[36.7158,36.1442],[36.7181,36.1425],[36.7186,36.1409],[36.7195,36.1367],[36.721,36.1335],[36.7228,36.131],[36.7253,36.1264],[36.7288,36.1232],[36.7324,36.1205],[36.7379,36.1179],[36.7496,36.1148],[36.7533,36.1129],[36.7558,36.1093],[36.7546,36.1048],[36.7521,36.1028],[36.7477,36.1022],[36.7456,36.1011],[36.7444,36.0997],[36.7431,36.0943],[36.7417,36.0909],[36.7414,36.0848],[36.7429,36.0833],[36.7467,36.0803],[36.7542,36.0765],[36.7613,36.0724],[36.7685,36.0675],[36.7707,36.0669],[36.7808,36.0663],[36.7856,36.0677],[36.789,36.0698],[36.807,36.0716],[36.8124,36.0704],[36.8163,36.0682],[36.8227,36.066],[36.8256,36.0666],[36.8286,36.0669],[36.8316,36.0667],[36.8335,36.0652],[36.8338,36.0635],[36.8353,36.0588],[36.8361,36.0539],[36.8391,36.0473],[36.8415,36.0434],[36.8455,36.0404],[36.8523,36.0434],[36.8567,36.0444],[36.8628,36.0438],[36.8716,36.0436],[36.8794,36.044],[36.8818,36.0426],[36.8827,36.0388],[36.8829,36.0339],[36.8827,36.0244],[36.8816,36.0217],[36.8794,36.0204],[36.8784,36.0185],[36.8754,36.0152],[36.8738,36.0095],[36.8719,36.0012],[36.8729,35.9938],[36.8733,35.9885],[36.8694,35.9849],[36.8676,35.9815],[36.8689,35.9771],[36.8681,35.9738],[36.8681,35.9709],[36.8697,35.9683],[36.8734,35.9633],[36.8749,35.9604],[36.8756,35.9559],[36.8747,35.9517],[36.8755,35.9431],[36.8763,35.9378],[36.8776,35.934],[36.8794,35.9332],[36.8885,35.9361],[36.891,35.9326],[36.8931,35.9286],[36.897,35.9267],[36.9005,35.9253],[36.9008,35.9225],[36.9005,35.9189],[36.9016,35.9136],[36.9043,35.9119],[36.9112,35.9133],[36.9152,35.9134],[36.9204,35.9127],[36.9279,35.9157],[36.9355,35.9158],[36.9378,35.9141],[36.941,35.9111],[36.9424,35.9082],[36.9421,35.9042],[36.9402,35.9013],[36.9369,35.9001],[36.9351,35.8975],[36.9357,35.8952],[36.9378,35.8892],[36.9395,35.8871],[36.9419,35.8864],[36.9438,35.8859],[36.9482,35.8866],[36.9526,35.8857],[36.9557,35.8834],[36.9585,35.8786],[36.9589,35.8757],[36.9596,35.8701],[36.9579,35.8682],[36.9555,35.8672],[36.9541,35.8661],[36.954,35.8634],[36.9552,35.8599],[36.9568,35.8555],[36.9594,35.8503],[36.9629,35.8478],[36.9668,35.8469],[36.9727,35.8462],[36.9766,35.8451],[36.9795,35.8428],[36.98,35.8402],[36.9809,35.8381],[36.9831,35.8373],[36.9865,35.8378],[36.9897,35.8377],[36.9905,35.8362],[36.9879,35.8305],[36.9852,35.8254],[36.9848,35.8206],[36.9856,35.8181],[36.9848,35.8123],[36.9853,35.8081],[36.9869,35.8053],[36.9905,35.8057],[36.9917,35.807],[36.9948,35.8098],[37.0024,35.8158],[37.0061,35.8184],[37.0105,35.8202],[37.0136,35.8205],[37.0189,35.8203],[37.0222,35.819],[37.025,35.817],[37.0271,35.8181],[37.0302,35.822],[37.0313,35.8245],[37.0315,35.8297],[37.0313,35.8317],[37.0315,35.8359],[37.0325,35.8429],[37.0339,35.8437],[37.0361,35.8431],[37.0526,35.8372],[37.0551,35.8374],[37.0582,35.8367],[37.0607,35.837],[37.0633,35.839],[37.0662,35.8402],[37.0687,35.8389],[37.0704,35.8369],[37.0681,35.833],[37.0704,35.8312],[37.0767,35.8275],[37.0812,35.8258],[37.0881,35.8227],[37.0903,35.8196],[37.0916,35.8187],[37.0961,35.8182],[37.1032,35.8204],[37.1031,35.8222],[37.1034,35.8291],[37.1054,35.8293],[37.1092,35.8312],[37.1162,35.83],[37.1204,35.8291],[37.1211,35.8264],[37.1145,35.8095],[37.1152,35.8063],[37.1153,35.8017],[37.118,35.8011],[37.1218,35.7999],[37.1279,35.7995],[37.1344,35.7978],[37.1367,35.7963],[37.1371,35.7931],[37.1374,35.7855],[37.1368,35.7814],[37.134,35.7809],[37.1226,35.7807],[37.1212,35.7803],[37.1176,35.7778],[37.1091,35.7679],[37.1078,35.7668],[37.108,35.765],[37.1159,35.7607],[37.1197,35.758],[37.118,35.7535],[37.1155,35.7494],[37.113,35.7484],[37.1077,35.7481],[37.1035,35.7471],[37.104,35.744],[37.1048,35.7416],[37.1072,35.741],[37.117,35.7399],[37.117,35.7344],[37.1193,35.7336],[37.1198,35.7316],[37.1202,35.727],[37.1196,35.7229],[37.1194,35.7162],[37.1198,35.7131],[37.1198,35.7077],[37.1179,35.705],[37.115,35.7032],[37.1099,35.7016],[37.1048,35.6959],[37.1005,35.6872],[37.0996,35.6795],[37.1034,35.6736],[37.1112,35.6707],[37.1159,35.6711],[37.123,35.6732],[37.1333,35.6701],[37.1353,35.6677],[37.1341,35.6648],[37.1334,35.6602],[37.1318,35.656],[37.1282,35.6506],[37.1282,35.6444],[37.1342,35.6396],[37.1455,35.6359],[37.1448,35.6348],[37.1397,35.6288],[37.1314,35.6236],[37.1231,35.6144],[37.118,35.6103],[37.1184,35.6075],[37.1206,35.6059],[37.1209,35.6048],[37.1197,35.6024],[37.1109,35.5931],[37.1108,35.5914],[37.1112,35.5909],[37.1148,35.5903],[37.1182,35.5893],[37.1208,35.5892],[37.1234,35.5887],[37.1264,35.5886],[37.1303,35.5885],[37.1349,35.5886],[37.1429,35.5876],[37.1521,35.5851],[37.1564,35.5829],[37.1581,35.5796],[37.1588,35.5747],[37.1617,35.5669],[37.1651,35.559],[37.1666,35.553],[37.1701,35.5504],[37.175,35.5502],[37.1776,35.5534],[37.1829,35.5558],[37.188,35.5575],[37.1913,35.5577],[37.1973,35.5567],[37.2017,35.5544],[37.2022,35.5499],[37.199,35.5462],[37.2154,35.5442],[37.2195,35.5457],[37.2216,35.5587],[37.2341,35.5606],[37.2406,35.5547],[37.2425,35.5513],[37.2445,35.5438],[37.2458,35.5407],[37.2472,35.5381],[37.2504,35.5334],[37.2553,35.5323],[37.2606,35.5306],[37.2691,35.5331],[37.2832,35.5326],[37.2842,35.5393],[37.2875,35.5399],[37.2894,35.5412],[37.2985,35.5466],[37.3009,35.5468],[37.3008,35.5448],[37.3017,35.5431],[37.3003,35.5417],[37.3025,35.5409],[37.3037,35.5394],[37.306,35.5399],[37.3111,35.5403],[37.3132,35.5408],[37.3201,35.5415],[37.3246,35.5416],[37.323,35.5305],[37.3228,35.5274],[37.32,35.5264],[37.3186,35.5256],[37.3139,35.524],[37.3154,35.5234],[37.3181,35.5211],[37.3195,35.5201],[37.3228,35.5183],[37.3253,35.5161],[37.3261,35.5153],[37.3267,35.5139],[37.3271,35.5123],[37.3277,35.5118],[37.3294,35.512],[37.3324,35.5141],[37.3353,35.5159],[37.3368,35.5148],[37.3461,35.5069],[37.368,35.5153],[37.3855,35.5083],[37.3848,35.5318],[37.3831,35.5362],[37.417,35.5556],[37.4319,35.551],[37.4341,35.55],[37.4377,35.5491],[37.4427,35.5476],[37.485,35.5187],[37.4956,35.4988],[37.4964,35.498],[37.496,35.4961],[37.4981,35.4847],[37.4977,35.4839],[37.4981,35.4822],[37.4989,35.48],[37.4998,35.4751],[37.4988,35.4729],[37.5992,35.461],[37.6307,35.4614],[37.7329,35.463],[37.732,35.4805],[37.7859,35.4805],[37.8078,35.4428],[37.8755,35.4401],[37.9653,35.4322],[38.0307,35.4205],[38.0484,35.4171],[38.1759,35.3851],[38.226,35.3809],[38.3167,35.3954],[38.2448,35.4442],[38.2795,35.5058],[38.2904,35.5155],[38.2997,35.5283],[38.3028,35.568],[38.2671,35.5813],[38.269,35.5942],[38.2685,35.5958],[38.2677,35.5972],[38.2664,35.5983],[38.2647,35.5992],[38.2628,35.5996],[38.2604,35.5996],[38.2587,35.5992],[38.2568,35.5983],[38.2557,35.5973],[38.2536,35.5916],[38.207,35.6065],[38.2103,35.6168],[38.1925,35.6526],[38.1949,35.6585],[38.197,35.6652],[38.1983,35.672],[38.1989,35.6788],[38.1987,35.6857],[38.1979,35.6919],[38.1972,35.6953],[38.1961,35.6993],[38.1943,35.7046],[38.1929,35.7078],[38.191,35.7117],[38.1889,35.7154],[38.1869,35.7184],[38.1637,35.7249],[38.1625,35.7301],[38.1574,35.7322],[38.1697,35.7865],[38.1451,35.7927],[38.1723,35.8365],[38.1535,35.8376],[38.151,35.8354],[38.1279,35.837],[38.1258,35.8306],[38.1153,35.8335],[38.1304,35.8603],[38.1359,35.8772],[38.1573,35.9025],[38.1833,35.9278],[38.2007,35.9422],[38.1911,35.9498],[38.189,35.9492],[38.1876,35.9492],[38.186,35.9494],[38.1836,35.9503],[38.1812,35.9519],[38.1799,35.9526],[38.1784,35.9531],[38.1768,35.9533],[38.1745,35.9532],[38.1641,35.9517],[38.1608,35.9571],[38.1629,35.9659],[38.1635,35.9706],[38.1617,35.9762],[38.1619,35.977],[38.1618,35.9777],[38.1615,35.9783],[38.161,35.9788],[38.1596,35.9794],[38.1581,35.9793],[38.1564,35.9784],[38.1553,35.9781],[38.154,35.9783],[38.1533,35.9787],[38.1528,35.9793],[38.1525,35.9804],[38.1542,35.9881],[38.1535,35.9913],[38.1507,35.9946],[38.1484,35.9961],[38.147,35.9967],[38.1454,35.9972],[38.1425,35.9975],[38.1396,35.9973],[38.138,35.9973],[38.1356,35.9978],[38.1339,35.9984],[38.1323,35.9993],[38.1306,36.0009],[38.1296,36.0024],[38.1286,36.005],[38.1276,36.0068],[38.126,36.0084],[38.1245,36.0095],[38.1226,36.0104],[38.1206,36.011],[38.1192,36.0112],[38.1164,36.0112],[38.1142,36.0114],[38.1121,36.0117],[38.1099,36.0124],[38.1076,36.0134],[38.1056,36.0146],[38.104,36.0158],[38.1025,36.0172],[38.1012,36.0189],[38.1003,36.0205],[38.096,36.0402],[38.1005,36.0454],[38.1054,36.0516],[38.0995,36.059],[38.0869,36.0687],[38.0851,36.0724],[38.0789,36.075],[38.0745,36.0765],[38.0703,36.0783],[38.0633,36.0818],[38.061,36.0834],[38.06,36.0846],[38.0591,36.0859],[38.0584,36.0877],[38.0581,36.0889],[38.0583,36.0914],[38.0597,36.0969],[38.0626,36.0989],[38.069,36.0985],[38.0797,36.0884],[38.081,36.0879],[38.083,36.0874],[38.085,36.0871],[38.0866,36.0871],[38.0897,36.0877],[38.0925,36.0888],[38.0997,36.0993],[38.1005,36.102],[38.0886,36.1117],[38.082,36.1181],[38.0818,36.123],[38.0758,36.1331],[38.0751,36.1337],[38.0744,36.1346],[38.074,36.136],[38.074,36.1375],[38.0744,36.1385],[38.0749,36.1393],[38.0803,36.145],[38.0801,36.1473],[38.0791,36.1507],[38.0867,36.1722],[38.1047,36.175],[38.1068,36.1758],[38.1082,36.1769],[38.1092,36.1784],[38.1121,36.189],[38.1152,36.2088],[38.1342,36.2232],[38.1374,36.2296],[38.1341,36.2364],[38.1365,36.2391],[38.1334,36.251],[38.1346,36.2537],[38.1407,36.2565],[38.1629,36.2572],[38.1672,36.2592],[38.1668,36.2613],[38.1718,36.264],[38.1742,36.263],[38.1774,36.2653],[38.1798,36.2668],[38.1819,36.268],[38.1853,36.2695],[38.1907,36.2713],[38.1926,36.2713],[38.1944,36.2716],[38.1964,36.2722],[38.1976,36.2727],[38.1993,36.2739],[38.2008,36.2752],[38.2022,36.2773],[38.203,36.2795],[38.2035,36.2803],[38.2044,36.2812],[38.2059,36.2821],[38.2078,36.2824],[38.2099,36.2821],[38.2151,36.2789],[38.2196,36.2825],[38.228,36.2825],[38.2481,36.2772],[38.2572,36.2753],[38.263,36.2745],[38.2688,36.2739],[38.2741,36.2736],[38.2806,36.2735],[38.2905,36.2739],[38.2964,36.2745],[38.2983,36.2749],[38.3054,36.2765],[38.3117,36.2783],[38.3134,36.282],[38.3288,36.2834],[38.3319,36.2761],[38.3389,36.2711],[38.3439,36.2711],[38.3518,36.2632],[38.3484,36.2514],[38.3439,36.2456],[38.3367,36.2444],[38.3378,36.2363],[38.3344,36.235],[38.3352,36.228],[38.3332,36.2252],[38.3326,36.2241],[38.332,36.2226],[38.3316,36.2207],[38.3315,36.2189],[38.3318,36.2169],[38.3325,36.2152],[38.3333,36.2138],[38.3344,36.2123],[38.3357,36.2111],[38.3373,36.2099],[38.3387,36.2091],[38.3397,36.2086],[38.3409,36.2089],[38.3422,36.2089],[38.3436,36.2088],[38.3447,36.2084],[38.3459,36.2077],[38.3473,36.2064],[38.3515,36.2039],[38.3554,36.202],[38.3597,36.2003],[38.3645,36.1987],[38.3681,36.1978],[38.3739,36.1967],[38.3811,36.196],[38.3824,36.1955],[38.3834,36.1949],[38.3844,36.194],[38.3849,36.193],[38.385,36.1919],[38.3847,36.1906],[38.3839,36.1895],[38.3829,36.1888],[38.38,36.1878],[38.3796,36.1873],[38.3795,36.1867],[38.3796,36.1862],[38.3799,36.1858],[38.3822,36.1842],[38.3838,36.1826],[38.3849,36.1808],[38.3856,36.1788],[38.3857,36.1772],[38.3856,36.1758],[38.3843,36.1713],[38.3839,36.1679],[38.384,36.1653],[38.3842,36.1638],[38.3846,36.1623],[38.3851,36.1614],[38.3864,36.16],[38.3884,36.1591],[38.39,36.1587],[38.3962,36.1583],[38.4023,36.1571],[38.4078,36.1553],[38.4103,36.1542],[38.4134,36.1526],[38.4224,36.1542],[38.4381,36.1554],[38.4423,36.1837],[38.4416,36.1923],[38.441,36.1944],[38.4399,36.1966],[38.4387,36.1981],[38.4372,36.1995],[38.4356,36.2006],[38.4332,36.2019],[38.4313,36.2032],[38.4296,36.2045],[38.4284,36.2058],[38.4274,36.2072],[38.4263,36.2091],[38.4255,36.2114],[38.4252,36.2133],[38.4176,36.2226],[38.4238,36.2271],[38.4367,36.231],[38.4694,36.2372],[38.4809,36.2402],[38.4829,36.24],[38.4852,36.2391],[38.4875,36.2385],[38.4913,36.2378],[38.4951,36.2377],[38.5002,36.2382],[38.5026,36.238],[38.5052,36.2371],[38.5073,36.2359],[38.509,36.234],[38.5099,36.232],[38.5101,36.2305],[38.5101,36.2293],[38.5112,36.2215],[38.5126,36.2041],[38.5174,36.2041],[38.5269,36.2061],[38.5398,36.2164],[38.5465,36.2201],[38.5518,36.2282],[38.5577,36.2299],[38.558,36.2318],[38.5482,36.2316],[38.5469,36.2376],[38.5392,36.2453],[38.537,36.247],[38.5311,36.2461],[38.5286,36.247],[38.5341,36.2604],[38.5389,36.2604],[38.5395,36.2806],[38.5472,36.2901],[38.5711,36.2874],[38.5721,36.2599],[38.5741,36.2576],[38.5838,36.2629],[38.6088,36.275],[38.6316,36.2821],[38.6275,36.3035],[38.6472,36.313],[38.6384,36.3282],[38.646,36.3393],[38.6418,36.3422],[38.6403,36.3443],[38.6468,36.3479],[38.643,36.3683],[38.6392,36.3697],[38.6358,36.3721],[38.6401,36.3826],[38.6403,36.3899],[38.6389,36.3944],[38.6351,36.3971],[38.6354,36.3994],[38.6406,36.4023],[38.642,36.4047],[38.6406,36.4099],[38.6422,36.412],[38.646,36.4112],[38.6478,36.411],[38.6501,36.4112],[38.6519,36.4118],[38.6541,36.413],[38.655,36.4139],[38.6556,36.4148],[38.6564,36.4165],[38.6566,36.4177],[38.6565,36.4187],[38.6641,36.4206],[38.6638,36.4355],[38.6534,36.4462],[38.657,36.455],[38.6717,36.4598],[38.6774,36.4769],[38.6615,36.4807],[38.6565,36.4823],[38.6531,36.4984],[38.6667,36.5289],[38.6838,36.5434],[38.6822,36.5522],[38.6726,36.5597],[38.6755,36.5754],[38.6957,36.6137],[38.6943,36.6189],[38.6969,36.6245],[38.7033,36.6381],[38.7147,36.6374],[38.7201,36.6415],[38.719,36.6438],[38.7149,36.6446],[38.7099,36.6412],[38.7088,36.6457],[38.7095,36.6503],[38.7049,36.6517],[38.7026,36.6505],[38.6959,36.6486],[38.6762,36.6388],[38.6684,36.6381],[38.6632,36.6536],[38.6287,36.6438],[38.6344,36.6369],[38.6342,36.6108],[38.6237,36.6056],[38.5958,36.6135],[38.589,36.6332],[38.5926,36.6457],[38.5802,36.6645],[38.5845,36.6778],[38.6161,36.6747],[38.6216,36.6669],[38.6605,36.6757],[38.6684,36.6799],[38.6726,36.6842],[38.6646,36.7156],[38.6499,36.7175],[38.6458,36.7239],[38.6387,36.7293],[38.6361,36.7332],[38.6441,36.7465],[38.6399,36.7498],[38.6399,36.7519],[38.6365,36.7552],[38.6342,36.7619],[38.6349,36.7685],[38.6442,36.7698],[38.639,36.7738],[38.6228,36.7903],[38.6006,36.806],[38.591,36.8174],[38.5797,36.8238],[38.5681,36.836],[38.5634,36.8388],[38.5216,36.8541],[38.493,36.8627],[38.4494,36.8818],[38.4078,36.8954],[38.3985,36.8972],[38.3815,36.8972],[38.3425,36.9004],[38.3163,36.9054],[38.2964,36.9069]]]}},{"type":"Feature","properties":{"province_name":"Ar Raqqah","ADM1_AR":"الرقة","ADM1_EN":"Ar-Raqqa","ADM1_PCODE":"SY11","Name":"Ar-Raqqa","adm1_name":"Ar-Raqqa","adm1_name1":"الرقة","adm1_name2":null,"adm1_name3":null,"adm1_pcode":"SY11","adm0_name":"Syrian Arab Republic","adm0_name1":"الجمهورية العربية السورية","adm0_name2":null,"adm0_name3":null,"adm0_pcode":"SY","valid_on":"2020-12-17","valid_to":null,"area_sqkm":17627.3715,"version":"v02","lang":"en","lang1":"ar","lang2":null,"lang3":null,"adm1_ref_name":"Ar-Raqqa","center_lat":36.023,"center_lon":38.9206},"geometry":{"type":"Polygon","coordinates":[[[38.7953,36.6979],[38.7774,36.6993],[38.7315,36.7075],[38.7236,36.7104],[38.697,36.7284],[38.6733,36.7478],[38.6442,36.7698],[38.6349,36.7685],[38.6342,36.7619],[38.6365,36.7552],[38.6399,36.7519],[38.6399,36.7498],[38.6441,36.7465],[38.6361,36.7332],[38.6387,36.7293],[38.6458,36.7239],[38.6499,36.7175],[38.6646,36.7156],[38.6726,36.6842],[38.6684,36.6799],[38.6605,36.6757],[38.6216,36.6669],[38.6161,36.6747],[38.5845,36.6778],[38.5802,36.6645],[38.5926,36.6457],[38.589,36.6332],[38.5958,36.6135],[38.6237,36.6056],[38.6342,36.6108],[38.6344,36.6369],[38.6287,36.6438],[38.6632,36.6536],[38.6684,36.6381],[38.6762,36.6388],[38.6959,36.6486],[38.7026,36.6505],[38.7049,36.6517],[38.7095,36.6503],[38.7088,36.6457],[38.7099,36.6412],[38.7149,36.6446],[38.719,36.6438],[38.7201,36.6415],[38.7147,36.6374],[38.7033,36.6381],[38.6969,36.6245],[38.6943,36.6189],[38.6957,36.6137],[38.6755,36.5754],[38.6726,36.5597],[38.6822,36.5522],[38.6838,36.5434],[38.6667,36.5289],[38.6531,36.4984],[38.6565,36.4823],[38.6615,36.4807],[38.6774,36.4769],[38.6717,36.4598],[38.657,36.455],[38.6534,36.4462],[38.6638,36.4355],[38.6641,36.4206],[38.6565,36.4187],[38.6566,36.4177],[38.6564,36.4165],[38.6556,36.4148],[38.655,36.4139],[38.6541,36.413],[38.6519,36.4118],[38.6501,36.4112],[38.6478,36.411],[38.646,36.4112],[38.6422,36.412],[38.6406,36.4099],[38.642,36.4047],[38.6406,36.4023],[38.6354,36.3994],[38.6351,36.3971],[38.6389,36.3944],[38.6403,36.3899],[38.6401,36.3826],[38.6358,36.3721],[38.6392,36.3697],[38.643,36.3683],[38.6468,36.3479],[38.6403,36.3443],[38.6418,36.3422],[38.646,36.3393],[38.6384,36.3282],[38.6472,36.313],[38.6275,36.3035],[38.6316,36.2821],[38.6088,36.275],[38.5838,36.2629],[38.5741,36.2576],[38.5721,36.2599],[38.5711,36.2874],[38.5472,36.2901],[38.5395,36.2806],[38.5389,36.2604],[38.5341,36.2604],[38.5286,36.247],[38.5311,36.2461],[38.537,36.247],[38.5392,36.2453],[38.5469,36.2376],[38.5482,36.2316],[38.558,36.2318],[38.5577,36.2299],[38.5518,36.2282],[38.5465,36.2201],[38.5398,36.2164],[38.5269,36.2061],[38.5174,36.2041],[38.5126,36.2041],[38.5112,36.2215],[38.5101,36.2293],[38.5101,36.2305],[38.5099,36.232],[38.509,36.234],[38.5073,36.2359],[38.5052,36.2371],[38.5026,36.238],[38.5002,36.2382],[38.4951,36.2377],[38.4913,36.2378],[38.4875,36.2385],[38.4852,36.2391],[38.4829,36.24],[38.4809,36.2402],[38.4694,36.2372],[38.4367,36.231],[38.4238,36.2271],[38.4176,36.2226],[38.4252,36.2133],[38.4255,36.2114],[38.4263,36.2091],[38.4274,36.2072],[38.4284,36.2058],[38.4296,36.2045],[38.4313,36.2032],[38.4332,36.2019],[38.4356,36.2006],[38.4372,36.1995],[38.4387,36.1981],[38.4399,36.1966],[38.441,36.1944],[38.4416,36.1923],[38.4423,36.1837],[38.4381,36.1554],[38.4224,36.1542],[38.4134,36.1526],[38.4103,36.1542],[38.4078,36.1553],[38.4023,36.1571],[38.3962,36.1583],[38.39,36.1587],[38.3884,36.1591],[38.3864,36.16],[38.3851,36.1614],[38.3846,36.1623],[38.3842,36.1638],[38.384,36.1653],[38.3839,36.1679],[38.3843,36.1713],[38.3856,36.1758],[38.3857,36.1772],[38.3856,36.1788],[38.3849,36.1808],[38.3838,36.1826],[38.3822,36.1842],[38.3799,36.1858],[38.3796,36.1862],[38.3795,36.1867],[38.3796,36.1873],[38.38,36.1878],[38.3829,36.1888],[38.3839,36.1895],[38.3847,36.1906],[38.385,36.1919],[38.3849,36.193],[38.3844,36.194],[38.3834,36.1949],[38.3824,36.1955],[38.3811,36.196],[38.3739,36.1967],[38.3681,36.1978],[38.3645,36.1987],[38.3597,36.2003],[38.3554,36.202],[38.3515,36.2039],[38.3473,36.2064],[38.3459,36.2077],[38.3447,36.2084],[38.3436,36.2088],[38.3422,36.2089],[38.3409,36.2089],[38.3397,36.2086],[38.3387,36.2091],[38.3373,36.2099],[38.3357,36.2111],[38.3344,36.2123],[38.3333,36.2138],[38.3325,36.2152],[38.3318,36.2169],[38.3315,36.2189],[38.3316,36.2207],[38.332,36.2226],[38.3326,36.2241],[38.3332,36.2252],[38.3352,36.228],[38.3344,36.235],[38.3378,36.2363],[38.3367,36.2444],[38.3439,36.2456],[38.3484,36.2514],[38.3518,36.2632],[38.3439,36.2711],[38.3389,36.2711],[38.3319,36.2761],[38.3288,36.2834],[38.3134,36.282],[38.3117,36.2783],[38.3054,36.2765],[38.2983,36.2749],[38.2964,36.2745],[38.2905,36.2739],[38.2806,36.2735],[38.2741,36.2736],[38.2688,36.2739],[38.263,36.2745],[38.2572,36.2753],[38.2481,36.2772],[38.228,36.2825],[38.2196,36.2825],[38.2151,36.2789],[38.2103,36.282],[38.2086,36.2824],[38.207,36.2823],[38.2054,36.2818],[38.2038,36.2807],[38.2032,36.2797],[38.2022,36.2773],[38.2013,36.2758],[38.1997,36.2742],[38.1976,36.2727],[38.1964,36.2722],[38.1944,36.2716],[38.1926,36.2713],[38.1907,36.2713],[38.1853,36.2695],[38.1819,36.268],[38.1798,36.2668],[38.1774,36.2653],[38.1742,36.263],[38.1718,36.264],[38.1668,36.2613],[38.1672,36.2592],[38.1629,36.2572],[38.1407,36.2565],[38.1346,36.2537],[38.1334,36.251],[38.1365,36.2391],[38.1341,36.2364],[38.1374,36.2296],[38.1342,36.2232],[38.1152,36.2088],[38.1121,36.189],[38.1092,36.1784],[38.1082,36.1769],[38.1068,36.1758],[38.1047,36.175],[38.0867,36.1722],[38.0791,36.1507],[38.0801,36.1473],[38.0803,36.145],[38.0749,36.1393],[38.0744,36.1385],[38.074,36.1375],[38.074,36.136],[38.0744,36.1346],[38.0751,36.1337],[38.0758,36.1331],[38.0818,36.123],[38.082,36.1181],[38.0886,36.1117],[38.1005,36.102],[38.0997,36.0993],[38.0925,36.0888],[38.0906,36.0879],[38.0893,36.0876],[38.0873,36.0872],[38.0858,36.0871],[38.0824,36.0875],[38.0797,36.0884],[38.069,36.0985],[38.0626,36.0989],[38.0597,36.0969],[38.0582,36.0911],[38.0581,36.0894],[38.0583,36.0882],[38.0588,36.0864],[38.0598,36.0848],[38.061,36.0834],[38.0628,36.0821],[38.0712,36.0778],[38.0745,36.0765],[38.0789,36.075],[38.0851,36.0724],[38.0869,36.0687],[38.0995,36.059],[38.1054,36.0516],[38.1005,36.0454],[38.096,36.0402],[38.1003,36.0205],[38.1013,36.0187],[38.1029,36.0168],[38.1047,36.0152],[38.1064,36.0141],[38.1084,36.013],[38.1103,36.0123],[38.1121,36.0117],[38.1149,36.0113],[38.1171,36.0111],[38.1192,36.0112],[38.1202,36.0111],[38.122,36.0106],[38.1238,36.0099],[38.126,36.0084],[38.1273,36.007],[38.1283,36.0055],[38.1293,36.0029],[38.13,36.0017],[38.1311,36.0004],[38.1327,35.9991],[38.1344,35.9982],[38.1369,35.9975],[38.1391,35.9973],[38.1434,35.9975],[38.1454,35.9972],[38.147,35.9967],[38.1491,35.9958],[38.1505,35.9948],[38.1535,35.9913],[38.1542,35.9881],[38.1525,35.9804],[38.1528,35.9793],[38.1533,35.9787],[38.154,35.9783],[38.1553,35.9781],[38.1564,35.9784],[38.1581,35.9793],[38.1596,35.9794],[38.161,35.9788],[38.1615,35.9783],[38.1618,35.9776],[38.1619,35.977],[38.1617,35.9762],[38.1635,35.9706],[38.1629,35.9659],[38.1608,35.9571],[38.1641,35.9517],[38.1745,35.9532],[38.1768,35.9533],[38.1784,35.9531],[38.1799,35.9526],[38.1812,35.9519],[38.1836,35.9503],[38.186,35.9494],[38.1876,35.9492],[38.189,35.9492],[38.1911,35.9498],[38.2007,35.9422],[38.1833,35.9278],[38.1573,35.9025],[38.1359,35.8772],[38.1304,35.8603],[38.1153,35.8335],[38.1258,35.8306],[38.1279,35.837],[38.151,35.8354],[38.1535,35.8376],[38.1723,35.8365],[38.1451,35.7927],[38.1697,35.7865],[38.1574,35.7322],[38.1625,35.7301],[38.1637,35.7249],[38.1869,35.7184],[38.1889,35.7154],[38.191,35.7117],[38.1929,35.7078],[38.1943,35.7046],[38.1961,35.6993],[38.1972,35.6953],[38.1979,35.6919],[38.1987,35.6857],[38.1989,35.6788],[38.1983,35.672],[38.197,35.6652],[38.1949,35.6585],[38.1925,35.6526],[38.2103,35.6168],[38.207,35.6065],[38.2536,35.5916],[38.2557,35.5973],[38.2568,35.5983],[38.2587,35.5992],[38.2604,35.5996],[38.2628,35.5996],[38.2647,35.5992],[38.2664,35.5983],[38.2677,35.5972],[38.2685,35.5958],[38.269,35.5942],[38.2671,35.5813],[38.3028,35.568],[38.2997,35.5283],[38.2904,35.5155],[38.2795,35.5058],[38.2448,35.4442],[38.3167,35.3954],[38.4425,35.3966],[38.4585,35.3971],[38.5753,35.3989],[38.8249,35.3756],[38.8713,35.3711],[39.1343,35.324],[39.1428,35.3272],[39.147,35.3275],[39.1545,35.3276],[39.1614,35.3273],[39.1673,35.3268],[39.1745,35.3256],[39.1812,35.3236],[39.188,35.321],[39.1926,35.3188],[39.1964,35.3167],[39.1968,35.3165],[39.1978,35.3153],[39.1993,35.3132],[39.2005,35.3107],[39.2012,35.3085],[39.2018,35.3053],[39.202,35.3036],[39.2019,35.3012],[39.2015,35.2992],[39.2007,35.2968],[39.2006,35.296],[39.2006,35.2945],[39.2008,35.2934],[39.2014,35.2918],[39.2022,35.2906],[39.2031,35.2896],[39.2045,35.2885],[39.207,35.2873],[39.2089,35.2868],[39.2131,35.2866],[39.2169,35.2862],[39.2209,35.2855],[39.2241,35.2848],[39.2256,35.2844],[39.239,35.2788],[39.2449,35.278],[39.2682,35.306],[39.4714,35.5531],[39.4851,35.5677],[39.5809,35.684],[39.599,35.7043],[39.6144,35.7221],[39.6357,35.7476],[39.6402,35.7526],[39.6429,35.762],[39.6514,35.7702],[39.6576,35.7756],[39.6846,35.7766],[39.6945,35.7686],[39.7005,35.7702],[39.7004,35.7747],[39.6976,35.7763],[39.7038,35.8259],[39.7014,35.9297],[39.7076,35.955],[39.6984,35.9692],[39.7033,35.989],[39.7137,35.9941],[39.717,35.9995],[39.7237,36.0025],[39.7272,36.0094],[39.7341,36.0113],[39.7424,36.0159],[39.7408,36.0202],[39.7422,36.0266],[39.7465,36.0325],[39.7527,36.0328],[39.7596,36.0339],[39.7639,36.0357],[39.765,36.0398],[39.7677,36.0427],[39.7736,36.0459],[39.7758,36.0495],[39.78,36.0497],[39.7843,36.0631],[39.7948,36.0704],[39.7972,36.0765],[39.8007,36.0819],[39.7999,36.0862],[39.8098,36.0966],[39.8171,36.109],[39.8275,36.1112],[39.834,36.1192],[39.838,36.1197],[39.8388,36.1264],[39.8431,36.1313],[39.8399,36.1362],[39.8366,36.1382],[39.8348,36.1462],[39.831,36.1463],[39.8294,36.1506],[39.8348,36.1584],[39.8353,36.1627],[39.8426,36.1729],[39.8428,36.1796],[39.8543,36.1882],[39.8637,36.2094],[39.8691,36.2129],[39.8742,36.2129],[39.8801,36.2153],[39.8841,36.2247],[39.8889,36.2293],[39.8903,36.2354],[39.8946,36.24],[39.8935,36.2449],[39.8951,36.2507],[39.8989,36.2695],[39.8957,36.3065],[39.8944,36.3382],[39.8574,36.3572],[39.855,36.3581],[39.8502,36.3595],[39.8451,36.3601],[39.8441,36.3602],[39.8418,36.3596],[39.8394,36.3593],[39.8368,36.3592],[39.8347,36.3593],[39.8315,36.3599],[39.8282,36.361],[39.8254,36.3625],[39.8229,36.3645],[39.8209,36.3667],[39.8196,36.3688],[39.8184,36.37],[39.8162,36.3714],[39.814,36.3724],[39.8124,36.3728],[39.8103,36.373],[39.8082,36.373],[39.8064,36.3728],[39.8046,36.3723],[39.8025,36.3715],[39.8009,36.3704],[39.7996,36.3693],[39.7585,36.452],[39.7301,36.4768],[39.67,36.5257],[39.625,36.5617],[39.5969,36.5898],[39.5645,36.6179],[39.5433,36.644],[39.513,36.6842],[39.504,36.7021],[39.4983,36.7013],[39.4671,36.6979],[39.4526,36.6997],[39.4391,36.6954],[39.4305,36.6945],[39.398,36.6944],[39.3448,36.6896],[39.2759,36.6737],[39.2274,36.665],[39.2155,36.666],[39.1503,36.6834],[39.0855,36.6971],[39.0202,36.7033],[38.999,36.7029],[38.9697,36.6989],[38.9212,36.6977],[38.8471,36.6967],[38.8146,36.6982],[38.8008,36.6974],[38.7953,36.6979]]]}},{"type":"Feature","properties":{"province_name":"As Suwayda","ADM1_AR":"السويداء","ADM1_EN":"As-Sweida","ADM1_PCODE":"SY13","Name":"As-Sweida","adm1_name":"As-Sweida","adm1_name1":"السويداء","adm1_name2":null,"adm1_name3":null,"adm1_pcode":"SY13","adm0_name":"Syrian Arab Republic","adm0_name1":"الجمهورية العربية السورية","adm0_name2":null,"adm0_name3":null,"adm0_pcode":"SY","valid_on":"2020-12-17","valid_to":null,"area_sqkm":6358.0638,"version":"v02","lang":"en","lang1":"ar","lang2":null,"lang3":null,"adm1_ref_name":"As-Sweida","center_lat":32.7555,"center_lon":36.8948},"geometry":{"type":"Polygon","coordinates":[[[36.8849,33.0564],[36.8709,33.0622],[36.8651,33.066],[36.8571,33.0724],[36.8462,33.0823],[36.8402,33.0869],[36.7915,33.1268],[36.7859,33.132],[36.7725,33.1432],[36.7597,33.1531],[36.7501,33.1619],[36.7392,33.1704],[36.7261,33.1815],[36.7205,33.186],[36.7123,33.1929],[36.7079,33.1941],[36.6983,33.193],[36.6781,33.1917],[36.6661,33.1902],[36.5915,33.1844],[36.548,33.1806],[36.542,33.1798],[36.5238,33.1789],[36.5149,33.1748],[36.5036,33.1673],[36.5006,33.1636],[36.4978,33.1564],[36.4922,33.1275],[36.4914,33.1174],[36.4924,33.1053],[36.5008,33.0879],[36.5119,33.0686],[36.5179,33.0577],[36.5184,33.0573],[36.5229,33.0555],[36.5274,33.0559],[36.5311,33.0556],[36.5349,33.0538],[36.5394,33.042],[36.5416,33.0387],[36.5505,33.0296],[36.5528,33.0266],[36.554,33.0236],[36.5551,33.0196],[36.5545,33.0167],[36.5452,33.0125],[36.5404,33.0092],[36.5341,33.0054],[36.5059,33.0009],[36.4851,32.9998],[36.4659,32.9973],[36.4284,32.9885],[36.42,32.9845],[36.4037,32.9706],[36.3941,32.9627],[36.3856,32.9538],[36.3763,32.9421],[36.3812,32.9234],[36.382,32.916],[36.3746,32.8962],[36.3728,32.8856],[36.3714,32.8691],[36.3713,32.8669],[36.3722,32.8544],[36.3758,32.8269],[36.3813,32.7942],[36.3823,32.7871],[36.3887,32.777],[36.3927,32.7477],[36.3913,32.7459],[36.3867,32.7461],[36.3827,32.746],[36.3753,32.7442],[36.3713,32.7284],[36.3636,32.7172],[36.358,32.71],[36.3611,32.7066],[36.3665,32.7042],[36.3725,32.7037],[36.3803,32.6965],[36.391,32.6966],[36.393,32.6974],[36.3955,32.6919],[36.4026,32.6852],[36.412,32.6833],[36.4292,32.6773],[36.442,32.6733],[36.456,32.6655],[36.464,32.6586],[36.4648,32.6499],[36.464,32.6426],[36.459,32.6341],[36.4528,32.63],[36.4319,32.6281],[36.4226,32.6255],[36.4,32.6161],[36.4005,32.6069],[36.4046,32.5904],[36.405,32.5841],[36.4088,32.5743],[36.4131,32.5679],[36.422,32.5665],[36.4385,32.5661],[36.4913,32.569],[36.5049,32.5661],[36.5124,32.5558],[36.5074,32.5372],[36.5088,32.5301],[36.5141,32.5097],[36.5343,32.489],[36.5388,32.4821],[36.5429,32.4752],[36.5437,32.4713],[36.5436,32.4635],[36.5375,32.4553],[36.5244,32.4417],[36.5217,32.4374],[36.5203,32.4301],[36.5185,32.4237],[36.5144,32.4054],[36.5103,32.3892],[36.5079,32.3825],[36.5057,32.3738],[36.5029,32.3663],[36.5,32.3617],[36.5016,32.3604],[36.6921,32.3391],[36.704,32.3268],[36.7217,32.333],[36.8348,32.3164],[36.8668,32.3426],[36.9529,32.3887],[37.0928,32.4644],[37.4643,32.664],[37.4565,32.6761],[37.4462,32.6903],[37.437,32.7033],[37.4204,32.726],[37.3905,32.7657],[37.3732,32.7894],[37.3595,32.8079],[37.3511,32.8184],[37.3357,32.8404],[37.3187,32.863],[37.2981,32.8919],[37.2872,32.9066],[37.2816,32.9188],[37.279,32.9268],[37.2783,32.9339],[37.2769,32.9433],[37.2769,32.9477],[37.2753,32.9646],[37.2767,32.9953],[37.2687,32.9995],[37.2568,33.003],[37.2433,33.0043],[37.2234,33.005],[37.209,33.0061],[37.2016,33.006],[37.1942,33.0082],[37.1817,33.0101],[37.1476,33.0147],[37.1284,33.0185],[37.1164,33.0226],[37.1033,33.0283],[37.0949,33.033],[37.0577,33.0441],[37.0495,33.0467],[37.0368,33.0489],[37.0207,33.0492],[37.0117,33.0497],[36.9781,33.0501],[36.9298,33.0513],[36.9135,33.0518],[36.9057,33.0527],[36.8982,33.0539],[36.8849,33.0564]]]}},{"type":"Feature","properties":{"province_name":"Damascus","ADM1_AR":"دمشق","ADM1_EN":"Damascus","ADM1_PCODE":"SY01","Name":"Damascus","adm1_name":"Damascus","adm1_name1":"دمشق","adm1_name2":null,"adm1_name3":null,"adm1_pcode":"SY01","adm0_name":"Syrian Arab Republic","adm0_name1":"الجمهورية العربية السورية","adm0_name2":null,"adm0_name3":null,"adm0_pcode":"SY","valid_on":"2020-12-17","valid_to":null,"area_sqkm":116.6784,"version":"v02","lang":"en","lang1":"ar","lang2":null,"lang3":null,"adm1_ref_name":"Damascus","center_lat":33.5155,"center_lon":36.2737},"geometry":{"type":"Polygon","coordinates":[[[36.3252,33.5641],[36.3259,33.5646],[36.3257,33.5654],[36.3261,33.5659],[36.3268,33.5663],[36.327,33.5671],[36.3255,33.5678],[36.324,33.5691],[36.3236,33.5693],[36.3224,33.5686],[36.3207,33.568],[36.3206,33.5685],[36.3203,33.569],[36.3203,33.5692],[36.321,33.5689],[36.3214,33.5692],[36.3227,33.571],[36.3222,33.5716],[36.3214,33.5718],[36.3191,33.5707],[36.3183,33.5706],[36.3173,33.5714],[36.316,33.571],[36.3157,33.5706],[36.3153,33.5704],[36.3141,33.5702],[36.3141,33.5698],[36.3144,33.5695],[36.3158,33.569],[36.3158,33.5688],[36.314,33.5678],[36.3137,33.5674],[36.3136,33.5669],[36.3138,33.5661],[36.3153,33.5651],[36.2884,33.5639],[36.2873,33.564],[36.2848,33.5627],[36.2837,33.5624],[36.2804,33.5636],[36.2796,33.5624],[36.2775,33.5599],[36.2764,33.5581],[36.2754,33.5573],[36.2748,33.5565],[36.2737,33.5558],[36.2726,33.5557],[36.2721,33.5559],[36.2699,33.5579],[36.2627,33.5547],[36.2502,33.5501],[36.2479,33.5486],[36.2474,33.548],[36.2471,33.5479],[36.2448,33.5474],[36.2433,33.5474],[36.2421,33.5471],[36.2418,33.547],[36.2409,33.5459],[36.239,33.5461],[36.2315,33.5419],[36.2313,33.5424],[36.2312,33.5436],[36.2308,33.5445],[36.2283,33.5462],[36.2277,33.5464],[36.227,33.5464],[36.2262,33.5459],[36.2253,33.5446],[36.2245,33.5446],[36.2234,33.545],[36.2231,33.545],[36.2228,33.543],[36.223,33.5421],[36.2223,33.5415],[36.2222,33.541],[36.2231,33.5404],[36.2231,33.54],[36.2226,33.5396],[36.2217,33.5394],[36.2206,33.5385],[36.2188,33.5382],[36.218,33.5378],[36.2174,33.5373],[36.2171,33.5375],[36.2165,33.5375],[36.2149,33.5369],[36.2145,33.537],[36.2139,33.5384],[36.2124,33.5393],[36.2112,33.5373],[36.209,33.535],[36.2064,33.5347],[36.2045,33.5342],[36.204,33.5339],[36.2038,33.5326],[36.2032,33.5319],[36.2036,33.5315],[36.2028,33.5306],[36.2049,33.5296],[36.2024,33.5288],[36.1972,33.5251],[36.1992,33.5146],[36.2086,33.516],[36.2093,33.5118],[36.2103,33.486],[36.2051,33.4856],[36.208,33.4817],[36.2097,33.479],[36.2088,33.4781],[36.2069,33.4741],[36.2059,33.4731],[36.2072,33.4716],[36.2063,33.4702],[36.207,33.4693],[36.209,33.4697],[36.2144,33.4702],[36.2188,33.4724],[36.2223,33.4683],[36.2263,33.47],[36.2251,33.4717],[36.2251,33.4719],[36.2275,33.4727],[36.2299,33.4716],[36.2323,33.4733],[36.2317,33.4741],[36.2318,33.4744],[36.2353,33.4757],[36.2357,33.4757],[36.2362,33.476],[36.237,33.4757],[36.238,33.4757],[36.2385,33.4762],[36.238,33.4783],[36.24,33.4792],[36.2415,33.4793],[36.2433,33.48],[36.2471,33.4764],[36.247,33.4762],[36.2471,33.4761],[36.2473,33.4762],[36.2653,33.4698],[36.2663,33.4685],[36.2719,33.4699],[36.2726,33.4705],[36.276,33.4741],[36.2789,33.4758],[36.2791,33.4753],[36.2801,33.474],[36.2775,33.4652],[36.2779,33.4651],[36.2782,33.4648],[36.2793,33.463],[36.2802,33.462],[36.281,33.4614],[36.2812,33.4619],[36.2832,33.4612],[36.2825,33.4594],[36.2828,33.4586],[36.284,33.4588],[36.2845,33.4587],[36.2854,33.459],[36.287,33.4593],[36.2881,33.46],[36.289,33.4601],[36.2902,33.46],[36.2911,33.4605],[36.2933,33.4613],[36.2948,33.4616],[36.2955,33.462],[36.2964,33.462],[36.2974,33.4624],[36.2978,33.4624],[36.2991,33.4613],[36.2989,33.462],[36.2985,33.463],[36.2974,33.4643],[36.296,33.4651],[36.2971,33.4671],[36.2979,33.4673],[36.2985,33.4681],[36.2993,33.4676],[36.3002,33.4674],[36.3032,33.4674],[36.3038,33.4647],[36.3066,33.4653],[36.3071,33.4652],[36.3088,33.463],[36.3107,33.4614],[36.3137,33.4619],[36.3144,33.4629],[36.3143,33.4639],[36.315,33.4663],[36.315,33.4682],[36.3154,33.4704],[36.3138,33.4713],[36.3137,33.4716],[36.3173,33.4695],[36.3181,33.4693],[36.3187,33.4693],[36.3179,33.4722],[36.3173,33.4737],[36.32,33.474],[36.3214,33.474],[36.3216,33.4776],[36.3218,33.4779],[36.32,33.4783],[36.32,33.4784],[36.3197,33.4784],[36.3197,33.4786],[36.3196,33.4784],[36.3157,33.4783],[36.3145,33.4806],[36.3173,33.4808],[36.3175,33.4845],[36.3198,33.4846],[36.3207,33.4853],[36.3214,33.4855],[36.3234,33.4856],[36.3251,33.4858],[36.3239,33.4888],[36.3237,33.4896],[36.3239,33.49],[36.3258,33.4897],[36.3274,33.4887],[36.327,33.4895],[36.327,33.4899],[36.328,33.4933],[36.3285,33.4941],[36.3296,33.4948],[36.3299,33.4952],[36.3305,33.4964],[36.3309,33.498],[36.3332,33.5028],[36.3334,33.5042],[36.3339,33.5054],[36.3349,33.5072],[36.3402,33.5185],[36.343,33.5186],[36.3487,33.5195],[36.3486,33.5206],[36.35,33.5206],[36.3505,33.5209],[36.3498,33.5224],[36.3496,33.5235],[36.3502,33.5238],[36.3498,33.5249],[36.3491,33.525],[36.3482,33.5268],[36.3437,33.5257],[36.344,33.5266],[36.3531,33.5456],[36.354,33.549],[36.3547,33.5524],[36.3559,33.5567],[36.3551,33.5565],[36.354,33.5566],[36.3508,33.5581],[36.3479,33.558],[36.3451,33.5581],[36.3434,33.5586],[36.3397,33.5591],[36.3378,33.5589],[36.3362,33.5589],[36.3343,33.565],[36.331,33.564],[36.3304,33.5642],[36.3307,33.5652],[36.3294,33.5645],[36.3289,33.5639],[36.3282,33.5637],[36.3272,33.5642],[36.326,33.5643],[36.3252,33.5641]]]}},{"type":"Feature","properties":{"province_name":"Dar'a","ADM1_AR":"درعا","ADM1_EN":"Dar'a","ADM1_PCODE":"SY12","Name":"Dar'a","adm1_name":"Dar'a","adm1_name1":"درعا","adm1_name2":null,"adm1_name3":null,"adm1_pcode":"SY12","adm0_name":"Syrian Arab Republic","adm0_name1":"الجمهورية العربية السورية","adm0_name2":null,"adm0_name3":null,"adm0_pcode":"SY","valid_on":"2020-12-17","valid_to":null,"area_sqkm":3833.5312,"version":"v02","lang":"en","lang1":"ar","lang2":null,"lang3":null,"adm1_ref_name":"Dara","center_lat":32.8302,"center_lon":36.1116},"geometry":{"type":"Polygon","coordinates":[[[36.5699,33.191],[36.5647,33.2174],[36.5561,33.2463],[36.5486,33.2522],[36.5505,33.26],[36.542,33.2702],[36.5358,33.2805],[36.5281,33.2836],[36.5227,33.2899],[36.5147,33.2967],[36.5056,33.2962],[36.4965,33.2872],[36.4909,33.2795],[36.4841,33.2768],[36.4713,33.2732],[36.4661,33.2696],[36.4496,33.2679],[36.4452,33.2618],[36.4396,33.2554],[36.4325,33.2531],[36.4259,33.2487],[36.4129,33.2358],[36.3933,33.2173],[36.3981,33.1949],[36.3977,33.1936],[36.3958,33.1916],[36.3683,33.1839],[36.363,33.1864],[36.3555,33.1937],[36.3464,33.1989],[36.3386,33.1984],[36.3318,33.2048],[36.3224,33.2097],[36.3203,33.218],[36.3178,33.2232],[36.316,33.2252],[36.3119,33.2265],[36.3074,33.2273],[36.3025,33.2276],[36.2978,33.2272],[36.2943,33.2295],[36.2902,33.2317],[36.2865,33.2332],[36.2825,33.2344],[36.2813,33.2374],[36.2798,33.2404],[36.2782,33.2433],[36.2763,33.2461],[36.274,33.249],[36.2717,33.2516],[36.2669,33.2561],[36.2614,33.2602],[36.2445,33.2669],[36.236,33.2735],[36.2298,33.273],[36.2265,33.2695],[36.2215,33.2457],[36.2165,33.2173],[36.2087,33.2099],[36.2033,33.2086],[36.1937,33.2114],[36.1902,33.2154],[36.1829,33.2182],[36.1679,33.2152],[36.1637,33.2125],[36.157,33.1973],[36.1447,33.1917],[36.1362,33.1935],[36.1283,33.1962],[36.1254,33.1975],[36.1237,33.198],[36.121,33.1984],[36.1176,33.1983],[36.115,33.1977],[36.1124,33.1968],[36.1095,33.195],[36.0994,33.1955],[36.0911,33.1969],[36.0849,33.1962],[36.0802,33.1929],[36.0761,33.1766],[36.0795,33.1675],[36.0759,33.1633],[36.0701,33.1613],[36.0636,33.1609],[36.0573,33.1617],[36.0541,33.1593],[36.0507,33.1573],[36.0435,33.1553],[36.0356,33.1539],[36.0251,33.1537],[36.0092,33.1642],[35.9988,33.1636],[35.9895,33.1588],[35.9847,33.149],[35.9848,33.1386],[35.9861,33.1353],[35.9889,33.1257],[35.9878,33.1211],[35.9867,33.1177],[35.9854,33.1144],[35.9836,33.1106],[35.9817,33.1072],[35.9793,33.1035],[35.9768,33.1002],[35.9742,33.0973],[35.9714,33.0944],[35.9685,33.0919],[35.967,33.0753],[35.9654,33.0662],[35.9608,33.0609],[35.955,33.0529],[35.9463,33.0443],[35.9463,33.0364],[35.9634,33.0192],[35.9635,33.015],[35.9675,33.0034],[35.9781,32.9941],[35.9835,32.9865],[35.9837,32.9746],[35.9822,32.9694],[35.9935,32.9608],[35.9973,32.9376],[35.9878,32.9295],[35.9842,32.9288],[35.982,32.9292],[35.9791,32.929],[35.977,32.9283],[35.9756,32.9283],[35.974,32.9305],[35.972,32.936],[35.9699,32.9389],[35.9661,32.9412],[35.9597,32.9419],[35.9562,32.9388],[35.952,32.9329],[35.9496,32.9292],[35.9463,32.9275],[35.9395,32.931],[35.938,32.925],[35.9402,32.9229],[35.9419,32.9211],[35.9445,32.9175],[35.9448,32.917],[35.9454,32.915],[35.9459,32.9121],[35.9457,32.9085],[35.945,32.9055],[35.9437,32.9025],[35.9416,32.8993],[35.9399,32.898],[35.9386,32.8974],[35.9374,32.8972],[35.9354,32.8972],[35.9329,32.8978],[35.9311,32.898],[35.9288,32.8976],[35.9269,32.8968],[35.9258,32.8961],[35.9123,32.8829],[35.9078,32.8809],[35.8968,32.8821],[35.8935,32.8768],[35.8885,32.8723],[35.8836,32.8684],[35.8816,32.865],[35.8787,32.8609],[35.8763,32.8581],[35.8728,32.8548],[35.8686,32.8518],[35.8637,32.8489],[35.8584,32.8466],[35.8525,32.8449],[35.8486,32.8412],[35.8463,32.835],[35.8464,32.8343],[35.8471,32.8333],[35.8478,32.8315],[35.848,32.8284],[35.8474,32.8274],[35.8473,32.827],[35.8476,32.8262],[35.8483,32.825],[35.8482,32.8243],[35.8474,32.8211],[35.8445,32.8184],[35.8445,32.8167],[35.8434,32.8152],[35.8425,32.8151],[35.8422,32.8147],[35.8418,32.8145],[35.8411,32.8147],[35.8407,32.8145],[35.8405,32.8131],[35.8374,32.812],[35.8363,32.8103],[35.8357,32.8099],[35.8346,32.8096],[35.8335,32.809],[35.833,32.8083],[35.8328,32.8076],[35.8306,32.8056],[35.8301,32.805],[35.8301,32.8044],[35.831,32.8035],[35.8311,32.8028],[35.8303,32.8021],[35.8294,32.8017],[35.8291,32.8018],[35.8277,32.8027],[35.8269,32.8028],[35.8263,32.8026],[35.8259,32.802],[35.8262,32.8001],[35.826,32.7998],[35.8254,32.7995],[35.8252,32.799],[35.8245,32.7985],[35.8225,32.7975],[35.8227,32.7969],[35.8238,32.7964],[35.8239,32.796],[35.8233,32.7955],[35.8226,32.7955],[35.8222,32.7957],[35.8217,32.7956],[35.8214,32.7952],[35.8213,32.7945],[35.8207,32.7936],[35.8188,32.7929],[35.8172,32.793],[35.8163,32.7925],[35.8161,32.7917],[35.8154,32.791],[35.8145,32.7909],[35.8129,32.7899],[35.8126,32.7895],[35.8096,32.7889],[35.8088,32.7884],[35.8084,32.7879],[35.8078,32.7868],[35.8077,32.786],[35.8081,32.7846],[35.8078,32.7841],[35.8074,32.7838],[35.8051,32.7828],[35.8032,32.7833],[35.8021,32.7827],[35.8006,32.7807],[35.7988,32.7798],[35.7968,32.7796],[35.7935,32.7798],[35.7913,32.7797],[35.7894,32.778],[35.7858,32.7771],[35.785,32.7761],[35.7846,32.7747],[35.781,32.7734],[35.7802,32.7727],[35.7788,32.7707],[35.7774,32.7695],[35.7769,32.7688],[35.7766,32.7679],[35.7763,32.7664],[35.776,32.7658],[35.7756,32.7655],[35.775,32.7654],[35.7739,32.7658],[35.7732,32.7656],[35.773,32.7649],[35.773,32.7635],[35.7735,32.7623],[35.7729,32.7618],[35.7719,32.7614],[35.7699,32.7612],[35.7691,32.7605],[35.7684,32.7594],[35.7671,32.7562],[35.7642,32.7542],[35.7618,32.7532],[35.7606,32.7519],[35.7498,32.7362],[35.7469,32.7321],[35.7491,32.732],[35.7557,32.7354],[35.7604,32.7398],[35.7642,32.7473],[35.7692,32.7509],[35.7796,32.752],[35.7834,32.753],[35.8014,32.7596],[35.8077,32.7565],[35.8093,32.751],[35.8045,32.7427],[35.8076,32.7384],[35.8171,32.7396],[35.8202,32.7346],[35.8263,32.7311],[35.8351,32.729],[35.8413,32.7294],[35.8619,32.7357],[35.8784,32.7357],[35.8864,32.7331],[35.8947,32.7274],[35.9013,32.7248],[35.9091,32.7259],[35.9204,32.7221],[35.926,32.7225],[35.9308,32.7246],[35.9368,32.7241],[35.9452,32.7177],[35.948,32.707],[35.9517,32.7034],[35.9627,32.697],[35.9746,32.6969],[35.9796,32.6942],[35.9827,32.6906],[35.9829,32.682],[35.9726,32.6735],[35.9734,32.6711],[35.983,32.6651],[35.9936,32.6614],[36.0108,32.6628],[36.0198,32.6619],[36.0328,32.658],[36.0363,32.6544],[36.0392,32.6425],[36.0388,32.6308],[36.0349,32.6071],[36.0363,32.6039],[36.0589,32.5878],[36.0704,32.5758],[36.0844,32.5491],[36.0887,32.5367],[36.0908,32.5179],[36.1106,32.5231],[36.1338,32.5239],[36.1647,32.5222],[36.1784,32.5183],[36.2007,32.5285],[36.2056,32.5284],[36.2178,32.5218],[36.2577,32.4929],[36.2961,32.4705],[36.3365,32.4427],[36.4006,32.3872],[36.4097,32.3822],[36.4635,32.3773],[36.4802,32.3734],[36.4928,32.3675],[36.5,32.3617],[36.5029,32.3663],[36.5057,32.3738],[36.5079,32.3825],[36.5103,32.3892],[36.5144,32.4054],[36.5185,32.4237],[36.5203,32.4301],[36.5217,32.4374],[36.5244,32.4417],[36.5375,32.4553],[36.5436,32.4635],[36.5437,32.4713],[36.5429,32.4752],[36.5388,32.4821],[36.5343,32.489],[36.5141,32.5097],[36.5088,32.5301],[36.5074,32.5372],[36.5124,32.5558],[36.5049,32.5661],[36.4913,32.569],[36.4385,32.5661],[36.422,32.5665],[36.4131,32.5679],[36.4088,32.5743],[36.405,32.5841],[36.4046,32.5904],[36.4005,32.6069],[36.4,32.6161],[36.4226,32.6255],[36.4319,32.6281],[36.4528,32.63],[36.459,32.6341],[36.464,32.6426],[36.4648,32.6499],[36.464,32.6586],[36.456,32.6655],[36.442,32.6733],[36.4292,32.6773],[36.412,32.6833],[36.4026,32.6852],[36.3955,32.6919],[36.393,32.6974],[36.391,32.6966],[36.3803,32.6965],[36.3725,32.7037],[36.3665,32.7042],[36.3611,32.7066],[36.358,32.71],[36.3636,32.7172],[36.3713,32.7284],[36.3753,32.7442],[36.3827,32.746],[36.3867,32.7461],[36.3913,32.7459],[36.3927,32.7477],[36.3887,32.777],[36.3823,32.7871],[36.3813,32.7942],[36.3758,32.8269],[36.3722,32.8544],[36.3713,32.8669],[36.3714,32.8691],[36.3728,32.8856],[36.3746,32.8962],[36.382,32.916],[36.3812,32.9234],[36.3763,32.9421],[36.3856,32.9538],[36.3941,32.9627],[36.4037,32.9706],[36.42,32.9845],[36.4284,32.9885],[36.4659,32.9973],[36.4851,32.9998],[36.5059,33.0009],[36.5341,33.0054],[36.5404,33.0092],[36.5452,33.0125],[36.5545,33.0167],[36.5551,33.0196],[36.554,33.0236],[36.5528,33.0266],[36.5505,33.0296],[36.5416,33.0387],[36.5394,33.042],[36.5349,33.0538],[36.5311,33.0556],[36.5274,33.0559],[36.5229,33.0555],[36.5184,33.0573],[36.5179,33.0577],[36.5119,33.0686],[36.5008,33.0879],[36.4924,33.1053],[36.4914,33.1174],[36.4922,33.1275],[36.4978,33.1564],[36.5006,33.1636],[36.5036,33.1673],[36.5149,33.1748],[36.5238,33.1789],[36.542,33.1798],[36.548,33.1806],[36.5723,33.1827],[36.5699,33.191]]]}},{"type":"Feature","properties":{"province_name":"Dayr Az Zawr","ADM1_AR":"دير الزور","ADM1_EN":"Deir-ez-Zor","ADM1_PCODE":"SY09","Name":"Deir-ez-Zor","adm1_name":"Deir-ez-Zor","adm1_name1":"دير الزور","adm1_name2":null,"adm1_name3":null,"adm1_pcode":"SY09","adm0_name":"Syrian Arab Republic","adm0_name1":"الجمهورية العربية السورية","adm0_name2":null,"adm0_name3":null,"adm0_pcode":"SY","valid_on":"2020-12-17","valid_to":null,"area_sqkm":25157.6329,"version":"v02","lang":"en","lang1":"ar","lang2":null,"lang3":null,"adm1_ref_name":"Deir-ez-Zor","center_lat":35.201,"center_lon":40.2951},"geometry":{"type":"Polygon","coordinates":[[[40.3644,35.9384],[40.3459,35.9469],[40.3224,35.9528],[40.3139,35.9586],[40.2942,35.9671],[40.2856,35.9703],[40.2686,35.9799],[40.2595,35.9844],[40.2498,35.9937],[40.2389,36.005],[40.2349,36.022],[40.2333,36.0257],[40.2001,36.0289],[40.1864,36.0369],[40.165,36.0517],[40.1536,36.06],[40.1417,36.0656],[40.1235,36.074],[40.1075,36.0812],[40.099,36.0863],[40.0915,36.1072],[40.0881,36.1194],[40.0765,36.1363],[40.0667,36.1452],[40.0551,36.1512],[40.0336,36.165],[40.0215,36.1732],[40.0064,36.1818],[40.0114,36.1923],[40.0022,36.2094],[39.9899,36.2165],[39.9556,36.2338],[39.9442,36.2453],[39.8991,36.3358],[39.8944,36.3382],[39.8957,36.3065],[39.8989,36.2695],[39.8951,36.2507],[39.8935,36.2449],[39.8946,36.24],[39.8903,36.2354],[39.8889,36.2293],[39.8841,36.2247],[39.8801,36.2153],[39.8742,36.2129],[39.8691,36.2129],[39.8637,36.2094],[39.8543,36.1882],[39.8428,36.1796],[39.8426,36.1729],[39.8353,36.1627],[39.8348,36.1584],[39.8294,36.1506],[39.831,36.1463],[39.8348,36.1462],[39.8366,36.1382],[39.8399,36.1362],[39.8431,36.1313],[39.8388,36.1264],[39.838,36.1197],[39.834,36.1192],[39.8275,36.1112],[39.8171,36.109],[39.8098,36.0966],[39.7999,36.0862],[39.8007,36.0819],[39.7972,36.0765],[39.7948,36.0704],[39.7843,36.0631],[39.78,36.0497],[39.7758,36.0495],[39.7736,36.0459],[39.7677,36.0427],[39.765,36.0398],[39.7639,36.0357],[39.7596,36.0339],[39.7527,36.0328],[39.7465,36.0325],[39.7422,36.0266],[39.7408,36.0202],[39.7424,36.0159],[39.7341,36.0113],[39.7272,36.0094],[39.7237,36.0025],[39.717,35.9995],[39.7137,35.9941],[39.7033,35.989],[39.6984,35.9692],[39.7076,35.955],[39.7014,35.9297],[39.7038,35.8259],[39.6976,35.7763],[39.7004,35.7747],[39.7005,35.7702],[39.6945,35.7686],[39.6846,35.7766],[39.6576,35.7756],[39.6514,35.7702],[39.6429,35.762],[39.6402,35.7526],[39.6357,35.7476],[39.6144,35.7221],[39.599,35.7043],[39.5809,35.684],[39.4851,35.5677],[39.4714,35.5531],[39.2682,35.306],[39.2449,35.278],[39.2974,35.2509],[39.3697,35.1977],[39.4164,35.1624],[39.4676,35.0947],[39.5751,34.9496],[39.5996,34.918],[40.2195,34.1296],[40.265,34.068],[40.9977,34.4131],[41.0124,34.4199],[41.0172,34.4395],[41.0192,34.4427],[41.0271,34.4467],[41.033,34.4521],[41.1395,34.6641],[41.2345,34.7772],[41.2377,34.785],[41.2296,34.8601],[41.2296,34.9378],[41.2181,35.1322],[41.2253,35.2042],[41.2333,35.248],[41.2424,35.2855],[41.2749,35.3849],[41.2826,35.4862],[41.2886,35.4939],[41.2775,35.4999],[41.2092,35.5384],[41.1481,35.5435],[41.1098,35.5471],[41.0728,35.5489],[41.0258,35.5513],[41.0115,35.5503],[40.971,35.5494],[40.9283,35.5638],[40.8611,35.5875],[40.7679,35.6131],[40.7521,35.6172],[40.7449,35.6225],[40.7352,35.6281],[40.7308,35.6335],[40.7229,35.6401],[40.7064,35.6475],[40.6932,35.6526],[40.6612,35.674],[40.6494,35.6833],[40.6336,35.6946],[40.618,35.7114],[40.5784,35.7384],[40.5531,35.7578],[40.5382,35.7715],[40.5256,35.7778],[40.5012,35.7886],[40.4864,35.8026],[40.4753,35.8116],[40.4471,35.8373],[40.4254,35.8546],[40.4181,35.8632],[40.4159,35.8629],[40.4043,35.8746],[40.3942,35.8841],[40.3894,35.8964],[40.383,35.9054],[40.3809,35.9123],[40.3761,35.924],[40.3644,35.9384]]]}},{"type":"Feature","properties":{"province_name":"Hamah","ADM1_AR":"حماة","ADM1_EN":"Hama","ADM1_PCODE":"SY05","Name":"Hama","adm1_name":"Hama","adm1_name1":"حماة","adm1_name2":null,"adm1_name3":null,"adm1_pcode":"SY05","adm0_name":"Syrian Arab Republic","adm0_name1":"الجمهورية العربية السورية","adm0_name2":null,"adm0_name3":null,"adm0_pcode":"SY","valid_on":"2020-12-17","valid_to":null,"area_sqkm":11094.8423,"version":"v02","lang":"en","lang1":"ar","lang2":null,"lang3":null,"adm1_ref_name":"Hama","center_lat":35.3098,"center_lon":37.3427},"geometry":{"type":"Polygon","coordinates":[[[36.3409,35.7468],[36.3392,35.7499],[36.3325,35.7582],[36.3281,35.761],[36.3229,35.7621],[36.3197,35.7621],[36.3166,35.7601],[36.3156,35.7574],[36.3155,35.7537],[36.3141,35.7468],[36.3117,35.7462],[36.3065,35.7485],[36.3027,35.7507],[36.3003,35.7508],[36.2938,35.752],[36.2918,35.751],[36.2903,35.7507],[36.2886,35.7501],[36.287,35.748],[36.2828,35.7468],[36.2791,35.7445],[36.2704,35.7455],[36.2623,35.749],[36.2568,35.7499],[36.2294,35.7518],[36.2324,35.7416],[36.2346,35.7386],[36.2435,35.7343],[36.246,35.7319],[36.2493,35.7293],[36.2493,35.7281],[36.2587,35.7201],[36.2592,35.7174],[36.257,35.7147],[36.2531,35.7182],[36.2518,35.7177],[36.2496,35.7154],[36.2516,35.7109],[36.2515,35.7101],[36.2522,35.7093],[36.252,35.7077],[36.2528,35.7054],[36.2523,35.7042],[36.2508,35.7036],[36.2502,35.7036],[36.2495,35.7027],[36.2473,35.701],[36.2456,35.6928],[36.2508,35.6878],[36.2492,35.679],[36.2494,35.6761],[36.2463,35.6719],[36.244,35.6706],[36.243,35.6719],[36.2437,35.6728],[36.2441,35.6748],[36.2454,35.6755],[36.2456,35.6764],[36.2461,35.6765],[36.2462,35.6763],[36.2469,35.6759],[36.2474,35.676],[36.247,35.6775],[36.2478,35.6776],[36.2474,35.6788],[36.2469,35.679],[36.2458,35.6781],[36.2441,35.6783],[36.2443,35.6788],[36.244,35.6798],[36.2438,35.6799],[36.2433,35.6811],[36.2425,35.6823],[36.2427,35.6829],[36.2442,35.6831],[36.2449,35.6825],[36.246,35.6832],[36.2436,35.6856],[36.2413,35.6854],[36.241,35.684],[36.2428,35.6799],[36.2411,35.6799],[36.2406,35.6819],[36.2399,35.6817],[36.2393,35.6803],[36.2388,35.6796],[36.2381,35.6779],[36.2381,35.6772],[36.2397,35.676],[36.24,35.6745],[36.2392,35.672],[36.2385,35.6717],[36.2379,35.6718],[36.2378,35.6723],[36.2372,35.6725],[36.2368,35.6729],[36.2343,35.6713],[36.2333,35.669],[36.2281,35.6691],[36.2191,35.6711],[36.2193,35.6713],[36.219,35.6718],[36.2194,35.6727],[36.2191,35.6732],[36.2179,35.6733],[36.2178,35.6735],[36.2174,35.6736],[36.2173,35.6735],[36.2166,35.6736],[36.2153,35.6753],[36.2138,35.6763],[36.2144,35.6772],[36.2107,35.6812],[36.2105,35.6815],[36.2052,35.667],[36.2052,35.6653],[36.2102,35.6628],[36.2168,35.6581],[36.2164,35.6565],[36.215,35.6557],[36.2135,35.6553],[36.2135,35.6528],[36.2155,35.6509],[36.2164,35.6495],[36.2163,35.6492],[36.2167,35.6492],[36.2171,35.6487],[36.2226,35.6487],[36.2239,35.6415],[36.2208,35.6307],[36.2189,35.6265],[36.2159,35.6264],[36.216,35.6092],[36.2246,35.6014],[36.2249,35.5979],[36.2273,35.5876],[36.2298,35.5875],[36.2293,35.5854],[36.2279,35.5836],[36.2287,35.5793],[36.2283,35.5735],[36.221,35.5676],[36.2211,35.552],[36.2223,35.5102],[36.221,35.5073],[36.2227,35.4801],[36.2233,35.4765],[36.2213,35.4752],[36.2221,35.4671],[36.2167,35.4671],[36.2153,35.4625],[36.2153,35.4595],[36.2177,35.4581],[36.2192,35.4564],[36.2194,35.4543],[36.2092,35.4478],[36.2079,35.4431],[36.2097,35.4423],[36.2079,35.4406],[36.2099,35.4379],[36.2101,35.435],[36.2088,35.4335],[36.2063,35.4268],[36.2056,35.423],[36.2056,35.419],[36.2067,35.416],[36.2078,35.4123],[36.2082,35.4101],[36.2089,35.4088],[36.2107,35.4083],[36.2126,35.4048],[36.2146,35.3997],[36.2151,35.3973],[36.2294,35.3793],[36.2342,35.3752],[36.2269,35.3612],[36.2272,35.358],[36.2289,35.3539],[36.2296,35.3504],[36.2354,35.3432],[36.2363,35.3412],[36.2374,35.3399],[36.2363,35.3381],[36.2364,35.3371],[36.2378,35.3352],[36.2307,35.3344],[36.2303,35.3254],[36.2326,35.3178],[36.2376,35.3077],[36.2343,35.2983],[36.2353,35.2887],[36.232,35.2814],[36.232,35.2733],[36.2301,35.2662],[36.2264,35.254],[36.2297,35.2537],[36.2365,35.2509],[36.2413,35.2475],[36.2441,35.2438],[36.2447,35.2391],[36.244,35.2305],[36.2455,35.2256],[36.2482,35.2202],[36.2503,35.2185],[36.2538,35.2143],[36.255,35.2119],[36.2548,35.2097],[36.2549,35.2059],[36.2546,35.199],[36.2537,35.1967],[36.2553,35.1923],[36.2559,35.1872],[36.2555,35.1827],[36.2569,35.1806],[36.2578,35.1756],[36.2606,35.1678],[36.2608,35.1639],[36.2627,35.1584],[36.2633,35.1567],[36.2662,35.1525],[36.2666,35.1486],[36.2672,35.1447],[36.2663,35.1414],[36.2663,35.1395],[36.2701,35.132],[36.2717,35.1304],[36.2729,35.1273],[36.2714,35.1235],[36.2701,35.1208],[36.2689,35.1163],[36.27,35.1133],[36.2723,35.1107],[36.2723,35.1096],[36.2704,35.1069],[36.2668,35.1042],[36.2644,35.1008],[36.2653,35.0853],[36.2644,35.0834],[36.2623,35.0823],[36.2602,35.0821],[36.2564,35.0813],[36.249,35.0785],[36.2475,35.0755],[36.2476,35.0721],[36.2486,35.07],[36.2516,35.0683],[36.2531,35.0683],[36.2541,35.0666],[36.2481,35.0506],[36.2442,35.0384],[36.2428,35.0353],[36.2416,35.0286],[36.2376,35.0265],[36.2248,35.0253],[36.2,35.0239],[36.1938,35.0187],[36.1927,35.0182],[36.183,35.012],[36.1662,35.0069],[36.1593,35.0052],[36.157,35.0036],[36.1544,34.9974],[36.1519,34.9881],[36.15,34.9828],[36.1477,34.9807],[36.1405,34.9795],[36.137,34.9787],[36.1377,34.9722],[36.1456,34.9728],[36.154,34.9754],[36.1625,34.9792],[36.1705,34.983],[36.1731,34.9845],[36.175,34.9848],[36.1787,34.9849],[36.1823,34.986],[36.1873,34.9866],[36.1921,34.9858],[36.199,34.9842],[36.2046,34.9816],[36.2109,34.9797],[36.2164,34.979],[36.2206,34.9788],[36.2239,34.9783],[36.2381,34.9775],[36.2459,34.9721],[36.2516,34.9655],[36.2555,34.9626],[36.2614,34.9587],[36.2657,34.9538],[36.269,34.9485],[36.2702,34.9386],[36.27,34.9336],[36.2689,34.9308],[36.2691,34.9277],[36.2676,34.9255],[36.2652,34.9228],[36.2648,34.921],[36.266,34.9192],[36.27,34.9192],[36.2748,34.919],[36.2777,34.9185],[36.2814,34.9171],[36.2837,34.9145],[36.2976,34.918],[36.2983,34.9159],[36.2994,34.9163],[36.3004,34.9159],[36.301,34.9162],[36.3018,34.9159],[36.301,34.9126],[36.3008,34.9112],[36.3004,34.9102],[36.2995,34.9095],[36.299,34.9087],[36.2996,34.9077],[36.3007,34.9075],[36.3008,34.9069],[36.3015,34.9065],[36.3038,34.9062],[36.3044,34.9059],[36.3053,34.9061],[36.3061,34.9058],[36.3067,34.9059],[36.3068,34.9055],[36.3087,34.9037],[36.3088,34.9025],[36.3093,34.9012],[36.3099,34.9008],[36.3106,34.8998],[36.3115,34.8999],[36.3124,34.8996],[36.3126,34.8994],[36.3123,34.8992],[36.3127,34.8985],[36.3133,34.8987],[36.3147,34.8983],[36.3147,34.8982],[36.3144,34.8981],[36.3141,34.8974],[36.3137,34.8974],[36.3135,34.8969],[36.3145,34.8959],[36.3154,34.8957],[36.316,34.8961],[36.3166,34.8961],[36.3169,34.8965],[36.3162,34.8969],[36.3163,34.8972],[36.3168,34.8976],[36.3172,34.8977],[36.318,34.8973],[36.3179,34.8972],[36.3176,34.8973],[36.3172,34.897],[36.3177,34.897],[36.3175,34.8961],[36.3186,34.8953],[36.3186,34.8951],[36.3177,34.8947],[36.3178,34.8946],[36.3188,34.8943],[36.32,34.8937],[36.3207,34.8939],[36.3225,34.894],[36.3228,34.8945],[36.3231,34.8956],[36.3246,34.8957],[36.325,34.8952],[36.3251,34.894],[36.3242,34.8925],[36.3239,34.8916],[36.3235,34.8914],[36.3225,34.8915],[36.3221,34.8911],[36.3219,34.8909],[36.3219,34.8902],[36.3227,34.89],[36.3221,34.8893],[36.3224,34.8884],[36.3213,34.8874],[36.321,34.8864],[36.3219,34.8863],[36.3219,34.8857],[36.3246,34.8851],[36.325,34.8852],[36.3253,34.8862],[36.325,34.8865],[36.3253,34.8871],[36.3262,34.8866],[36.3269,34.8868],[36.327,34.8874],[36.3273,34.8874],[36.3279,34.8883],[36.3276,34.8884],[36.3284,34.8897],[36.3285,34.8898],[36.3293,34.8894],[36.33,34.89],[36.3305,34.8896],[36.331,34.8889],[36.3302,34.8884],[36.3297,34.8886],[36.3294,34.8884],[36.3294,34.8876],[36.3302,34.8873],[36.3303,34.8868],[36.3298,34.8868],[36.3301,34.8861],[36.3304,34.8857],[36.3315,34.8855],[36.332,34.886],[36.3323,34.8859],[36.3323,34.8855],[36.3398,34.8744],[36.3397,34.8729],[36.3394,34.872],[36.3388,34.8715],[36.3376,34.8694],[36.3374,34.8678],[36.3385,34.8632],[36.341,34.8619],[36.3411,34.861],[36.3419,34.86],[36.3419,34.8596],[36.3427,34.8568],[36.3445,34.857],[36.3455,34.8567],[36.349,34.8565],[36.3532,34.858],[36.3531,34.8584],[36.3542,34.8601],[36.3562,34.8605],[36.3589,34.8633],[36.3604,34.868],[36.3609,34.8685],[36.3607,34.8695],[36.3614,34.8705],[36.3626,34.8727],[36.3641,34.8742],[36.3657,34.875],[36.3759,34.8697],[36.3812,34.8666],[36.3822,34.8635],[36.3822,34.862],[36.3815,34.8601],[36.3813,34.8571],[36.3815,34.857],[36.3818,34.8555],[36.3822,34.8554],[36.3823,34.8551],[36.3837,34.8549],[36.387,34.8562],[36.389,34.8568],[36.3891,34.8571],[36.3943,34.8587],[36.3976,34.8588],[36.3977,34.8583],[36.3985,34.8573],[36.3993,34.8574],[36.4009,34.8583],[36.4008,34.8585],[36.4011,34.8587],[36.4015,34.8587],[36.4022,34.8593],[36.4029,34.8595],[36.4035,34.86],[36.4036,34.8602],[36.404,34.8603],[36.4045,34.8606],[36.4052,34.8609],[36.4056,34.8613],[36.4062,34.8614],[36.4066,34.8621],[36.4073,34.8622],[36.4078,34.8627],[36.4078,34.8629],[36.4081,34.8631],[36.4083,34.8638],[36.4094,34.865],[36.4101,34.8655],[36.4102,34.8659],[36.4109,34.8662],[36.4114,34.8661],[36.4114,34.8666],[36.4121,34.867],[36.4124,34.8675],[36.4127,34.8676],[36.4132,34.868],[36.4138,34.8678],[36.4145,34.8683],[36.4148,34.8677],[36.4156,34.8682],[36.4171,34.8686],[36.4179,34.8687],[36.4182,34.8685],[36.4198,34.8691],[36.4203,34.8697],[36.4209,34.8699],[36.4214,34.8706],[36.4226,34.8712],[36.4234,34.8723],[36.4248,34.8726],[36.4246,34.8731],[36.4263,34.8733],[36.4267,34.8723],[36.4274,34.8727],[36.4276,34.8723],[36.4279,34.8707],[36.4299,34.8715],[36.4316,34.8717],[36.4319,34.8715],[36.4327,34.8715],[36.4349,34.8722],[36.4349,34.8725],[36.4354,34.8728],[36.436,34.8724],[36.437,34.8721],[36.4376,34.872],[36.4384,34.8721],[36.4397,34.8727],[36.44,34.8738],[36.4426,34.874],[36.4429,34.8744],[36.444,34.8748],[36.4444,34.8752],[36.4445,34.8755],[36.4461,34.876],[36.4468,34.876],[36.4477,34.8761],[36.4479,34.8763],[36.4504,34.8765],[36.4513,34.8773],[36.4519,34.8776],[36.4538,34.8775],[36.4556,34.8784],[36.4562,34.8791],[36.457,34.8795],[36.458,34.8798],[36.4584,34.8805],[36.4594,34.8807],[36.46,34.8811],[36.4621,34.8811],[36.4627,34.8819],[36.4637,34.8828],[36.4644,34.8829],[36.4665,34.8823],[36.4675,34.8941],[36.4674,34.8962],[36.4671,34.898],[36.4661,34.8979],[36.4657,34.8989],[36.4633,34.8993],[36.4628,34.902],[36.4631,34.9031],[36.4617,34.9061],[36.4609,34.9096],[36.4607,34.9108],[36.4615,34.9113],[36.461,34.9124],[36.461,34.9146],[36.4612,34.9148],[36.4603,34.9163],[36.4603,34.918],[36.4607,34.9189],[36.4605,34.9194],[36.4607,34.9201],[36.4616,34.9198],[36.4657,34.9195],[36.471,34.9197],[36.4719,34.92],[36.4745,34.9203],[36.4776,34.9211],[36.4833,34.9236],[36.4868,34.9243],[36.4856,34.9301],[36.4866,34.9303],[36.4861,34.9322],[36.487,34.9324],[36.4849,34.9394],[36.488,34.9422],[36.4903,34.9436],[36.4956,34.9459],[36.4972,34.9464],[36.4983,34.9466],[36.4983,34.9467],[36.4997,34.9469],[36.5004,34.9477],[36.5035,34.9492],[36.504,34.9496],[36.5044,34.9498],[36.5042,34.9502],[36.5052,34.9507],[36.5056,34.9507],[36.5061,34.951],[36.5063,34.9514],[36.5061,34.9524],[36.5062,34.9525],[36.5085,34.9529],[36.5093,34.9528],[36.511,34.9522],[36.5116,34.9527],[36.5119,34.9528],[36.5125,34.9526],[36.5132,34.9531],[36.5136,34.9529],[36.5153,34.9532],[36.5158,34.953],[36.516,34.9534],[36.5162,34.9533],[36.517,34.9536],[36.5176,34.9534],[36.5182,34.9537],[36.5197,34.9535],[36.5213,34.9538],[36.5217,34.954],[36.5219,34.9539],[36.5239,34.9543],[36.5248,34.9536],[36.5246,34.9532],[36.5251,34.9526],[36.5258,34.9526],[36.5261,34.9521],[36.5286,34.9506],[36.5294,34.9499],[36.5302,34.9498],[36.5332,34.949],[36.5359,34.9407],[36.5198,34.9319],[36.5179,34.9234],[36.5204,34.9243],[36.5324,34.9238],[36.5325,34.923],[36.5403,34.9234],[36.544,34.9147],[36.5508,34.9131],[36.5517,34.9117],[36.5525,34.9094],[36.5515,34.9001],[36.5554,34.899],[36.5587,34.8954],[36.5566,34.8942],[36.5568,34.8925],[36.5621,34.8937],[36.5639,34.8952],[36.5681,34.8967],[36.5723,34.9009],[36.5746,34.9117],[36.5723,34.9166],[36.5731,34.918],[36.5729,34.9198],[36.5859,34.9218],[36.5859,34.9236],[36.5969,34.9272],[36.5978,34.9245],[36.6027,34.9247],[36.6041,34.9246],[36.6041,34.9221],[36.6064,34.9223],[36.6063,34.9192],[36.6065,34.917],[36.6088,34.9172],[36.6087,34.9159],[36.609,34.9123],[36.6015,34.9117],[36.6018,34.9102],[36.5981,34.9097],[36.5981,34.9079],[36.6012,34.9072],[36.6025,34.9049],[36.6025,34.9037],[36.6036,34.9038],[36.6047,34.9053],[36.6086,34.9045],[36.6114,34.9046],[36.611,34.9086],[36.6137,34.9085],[36.6137,34.9081],[36.621,34.9088],[36.624,34.9093],[36.6262,34.9094],[36.6264,34.9085],[36.6277,34.9064],[36.6286,34.9061],[36.6299,34.9048],[36.6302,34.9032],[36.6341,34.9018],[36.6477,34.9042],[36.6545,34.9044],[36.6585,34.9057],[36.6585,34.9076],[36.66,34.9126],[36.6666,34.9145],[36.6705,34.9196],[36.6739,34.9208],[36.6769,34.9252],[36.6881,34.9347],[36.6911,34.9365],[36.6963,34.9381],[36.6987,34.9376],[36.7046,34.9354],[36.7083,34.9355],[36.712,34.9372],[36.7155,34.94],[36.717,34.9417],[36.719,34.9451],[36.7202,34.9462],[36.7222,34.9466],[36.7239,34.9464],[36.7284,34.9447],[36.7338,34.9431],[36.7347,34.9426],[36.7349,34.9418],[36.7343,34.9362],[36.7349,34.935],[36.7355,34.9333],[36.7361,34.9323],[36.7361,34.9316],[36.7364,34.9314],[36.738,34.9313],[36.74,34.9322],[36.7425,34.9328],[36.7427,34.933],[36.743,34.9355],[36.7429,34.9381],[36.7426,34.9395],[36.7432,34.94],[36.7461,34.9409],[36.7471,34.9408],[36.7499,34.941],[36.7504,34.9409],[36.7515,34.9399],[36.7518,34.9386],[36.7514,34.9366],[36.7512,34.9353],[36.7526,34.934],[36.7532,34.9338],[36.7542,34.9338],[36.7555,34.9341],[36.7594,34.9343],[36.7599,34.9344],[36.7603,34.9349],[36.7603,34.9352],[36.7608,34.9354],[36.7632,34.9374],[36.7666,34.9468],[36.7712,34.9495],[36.7796,34.9488],[36.782,34.9494],[36.785,34.9457],[36.7858,34.9453],[36.7867,34.9458],[36.7896,34.9458],[36.7918,34.9451],[36.7931,34.9457],[36.7928,34.943],[36.795,34.9429],[36.7969,34.9432],[36.7993,34.9449],[36.8017,34.9458],[36.8069,34.9475],[36.8154,34.9498],[36.814,34.9552],[36.8131,34.957],[36.814,34.9584],[36.817,34.9593],[36.8203,34.9578],[36.8223,34.9562],[36.8227,34.9579],[36.8249,34.9588],[36.8274,34.9566],[36.8317,34.9577],[36.8498,34.9704],[36.8544,34.9685],[36.8671,34.9728],[36.8699,34.9693],[36.8844,34.9708],[36.8859,34.9715],[36.8869,34.9717],[36.8906,34.9735],[36.8916,34.9736],[36.893,34.9748],[36.8974,34.9772],[36.8985,34.9777],[36.9011,34.9782],[36.9063,34.9779],[36.9089,34.9776],[36.9099,34.9763],[36.9131,34.9757],[36.9151,34.972],[36.9189,34.9695],[36.9206,34.969],[36.9233,34.9668],[36.9244,34.9653],[36.9261,34.9641],[36.9398,34.9501],[36.9437,34.9408],[36.9578,34.9278],[36.963,34.9282],[36.9705,34.9273],[36.9708,34.9254],[36.9761,34.9118],[36.9702,34.8834],[36.9866,34.875],[36.9937,34.867],[36.9954,34.8634],[37.0147,34.8653],[37.0296,34.876],[37.0585,34.8946],[37.0777,34.9044],[37.0812,34.9064],[37.0905,34.9096],[37.1014,34.9111],[37.1114,34.9088],[37.1138,34.9132],[37.1303,34.9181],[37.133,34.9187],[37.1401,34.9184],[37.1482,34.9185],[37.1523,34.9103],[37.1576,34.9084],[37.1723,34.9209],[37.1754,34.9308],[37.1763,34.9318],[37.1768,34.9328],[37.1804,34.9327],[37.1821,34.9335],[37.1836,34.9353],[37.1862,34.9373],[37.1909,34.9382],[37.2073,34.9326],[37.2156,34.9359],[37.2186,34.9356],[37.2219,34.9341],[37.2238,34.9316],[37.2276,34.9296],[37.2288,34.9274],[37.2297,34.9264],[37.2319,34.9193],[37.2327,34.9157],[37.2333,34.9137],[37.2348,34.9121],[37.2557,34.92],[37.2671,34.9184],[37.2697,34.9166],[37.2827,34.9142],[37.2862,34.9216],[37.2872,34.9269],[37.2905,34.9364],[37.2929,34.937],[37.3026,34.9389],[37.3053,34.9398],[37.3077,34.9402],[37.3068,34.941],[37.3042,34.9443],[37.3037,34.9466],[37.3028,34.9492],[37.3025,34.9517],[37.3032,34.9534],[37.3039,34.9543],[37.305,34.9547],[37.3087,34.9576],[37.3101,34.9584],[37.3149,34.9593],[37.3231,34.9597],[37.3275,34.9597],[37.3275,34.9612],[37.3279,34.9624],[37.3366,34.9728],[37.3404,34.9748],[37.3522,34.9773],[37.3548,34.9775],[37.3562,34.9777],[37.3576,34.9766],[37.3578,34.9766],[37.3838,34.9749],[37.3855,34.9788],[37.3864,34.9798],[37.3888,34.9779],[37.3917,34.9775],[37.4003,34.9748],[37.4035,34.9742],[37.4049,34.9733],[37.4087,34.9738],[37.4165,34.9765],[37.4205,34.9765],[37.4263,34.9753],[37.4316,34.9746],[37.4337,34.9737],[37.4404,34.9747],[37.448,34.9744],[37.4633,34.9733],[37.4665,34.9733],[37.4697,34.9726],[37.4717,34.9731],[37.4742,34.9721],[37.4895,34.9691],[37.4923,34.9674],[37.4948,34.9654],[37.4964,34.9635],[37.4963,34.9626],[37.4953,34.9612],[37.4974,34.9558],[37.4986,34.9534],[37.5053,34.9532],[37.5179,34.9541],[37.5218,34.9536],[37.5441,34.9368],[37.5845,34.9543],[37.6415,34.9708],[37.6889,35.03],[37.7028,35.0606],[37.7125,35.0913],[37.7518,35.0989],[37.7563,35.0993],[37.7629,35.0995],[37.7668,35.0994],[37.7711,35.1007],[37.7837,35.1027],[37.7877,35.1036],[37.807,35.1044],[37.813,35.1009],[37.8216,35.0925],[37.8387,35.0802],[37.8542,35.0713],[37.8682,35.0679],[37.8865,35.0595],[37.9021,35.0423],[37.9046,35.039],[37.9086,35.02],[37.9099,35.004],[37.9178,34.9885],[37.9224,34.9882],[37.9549,34.9734],[37.9766,34.9584],[37.9981,34.942],[38.0126,34.9297],[38.0463,34.8902],[38.0573,34.882],[38.0673,34.888],[38.0901,34.9079],[38.0997,34.9223],[38.1063,34.9383],[38.1343,34.984],[38.1608,35.0055],[38.1783,35.0135],[38.2505,35.0379],[38.2701,35.0423],[38.3178,35.0583],[38.3296,35.0619],[38.333,35.0646],[38.3347,35.0666],[38.3357,35.0674],[38.3414,35.0716],[38.3489,35.0797],[38.3497,35.085],[38.3404,35.0895],[38.3291,35.1012],[38.3223,35.1236],[38.3302,35.1399],[38.3389,35.1548],[38.3521,35.1624],[38.37,35.1708],[38.3792,35.1761],[38.3982,35.1899],[38.4263,35.2277],[38.4341,35.2441],[38.45,35.2939],[38.4425,35.3966],[38.3167,35.3954],[38.226,35.3809],[38.1759,35.3851],[38.0484,35.4171],[38.0307,35.4205],[37.9653,35.4322],[37.8755,35.4401],[37.8078,35.4428],[37.7859,35.4805],[37.732,35.4805],[37.7329,35.463],[37.6307,35.4614],[37.5992,35.461],[37.4988,35.4729],[37.4998,35.4751],[37.4989,35.48],[37.4981,35.4822],[37.4977,35.4839],[37.4981,35.4847],[37.496,35.4961],[37.4964,35.498],[37.4956,35.4988],[37.485,35.5187],[37.4427,35.5476],[37.4377,35.5491],[37.4341,35.55],[37.4319,35.551],[37.417,35.5556],[37.3831,35.5362],[37.3848,35.5318],[37.3855,35.5083],[37.368,35.5153],[37.3461,35.5069],[37.3368,35.5148],[37.3353,35.5159],[37.3324,35.5141],[37.3294,35.512],[37.3277,35.5118],[37.3271,35.5123],[37.3267,35.5139],[37.3261,35.5153],[37.3253,35.5161],[37.3228,35.5183],[37.3195,35.5201],[37.3181,35.5211],[37.3154,35.5234],[37.3139,35.524],[37.3186,35.5256],[37.32,35.5264],[37.3228,35.5274],[37.323,35.5305],[37.3246,35.5416],[37.3201,35.5415],[37.3132,35.5408],[37.3111,35.5403],[37.306,35.5399],[37.3037,35.5394],[37.3025,35.5409],[37.3003,35.5417],[37.3017,35.5431],[37.3008,35.5448],[37.3009,35.5468],[37.2985,35.5466],[37.2894,35.5412],[37.2875,35.5399],[37.2842,35.5393],[37.2832,35.5326],[37.2691,35.5331],[37.2606,35.5306],[37.2553,35.5323],[37.2504,35.5334],[37.2472,35.5381],[37.2458,35.5407],[37.2445,35.5438],[37.2425,35.5513],[37.2406,35.5547],[37.2341,35.5606],[37.2216,35.5587],[37.2195,35.5457],[37.2154,35.5442],[37.199,35.5462],[37.1958,35.5423],[37.1963,35.5359],[37.1953,35.5326],[37.1886,35.524],[37.1815,35.5173],[37.1728,35.5134],[37.1655,35.5129],[37.1636,35.511],[37.1612,35.5045],[37.1621,35.4989],[37.162,35.4952],[37.1615,35.4894],[37.1595,35.4856],[37.1584,35.4827],[37.1561,35.4777],[37.1493,35.4707],[37.1434,35.461],[37.143,35.4588],[37.122,35.4666],[37.1204,35.4691],[37.117,35.4719],[37.1043,35.4686],[37.1015,35.4585],[37.1035,35.4538],[37.1034,35.4514],[37.1027,35.4488],[37.1027,35.447],[37.1067,35.4419],[37.1045,35.4289],[37.089,35.4196],[37.0844,35.4162],[37.0835,35.4154],[37.0828,35.4147],[37.0816,35.4127],[37.0798,35.4109],[37.0757,35.4106],[37.0557,35.4098],[37.0524,35.4105],[37.0457,35.4093],[37.0451,35.4085],[37.0434,35.409],[37.0386,35.4085],[37.0363,35.409],[37.0353,35.4106],[37.0347,35.4118],[37.0243,35.4109],[37.0172,35.4123],[37.0158,35.4128],[37.0097,35.4272],[37.005,35.4316],[37.0006,35.4323],[36.9967,35.4314],[36.9951,35.4288],[36.9931,35.4236],[36.9904,35.4179],[36.9893,35.414],[36.9888,35.4131],[36.9854,35.4109],[36.9839,35.4102],[36.9822,35.4096],[36.979,35.4088],[36.9711,35.4057],[36.9675,35.404],[36.9631,35.4014],[36.9605,35.3988],[36.9595,35.3974],[36.9583,35.3962],[36.957,35.3953],[36.9561,35.3918],[36.955,35.3905],[36.9541,35.3889],[36.9537,35.3873],[36.9545,35.3843],[36.9538,35.3833],[36.9495,35.3813],[36.9482,35.3804],[36.9437,35.3811],[36.9413,35.381],[36.939,35.3818],[36.933,35.3828],[36.9298,35.3836],[36.927,35.3836],[36.9208,35.3832],[36.9167,35.383],[36.8956,35.3782],[36.8786,35.3825],[36.8792,35.3877],[36.8803,35.3908],[36.8796,35.3959],[36.8776,35.4023],[36.8754,35.4052],[36.8715,35.4068],[36.8684,35.4068],[36.8661,35.409],[36.8609,35.4121],[36.8492,35.4122],[36.8451,35.4121],[36.8416,35.4133],[36.8388,35.4135],[36.8306,35.4126],[36.8202,35.4111],[36.8143,35.4106],[36.807,35.4116],[36.7997,35.4129],[36.7959,35.414],[36.7945,35.4131],[36.7899,35.4077],[36.7457,35.4031],[36.7405,35.4032],[36.7381,35.4035],[36.7136,35.4042],[36.7106,35.4042],[36.7039,35.4028],[36.6962,35.403],[36.6904,35.404],[36.6803,35.4049],[36.6755,35.4051],[36.6731,35.4029],[36.6704,35.3995],[36.6613,35.3981],[36.6571,35.3962],[36.6559,35.3925],[36.6558,35.3903],[36.6524,35.3875],[36.6505,35.3849],[36.651,35.3799],[36.6474,35.379],[36.6417,35.3792],[36.6389,35.3774],[36.6391,35.378],[36.6392,35.3793],[36.6395,35.3954],[36.6249,35.4014],[36.6184,35.4022],[36.5957,35.4043],[36.5875,35.4034],[36.5891,35.4081],[36.5895,35.4167],[36.5886,35.4188],[36.5851,35.4211],[36.5812,35.4186],[36.5664,35.4148],[36.5549,35.4091],[36.5489,35.4084],[36.5385,35.4101],[36.5324,35.41],[36.526,35.4089],[36.5187,35.4083],[36.5164,35.4113],[36.5165,35.4137],[36.5171,35.416],[36.5239,35.4278],[36.5258,35.4324],[36.5252,35.4344],[36.5229,35.4344],[36.5194,35.4371],[36.5125,35.4408],[36.5084,35.4427],[36.5073,35.4481],[36.5067,35.4536],[36.5049,35.4545],[36.5022,35.455],[36.4997,35.455],[36.4964,35.4552],[36.495,35.456],[36.4945,35.4567],[36.49,35.4579],[36.4837,35.4602],[36.48,35.4611],[36.4751,35.4633],[36.4753,35.4649],[36.4771,35.4678],[36.4771,35.4691],[36.4761,35.4697],[36.4761,35.4703],[36.4751,35.4714],[36.4741,35.4756],[36.4695,35.4753],[36.4654,35.4754],[36.4568,35.4773],[36.4571,35.4796],[36.4589,35.4885],[36.4578,35.4918],[36.4586,35.5065],[36.4572,35.5082],[36.4511,35.5095],[36.4462,35.5166],[36.4464,35.5196],[36.4493,35.5253],[36.4474,35.5299],[36.4449,35.5347],[36.4428,35.5348],[36.4353,35.5301],[36.43,35.53],[36.4273,35.5345],[36.4251,35.5353],[36.4083,35.5356],[36.4043,35.5367],[36.3966,35.5378],[36.3938,35.54],[36.3932,35.5431],[36.3927,35.55],[36.3924,35.5595],[36.3952,35.5656],[36.3965,35.5695],[36.3942,35.5755],[36.394,35.5797],[36.3964,35.5827],[36.3988,35.5836],[36.3994,35.5868],[36.3997,35.5926],[36.4019,35.5963],[36.4076,35.5966],[36.4075,35.6011],[36.4055,35.606],[36.4,35.6064],[36.3968,35.6072],[36.3953,35.6121],[36.396,35.6265],[36.3973,35.6377],[36.3969,35.642],[36.3956,35.648],[36.3966,35.652],[36.3992,35.6553],[36.4021,35.6621],[36.4023,35.6647],[36.4007,35.6692],[36.3965,35.6702],[36.3899,35.6694],[36.3868,35.6702],[36.3861,35.673],[36.3873,35.6749],[36.406,35.6761],[36.4076,35.6788],[36.411,35.6912],[36.4102,35.7052],[36.3939,35.7208],[36.3938,35.7229],[36.3935,35.723],[36.3865,35.7232],[36.3809,35.7256],[36.3792,35.7245],[36.3781,35.7225],[36.3784,35.7204],[36.3774,35.7178],[36.375,35.717],[36.3684,35.7161],[36.3657,35.7176],[36.3655,35.7193],[36.3642,35.7213],[36.3615,35.7231],[36.3592,35.7219],[36.3532,35.7205],[36.3459,35.7195],[36.3436,35.721],[36.3421,35.723],[36.3407,35.7287],[36.3411,35.7355],[36.3469,35.7365],[36.3475,35.7394],[36.3458,35.7427],[36.3409,35.7468]]]}},{"type":"Feature","properties":{"province_name":"Homs","ADM1_AR":"حمص","ADM1_EN":"Homs","ADM1_PCODE":"SY04","Name":"Homs","adm1_name":"Homs","adm1_name1":"حمص","adm1_name2":null,"adm1_name3":null,"adm1_pcode":"SY04","adm0_name":"Syrian Arab Republic","adm0_name1":"الجمهورية العربية السورية","adm0_name2":null,"adm0_name3":null,"adm0_pcode":"SY","valid_on":"2020-12-17","valid_to":null,"area_sqkm":43231.355,"version":"v02","lang":"en","lang1":"ar","lang2":null,"lang3":null,"adm1_ref_name":"Homs","center_lat":34.4648,"center_lon":38.2093},"geometry":{"type":"Polygon","coordinates":[[[38.8713,35.3711],[38.8249,35.3756],[38.5753,35.3989],[38.4585,35.3971],[38.4425,35.3966],[38.45,35.2939],[38.4341,35.2441],[38.4263,35.2277],[38.3982,35.1899],[38.3792,35.1761],[38.37,35.1708],[38.3521,35.1624],[38.3389,35.1548],[38.3302,35.1399],[38.3223,35.1236],[38.3291,35.1012],[38.3404,35.0895],[38.3497,35.085],[38.3489,35.0797],[38.3414,35.0716],[38.3357,35.0674],[38.3347,35.0666],[38.333,35.0646],[38.3296,35.0619],[38.3178,35.0583],[38.2701,35.0423],[38.2505,35.0379],[38.1783,35.0135],[38.1608,35.0055],[38.1343,34.984],[38.1063,34.9383],[38.0997,34.9223],[38.0901,34.9079],[38.0673,34.888],[38.0573,34.882],[38.0463,34.8902],[38.0126,34.9297],[37.9981,34.942],[37.9766,34.9584],[37.9549,34.9734],[37.9224,34.9882],[37.9178,34.9885],[37.9099,35.004],[37.9086,35.02],[37.9046,35.039],[37.9021,35.0423],[37.8865,35.0595],[37.8682,35.0679],[37.8542,35.0713],[37.8387,35.0802],[37.8216,35.0925],[37.813,35.1009],[37.807,35.1044],[37.7877,35.1036],[37.7837,35.1027],[37.7711,35.1007],[37.7668,35.0994],[37.7629,35.0995],[37.7563,35.0993],[37.7518,35.0989],[37.7125,35.0913],[37.7028,35.0606],[37.6889,35.03],[37.6415,34.9708],[37.5845,34.9543],[37.5441,34.9368],[37.5218,34.9536],[37.5179,34.9541],[37.5053,34.9532],[37.4986,34.9534],[37.4974,34.9558],[37.4953,34.9612],[37.4963,34.9626],[37.4964,34.9635],[37.4948,34.9654],[37.4923,34.9674],[37.4895,34.9691],[37.4742,34.9721],[37.4717,34.9731],[37.4697,34.9726],[37.4665,34.9733],[37.4633,34.9733],[37.448,34.9744],[37.4404,34.9747],[37.4337,34.9737],[37.4316,34.9746],[37.4263,34.9753],[37.4205,34.9765],[37.4165,34.9765],[37.4087,34.9738],[37.4049,34.9733],[37.4035,34.9742],[37.4003,34.9748],[37.3917,34.9775],[37.3888,34.9779],[37.3864,34.9798],[37.3855,34.9788],[37.3838,34.9749],[37.3578,34.9766],[37.3576,34.9766],[37.3562,34.9777],[37.3548,34.9775],[37.3522,34.9773],[37.3404,34.9748],[37.3366,34.9728],[37.3279,34.9624],[37.3275,34.9612],[37.3275,34.9597],[37.3231,34.9597],[37.3149,34.9593],[37.3101,34.9584],[37.3087,34.9576],[37.305,34.9547],[37.3039,34.9543],[37.3032,34.9534],[37.3025,34.9517],[37.3028,34.9492],[37.3037,34.9466],[37.3042,34.9443],[37.3068,34.941],[37.3077,34.9402],[37.3053,34.9398],[37.3026,34.9389],[37.2929,34.937],[37.2905,34.9364],[37.2872,34.9269],[37.2862,34.9216],[37.2827,34.9142],[37.2697,34.9166],[37.2671,34.9184],[37.2557,34.92],[37.2348,34.9121],[37.2333,34.9137],[37.2327,34.9157],[37.2319,34.9193],[37.2297,34.9264],[37.2288,34.9274],[37.2276,34.9296],[37.2238,34.9316],[37.2219,34.9341],[37.2186,34.9356],[37.2156,34.9359],[37.2073,34.9326],[37.1909,34.9382],[37.1862,34.9373],[37.1836,34.9353],[37.1821,34.9335],[37.1804,34.9327],[37.1768,34.9328],[37.1763,34.9318],[37.1754,34.9308],[37.1723,34.9209],[37.1576,34.9084],[37.1523,34.9103],[37.1482,34.9185],[37.1401,34.9184],[37.133,34.9187],[37.1303,34.9181],[37.1138,34.9132],[37.1114,34.9088],[37.1014,34.9111],[37.0905,34.9096],[37.0812,34.9064],[37.0777,34.9044],[37.0585,34.8946],[37.0296,34.876],[37.0147,34.8653],[36.9954,34.8634],[36.9937,34.867],[36.9866,34.875],[36.9702,34.8834],[36.9761,34.9118],[36.9708,34.9254],[36.9705,34.9273],[36.963,34.9282],[36.9578,34.9278],[36.9437,34.9408],[36.9398,34.9501],[36.9261,34.9641],[36.9244,34.9653],[36.9233,34.9668],[36.9206,34.969],[36.9189,34.9695],[36.9151,34.972],[36.9131,34.9757],[36.9099,34.9763],[36.9089,34.9776],[36.9063,34.9779],[36.9011,34.9782],[36.8985,34.9777],[36.8974,34.9772],[36.893,34.9748],[36.8916,34.9736],[36.8906,34.9735],[36.8869,34.9717],[36.8859,34.9715],[36.8844,34.9708],[36.8699,34.9693],[36.8671,34.9728],[36.8544,34.9685],[36.8498,34.9704],[36.8317,34.9577],[36.8274,34.9566],[36.8249,34.9588],[36.8227,34.9579],[36.8223,34.9562],[36.8203,34.9578],[36.817,34.9593],[36.814,34.9584],[36.8131,34.957],[36.814,34.9552],[36.8154,34.9498],[36.8069,34.9475],[36.8017,34.9458],[36.7993,34.9449],[36.7969,34.9432],[36.795,34.9429],[36.7928,34.943],[36.7931,34.9457],[36.7918,34.9451],[36.7896,34.9458],[36.7867,34.9458],[36.7858,34.9453],[36.785,34.9457],[36.782,34.9494],[36.7796,34.9488],[36.7712,34.9495],[36.7666,34.9468],[36.7632,34.9374],[36.7608,34.9354],[36.7603,34.9352],[36.7603,34.9349],[36.7599,34.9344],[36.7594,34.9343],[36.7555,34.9341],[36.7542,34.9338],[36.7532,34.9338],[36.7526,34.934],[36.7512,34.9353],[36.7514,34.9366],[36.7518,34.9386],[36.7515,34.9399],[36.7504,34.9409],[36.7499,34.941],[36.7471,34.9408],[36.7461,34.9409],[36.7432,34.94],[36.7426,34.9395],[36.7429,34.9381],[36.743,34.9355],[36.7427,34.933],[36.7425,34.9328],[36.74,34.9322],[36.738,34.9313],[36.7364,34.9314],[36.7361,34.9316],[36.7361,34.9323],[36.7355,34.9333],[36.7349,34.935],[36.7343,34.9362],[36.7349,34.9418],[36.7347,34.9426],[36.7338,34.9431],[36.7284,34.9447],[36.7239,34.9464],[36.7222,34.9466],[36.7202,34.9462],[36.719,34.9451],[36.717,34.9417],[36.7155,34.94],[36.712,34.9372],[36.7083,34.9355],[36.7046,34.9354],[36.6987,34.9376],[36.6963,34.9381],[36.6911,34.9365],[36.6881,34.9347],[36.6769,34.9252],[36.6739,34.9208],[36.6705,34.9196],[36.6666,34.9145],[36.66,34.9126],[36.6585,34.9076],[36.6585,34.9057],[36.6545,34.9044],[36.6477,34.9042],[36.6341,34.9018],[36.6302,34.9032],[36.6299,34.9048],[36.6286,34.9061],[36.6277,34.9064],[36.6264,34.9085],[36.6262,34.9094],[36.624,34.9093],[36.621,34.9088],[36.6137,34.9081],[36.6137,34.9085],[36.611,34.9086],[36.6114,34.9046],[36.6086,34.9045],[36.6047,34.9053],[36.6036,34.9038],[36.6025,34.9037],[36.6025,34.9049],[36.6012,34.9072],[36.5981,34.9079],[36.5981,34.9097],[36.6018,34.9102],[36.6015,34.9117],[36.609,34.9123],[36.6087,34.9159],[36.6088,34.9172],[36.6065,34.917],[36.6063,34.9192],[36.6064,34.9223],[36.6041,34.9221],[36.6041,34.9246],[36.6027,34.9247],[36.5978,34.9245],[36.5969,34.9272],[36.5859,34.9236],[36.5859,34.9218],[36.5729,34.9198],[36.5731,34.918],[36.5723,34.9166],[36.5746,34.9117],[36.5723,34.9009],[36.5681,34.8967],[36.5639,34.8952],[36.5621,34.8937],[36.5568,34.8925],[36.5566,34.8942],[36.5587,34.8954],[36.5554,34.899],[36.5515,34.9001],[36.5525,34.9094],[36.5517,34.9117],[36.5508,34.9131],[36.544,34.9147],[36.5403,34.9234],[36.5325,34.923],[36.5324,34.9238],[36.5204,34.9243],[36.5179,34.9234],[36.5198,34.9319],[36.5359,34.9407],[36.5332,34.949],[36.5302,34.9498],[36.5294,34.9499],[36.5286,34.9506],[36.5261,34.9521],[36.5258,34.9526],[36.5251,34.9526],[36.5246,34.9532],[36.5248,34.9536],[36.5239,34.9543],[36.5219,34.9539],[36.5217,34.954],[36.5213,34.9538],[36.5197,34.9535],[36.5182,34.9537],[36.5176,34.9534],[36.517,34.9536],[36.5162,34.9533],[36.516,34.9534],[36.5158,34.953],[36.5153,34.9532],[36.5136,34.9529],[36.5132,34.9531],[36.5125,34.9526],[36.5119,34.9528],[36.5116,34.9527],[36.511,34.9522],[36.5093,34.9528],[36.5085,34.9529],[36.5062,34.9525],[36.5061,34.9524],[36.5063,34.9514],[36.5061,34.951],[36.5056,34.9507],[36.5052,34.9507],[36.5042,34.9502],[36.5044,34.9498],[36.504,34.9496],[36.5035,34.9492],[36.5004,34.9477],[36.4997,34.9469],[36.4983,34.9467],[36.4983,34.9466],[36.4972,34.9464],[36.4956,34.9459],[36.4903,34.9436],[36.488,34.9422],[36.4849,34.9394],[36.487,34.9324],[36.4861,34.9322],[36.4866,34.9303],[36.4856,34.9301],[36.4868,34.9243],[36.4833,34.9236],[36.4776,34.9211],[36.4745,34.9203],[36.4719,34.92],[36.471,34.9197],[36.4657,34.9195],[36.4616,34.9198],[36.4607,34.9201],[36.4605,34.9194],[36.4607,34.9189],[36.4603,34.918],[36.4603,34.9163],[36.4612,34.9148],[36.461,34.9146],[36.461,34.9124],[36.4615,34.9113],[36.4607,34.9108],[36.4609,34.9096],[36.4617,34.9061],[36.4631,34.9031],[36.4628,34.902],[36.4633,34.8993],[36.4657,34.8989],[36.4661,34.8979],[36.4671,34.898],[36.4674,34.8962],[36.4675,34.8941],[36.4665,34.8823],[36.4644,34.8829],[36.4637,34.8828],[36.4627,34.8819],[36.4621,34.8811],[36.46,34.8811],[36.4594,34.8807],[36.4584,34.8805],[36.458,34.8798],[36.457,34.8795],[36.4562,34.8791],[36.4556,34.8784],[36.4538,34.8775],[36.4519,34.8776],[36.4513,34.8773],[36.4504,34.8765],[36.4479,34.8763],[36.4477,34.8761],[36.4468,34.876],[36.4461,34.876],[36.4445,34.8755],[36.4444,34.8752],[36.444,34.8748],[36.4429,34.8744],[36.4426,34.874],[36.44,34.8738],[36.4397,34.8727],[36.4384,34.8721],[36.4376,34.872],[36.437,34.8721],[36.436,34.8724],[36.4354,34.8728],[36.4349,34.8725],[36.4349,34.8722],[36.4327,34.8715],[36.4319,34.8715],[36.4316,34.8717],[36.4299,34.8715],[36.4279,34.8707],[36.4276,34.8723],[36.4274,34.8727],[36.4267,34.8723],[36.4263,34.8733],[36.4246,34.8731],[36.4248,34.8726],[36.4234,34.8723],[36.4226,34.8712],[36.4214,34.8706],[36.4209,34.8699],[36.4203,34.8697],[36.4198,34.8691],[36.4182,34.8685],[36.4179,34.8687],[36.4171,34.8686],[36.4156,34.8682],[36.4148,34.8677],[36.4145,34.8683],[36.4138,34.8678],[36.4132,34.868],[36.4127,34.8676],[36.4124,34.8675],[36.4121,34.867],[36.4114,34.8666],[36.4114,34.8661],[36.4109,34.8662],[36.4102,34.8659],[36.4101,34.8655],[36.4094,34.865],[36.4083,34.8638],[36.4081,34.8631],[36.4078,34.8629],[36.4078,34.8627],[36.4073,34.8622],[36.4066,34.8621],[36.4062,34.8614],[36.4056,34.8613],[36.4052,34.8609],[36.4045,34.8606],[36.404,34.8603],[36.4036,34.8602],[36.4035,34.86],[36.4029,34.8595],[36.4022,34.8593],[36.4015,34.8587],[36.4011,34.8587],[36.4008,34.8585],[36.4009,34.8583],[36.3993,34.8574],[36.3985,34.8573],[36.3977,34.8583],[36.3976,34.8588],[36.3943,34.8587],[36.3891,34.8571],[36.389,34.8568],[36.387,34.8562],[36.3837,34.8549],[36.3823,34.8551],[36.3822,34.8554],[36.3818,34.8555],[36.3815,34.857],[36.3813,34.8571],[36.3815,34.8601],[36.3822,34.862],[36.3822,34.8635],[36.3812,34.8666],[36.3759,34.8697],[36.3657,34.875],[36.3641,34.8742],[36.3626,34.8727],[36.3614,34.8705],[36.3607,34.8695],[36.3609,34.8685],[36.3604,34.868],[36.3589,34.8633],[36.3562,34.8605],[36.3542,34.8601],[36.3531,34.8584],[36.3532,34.858],[36.349,34.8565],[36.3455,34.8567],[36.3445,34.857],[36.3427,34.8568],[36.3419,34.8596],[36.3419,34.86],[36.3411,34.861],[36.341,34.8619],[36.3385,34.8632],[36.3374,34.8678],[36.3376,34.8694],[36.3388,34.8715],[36.3394,34.872],[36.3397,34.8729],[36.3398,34.8744],[36.3323,34.8855],[36.3323,34.8859],[36.332,34.886],[36.3315,34.8855],[36.3304,34.8857],[36.3301,34.8861],[36.3298,34.8868],[36.3303,34.8868],[36.3302,34.8873],[36.3294,34.8876],[36.3294,34.8884],[36.3297,34.8886],[36.3302,34.8884],[36.331,34.8889],[36.3305,34.8896],[36.33,34.89],[36.3293,34.8894],[36.3285,34.8898],[36.3284,34.8897],[36.3276,34.8884],[36.3279,34.8883],[36.3273,34.8874],[36.327,34.8874],[36.3269,34.8868],[36.3262,34.8866],[36.3253,34.8871],[36.325,34.8865],[36.3253,34.8862],[36.325,34.8852],[36.3246,34.8851],[36.3219,34.8857],[36.3219,34.8863],[36.321,34.8864],[36.3213,34.8874],[36.3224,34.8884],[36.3221,34.8893],[36.3227,34.89],[36.3219,34.8902],[36.3219,34.8905],[36.3221,34.8911],[36.3225,34.8915],[36.3235,34.8914],[36.3239,34.8916],[36.3242,34.8925],[36.3251,34.894],[36.325,34.8952],[36.3246,34.8957],[36.3231,34.8956],[36.3228,34.8945],[36.3225,34.894],[36.3207,34.8939],[36.32,34.8937],[36.3188,34.8943],[36.3178,34.8946],[36.3177,34.8947],[36.3186,34.8951],[36.3186,34.8953],[36.3175,34.8961],[36.3177,34.897],[36.3172,34.897],[36.3176,34.8973],[36.3179,34.8972],[36.318,34.8973],[36.3172,34.8977],[36.3168,34.8976],[36.3163,34.8972],[36.3162,34.8969],[36.3169,34.8965],[36.3166,34.8961],[36.316,34.8961],[36.3154,34.8957],[36.3145,34.8959],[36.3135,34.8969],[36.3137,34.8974],[36.3141,34.8974],[36.3144,34.8981],[36.3147,34.8982],[36.3147,34.8983],[36.3133,34.8987],[36.3127,34.8985],[36.3123,34.8992],[36.3126,34.8994],[36.3124,34.8996],[36.3115,34.8999],[36.3106,34.8998],[36.3099,34.9008],[36.3093,34.9012],[36.3088,34.9025],[36.3087,34.9037],[36.3068,34.9055],[36.3067,34.9059],[36.3061,34.9058],[36.3053,34.9061],[36.3044,34.9059],[36.3038,34.9062],[36.3015,34.9065],[36.3008,34.9069],[36.3007,34.9075],[36.2996,34.9077],[36.299,34.9087],[36.2995,34.9095],[36.3004,34.9102],[36.3008,34.9112],[36.301,34.9126],[36.3018,34.9159],[36.301,34.9162],[36.3004,34.9159],[36.2994,34.9163],[36.2983,34.9159],[36.2976,34.918],[36.2837,34.9145],[36.2853,34.9102],[36.285,34.9066],[36.2844,34.9027],[36.2827,34.8976],[36.2742,34.8926],[36.2665,34.8858],[36.2671,34.8735],[36.2715,34.8689],[36.2805,34.8652],[36.2888,34.8635],[36.2962,34.8646],[36.3035,34.8683],[36.3046,34.8722],[36.3108,34.8782],[36.321,34.8804],[36.3259,34.8808],[36.3275,34.88],[36.3288,34.8788],[36.3297,34.8775],[36.3281,34.874],[36.3261,34.8722],[36.3235,34.871],[36.3218,34.8685],[36.3172,34.866],[36.3151,34.8642],[36.3095,34.8565],[36.2848,34.8376],[36.2803,34.8305],[36.2771,34.8241],[36.2693,34.8073],[36.2595,34.8039],[36.2592,34.8015],[36.2567,34.8015],[36.2442,34.7943],[36.22,34.7891],[36.2143,34.7863],[36.2081,34.7829],[36.2039,34.7798],[36.1994,34.7739],[36.1943,34.7704],[36.1885,34.7669],[36.1803,34.7632],[36.1748,34.7615],[36.1702,34.7591],[36.1674,34.7564],[36.1641,34.752],[36.1626,34.7484],[36.1604,34.7444],[36.1545,34.7425],[36.153,34.7398],[36.1502,34.7361],[36.1479,34.7358],[36.145,34.7346],[36.1453,34.7326],[36.1463,34.7299],[36.1506,34.7256],[36.1513,34.7239],[36.1476,34.7],[36.1463,34.6982],[36.1355,34.6938],[36.1312,34.6923],[36.1284,34.6916],[36.1272,34.6899],[36.1256,34.6856],[36.1251,34.6797],[36.1256,34.6749],[36.1272,34.6701],[36.129,34.6668],[36.129,34.6646],[36.1266,34.663],[36.1249,34.6615],[36.124,34.6588],[36.1218,34.6551],[36.1208,34.6531],[36.1168,34.6491],[36.1159,34.6469],[36.1158,34.645],[36.116,34.643],[36.117,34.6386],[36.1173,34.638],[36.1189,34.6389],[36.1197,34.6397],[36.1213,34.6412],[36.1228,34.6418],[36.1247,34.6416],[36.1265,34.6422],[36.1271,34.642],[36.1276,34.6414],[36.1276,34.6409],[36.1281,34.6401],[36.129,34.6394],[36.1312,34.6387],[36.1318,34.6391],[36.1326,34.6392],[36.1374,34.6363],[36.1375,34.6356],[36.138,34.6352],[36.1396,34.6348],[36.1407,34.6343],[36.1421,34.6343],[36.144,34.6352],[36.1459,34.635],[36.1478,34.6343],[36.1491,34.6329],[36.1496,34.6329],[36.1526,34.6331],[36.1628,34.6333],[36.1639,34.6332],[36.1639,34.6328],[36.1643,34.6318],[36.1648,34.6312],[36.1654,34.6308],[36.1689,34.6291],[36.1725,34.6282],[36.1751,34.6286],[36.1758,34.6292],[36.1766,34.6308],[36.1762,34.6312],[36.1771,34.6327],[36.1793,34.6339],[36.1817,34.6343],[36.1829,34.6349],[36.1886,34.6369],[36.1895,34.6375],[36.1901,34.6373],[36.1919,34.6372],[36.1939,34.6367],[36.1945,34.6362],[36.1959,34.6356],[36.1968,34.6356],[36.1975,34.6359],[36.1986,34.636],[36.2002,34.6369],[36.2011,34.6371],[36.2015,34.6369],[36.2019,34.6362],[36.2049,34.6352],[36.2067,34.6343],[36.2083,34.6328],[36.2096,34.6319],[36.2121,34.6306],[36.2144,34.6303],[36.2161,34.6306],[36.2183,34.6303],[36.2204,34.6299],[36.2217,34.6291],[36.2236,34.6267],[36.2252,34.6255],[36.2261,34.6255],[36.2268,34.6255],[36.227,34.6269],[36.2269,34.6283],[36.2271,34.6291],[36.2276,34.6294],[36.2285,34.6294],[36.2301,34.6288],[36.2315,34.628],[36.2353,34.6274],[36.2369,34.6267],[36.2376,34.6269],[36.2379,34.629],[36.2369,34.6319],[36.2371,34.6323],[36.2383,34.6321],[36.2396,34.6313],[36.2408,34.6314],[36.2417,34.6323],[36.2429,34.6338],[36.2438,34.6353],[36.2442,34.6357],[36.2463,34.6339],[36.2488,34.6326],[36.2497,34.6324],[36.2511,34.633],[36.2519,34.633],[36.2535,34.6326],[36.2552,34.6321],[36.2565,34.6315],[36.2579,34.6301],[36.2613,34.6295],[36.2624,34.6289],[36.2628,34.6284],[36.2628,34.6275],[36.2636,34.627],[36.2655,34.6269],[36.2677,34.6279],[36.269,34.6286],[36.2702,34.629],[36.2731,34.6295],[36.2747,34.629],[36.2766,34.628],[36.2779,34.6279],[36.2833,34.6319],[36.2846,34.6323],[36.2853,34.6317],[36.2866,34.6302],[36.2876,34.6298],[36.289,34.63],[36.29,34.6308],[36.2925,34.6337],[36.294,34.6343],[36.2957,34.6344],[36.2964,34.635],[36.2969,34.6356],[36.2975,34.6376],[36.2983,34.6391],[36.2989,34.6398],[36.3004,34.6403],[36.3007,34.6412],[36.3033,34.6448],[36.3032,34.6464],[36.3043,34.6485],[36.3047,34.6514],[36.305,34.6524],[36.3062,34.6529],[36.3066,34.6537],[36.3075,34.6546],[36.3075,34.6563],[36.3046,34.661],[36.3035,34.6633],[36.3027,34.6658],[36.3024,34.6675],[36.3026,34.6686],[36.3034,34.6694],[36.3059,34.6739],[36.3071,34.6771],[36.3101,34.68],[36.3117,34.6825],[36.313,34.6834],[36.3137,34.6838],[36.3163,34.6846],[36.3192,34.6849],[36.3225,34.6848],[36.3254,34.6844],[36.3327,34.6837],[36.344,34.6795],[36.3468,34.6747],[36.3491,34.6714],[36.3506,34.6697],[36.3507,34.6691],[36.3503,34.6679],[36.351,34.6662],[36.3507,34.6652],[36.35,34.6648],[36.3493,34.6637],[36.3492,34.6619],[36.3503,34.6603],[36.3595,34.6491],[36.364,34.6452],[36.3672,34.6426],[36.3698,34.6408],[36.3748,34.6379],[36.3782,34.6352],[36.3834,34.6317],[36.3845,34.6311],[36.3919,34.6285],[36.3938,34.6288],[36.3983,34.6304],[36.401,34.6306],[36.4029,34.6305],[36.4068,34.6292],[36.4113,34.6266],[36.4196,34.6209],[36.4213,34.6196],[36.4235,34.6172],[36.4265,34.6156],[36.4271,34.6155],[36.429,34.6161],[36.4351,34.6212],[36.4379,34.6229],[36.4414,34.6261],[36.4452,34.6288],[36.4507,34.6317],[36.4556,34.6339],[36.4631,34.6354],[36.4634,34.6352],[36.4637,34.6348],[36.4638,34.6327],[36.4638,34.6292],[36.4634,34.6278],[36.4622,34.6251],[36.4601,34.6215],[36.4599,34.6208],[36.4599,34.6186],[36.4601,34.6179],[36.46,34.6104],[36.4603,34.6055],[36.4603,34.6026],[36.4585,34.5967],[36.4571,34.5936],[36.4546,34.5906],[36.4531,34.5903],[36.4523,34.5903],[36.447,34.5908],[36.4373,34.5914],[36.434,34.5914],[36.4327,34.5921],[36.4322,34.5931],[36.4313,34.5961],[36.4305,34.6001],[36.4291,34.6021],[36.4268,34.6041],[36.4201,34.6075],[36.4158,34.6088],[36.4132,34.6091],[36.4108,34.6088],[36.4064,34.607],[36.4053,34.6061],[36.404,34.6045],[36.4038,34.6037],[36.404,34.6028],[36.4053,34.6021],[36.407,34.6009],[36.4069,34.6001],[36.4064,34.5994],[36.403,34.5947],[36.4025,34.5934],[36.4022,34.5917],[36.4022,34.5906],[36.4028,34.589],[36.4025,34.5851],[36.4036,34.5811],[36.4049,34.5787],[36.4071,34.576],[36.4098,34.5732],[36.4122,34.5712],[36.4143,34.5692],[36.4154,34.5672],[36.4164,34.5641],[36.4166,34.5605],[36.4161,34.5599],[36.4095,34.5558],[36.4036,34.5528],[36.399,34.5502],[36.3762,34.5395],[36.3645,34.5333],[36.3583,34.5312],[36.3354,34.5246],[36.3328,34.5237],[36.3307,34.5223],[36.3298,34.5213],[36.3294,34.5203],[36.3291,34.517],[36.3294,34.5151],[36.331,34.5089],[36.3318,34.5067],[36.3329,34.505],[36.3372,34.501],[36.3381,34.5],[36.3408,34.4992],[36.3469,34.4988],[36.3515,34.4993],[36.3532,34.5001],[36.3555,34.5016],[36.3588,34.5045],[36.3593,34.5045],[36.3599,34.5044],[36.3636,34.5022],[36.3643,34.5016],[36.3655,34.4997],[36.368,34.4985],[36.3732,34.4995],[36.3788,34.4994],[36.3834,34.4988],[36.3861,34.4988],[36.3893,34.4993],[36.3932,34.5001],[36.4085,34.5085],[36.4165,34.511],[36.4224,34.5112],[36.4261,34.5105],[36.4358,34.5073],[36.4385,34.507],[36.4429,34.5074],[36.4462,34.5074],[36.4477,34.507],[36.4486,34.5064],[36.4488,34.5048],[36.4481,34.5022],[36.4468,34.5],[36.4463,34.4958],[36.4459,34.4945],[36.4458,34.4926],[36.4459,34.4892],[36.4463,34.4862],[36.4482,34.4836],[36.4492,34.4826],[36.4504,34.4818],[36.4517,34.4813],[36.4529,34.4811],[36.4562,34.4812],[36.4575,34.4807],[36.4584,34.4801],[36.4593,34.4785],[36.4595,34.4729],[36.4599,34.4706],[36.4605,34.4684],[36.462,34.4667],[36.4623,34.4653],[36.4629,34.4643],[36.4643,34.4634],[36.4721,34.46],[36.4735,34.4601],[36.4813,34.4586],[36.4839,34.4576],[36.486,34.4576],[36.4887,34.4559],[36.4897,34.455],[36.4908,34.4544],[36.4917,34.4533],[36.4933,34.4522],[36.4942,34.4509],[36.4943,34.4505],[36.4951,34.4499],[36.4981,34.4491],[36.4997,34.4494],[36.5001,34.4493],[36.5015,34.4497],[36.5027,34.4498],[36.5042,34.4502],[36.506,34.4504],[36.5074,34.4502],[36.5125,34.4454],[36.5137,34.4446],[36.5141,34.444],[36.5139,34.443],[36.5134,34.442],[36.5132,34.4408],[36.5133,34.4399],[36.5138,34.4388],[36.5152,34.4374],[36.5162,34.4374],[36.517,34.4376],[36.5172,34.4373],[36.5217,34.4346],[36.5224,34.4336],[36.5227,34.4319],[36.5233,34.4308],[36.5241,34.43],[36.5241,34.4296],[36.5246,34.4286],[36.5249,34.4285],[36.5251,34.4286],[36.5257,34.4292],[36.5257,34.4304],[36.5262,34.4317],[36.5268,34.4328],[36.5276,34.4334],[36.5284,34.4339],[36.5291,34.4338],[36.5311,34.4329],[36.5317,34.432],[36.5339,34.4304],[36.5343,34.4295],[36.5342,34.4282],[36.5343,34.4276],[36.5361,34.4266],[36.5436,34.4253],[36.5488,34.4242],[36.5508,34.4233],[36.5522,34.4219],[36.5555,34.4151],[36.5562,34.4114],[36.5563,34.4072],[36.5544,34.4004],[36.554,34.3996],[36.5539,34.3987],[36.553,34.3963],[36.5509,34.3921],[36.55,34.3906],[36.5476,34.3879],[36.5454,34.3859],[36.5447,34.3841],[36.5435,34.3831],[36.5416,34.3818],[36.5389,34.3804],[36.5371,34.3783],[36.5368,34.3777],[36.5353,34.3755],[36.5342,34.3747],[36.5322,34.374],[36.5306,34.3729],[36.5301,34.3721],[36.5304,34.371],[36.5314,34.3698],[36.5379,34.3629],[36.5405,34.3608],[36.5444,34.3564],[36.5455,34.3541],[36.5468,34.3503],[36.5474,34.3479],[36.5474,34.3471],[36.5485,34.344],[36.5497,34.3421],[36.5515,34.3402],[36.5569,34.336],[36.5609,34.3322],[36.5614,34.3314],[36.5617,34.3301],[36.5611,34.3259],[36.5601,34.3221],[36.5601,34.3212],[36.5607,34.3193],[36.5625,34.3166],[36.5633,34.3158],[36.5647,34.3149],[36.5663,34.3145],[36.569,34.315],[36.5712,34.3153],[36.5723,34.3152],[36.5736,34.3147],[36.5766,34.3128],[36.578,34.3124],[36.5828,34.312],[36.5846,34.3122],[36.5881,34.3127],[36.5907,34.3126],[36.5923,34.3122],[36.5946,34.3113],[36.5964,34.3102],[36.5979,34.309],[36.6005,34.306],[36.6013,34.3044],[36.6021,34.3023],[36.6024,34.3004],[36.6021,34.2978],[36.6011,34.2962],[36.5959,34.2903],[36.5936,34.2887],[36.5884,34.2861],[36.5842,34.2833],[36.5794,34.2806],[36.5769,34.2789],[36.5754,34.2775],[36.5749,34.2767],[36.5753,34.2745],[36.5785,34.2679],[36.5818,34.2608],[36.5836,34.2564],[36.5854,34.2515],[36.5866,34.244],[36.5864,34.2397],[36.5859,34.2367],[36.5858,34.233],[36.5863,34.2301],[36.5869,34.2279],[36.5886,34.2262],[36.5906,34.2251],[36.5944,34.2244],[36.6005,34.2226],[36.6629,34.2338],[36.6947,34.2245],[36.7264,34.229],[36.7507,34.2301],[36.7597,34.2356],[36.7833,34.2408],[36.7943,34.2415],[36.7933,34.2262],[36.8083,34.2231],[36.8198,34.2218],[36.8235,34.219],[36.8238,34.2103],[36.8254,34.2058],[36.8297,34.2038],[36.8363,34.1994],[36.8481,34.1945],[36.8562,34.1879],[36.8633,34.1854],[36.872,34.1877],[36.8806,34.185],[36.8838,34.1849],[36.9007,34.1857],[36.9231,34.1649],[36.9433,34.1323],[36.9517,34.1248],[36.9659,34.1135],[36.9832,34.1022],[37.0058,34.0896],[37.005,34.089],[36.9848,34.0705],[36.9513,34.0497],[36.9708,34.0381],[36.9838,34.0333],[36.9968,34.0209],[37.0187,34.0209],[37.0085,33.9596],[37.0092,33.94],[37.1386,33.9382],[37.191,33.9387],[37.2957,33.9316],[37.3364,33.9426],[37.3962,33.9568],[37.4227,33.9522],[37.4528,33.9692],[37.4838,33.9811],[37.5083,33.9828],[37.5294,33.9846],[37.5518,33.9875],[37.5737,33.9863],[37.5797,33.9861],[37.5921,33.9845],[37.6017,33.9808],[37.6097,33.9731],[37.6137,33.9585],[37.6094,33.9465],[37.6041,33.9418],[37.6039,33.9373],[37.6057,33.9318],[37.611,33.9235],[37.6207,33.9179],[37.6557,33.9095],[37.7042,33.9019],[37.7693,33.895],[37.8031,33.891],[38.0645,33.8608],[38.2694,33.8361],[38.9334,33.7597],[39.1139,33.5455],[39.1253,33.5315],[40.265,34.068],[40.2195,34.1296],[39.5996,34.918],[39.5751,34.9496],[39.4676,35.0947],[39.4164,35.1624],[39.3697,35.1977],[39.2974,35.2509],[39.2449,35.278],[39.239,35.2788],[39.2256,35.2844],[39.2241,35.2848],[39.2209,35.2855],[39.2169,35.2862],[39.2131,35.2866],[39.2089,35.2868],[39.207,35.2873],[39.2045,35.2885],[39.2031,35.2896],[39.2019,35.2911],[39.2011,35.2926],[39.2007,35.2939],[39.2006,35.296],[39.2018,35.3005],[39.202,35.3023],[39.2019,35.3042],[39.2017,35.3062],[39.2009,35.3096],[39.2002,35.3114],[39.1991,35.3134],[39.1978,35.3153],[39.1966,35.3166],[39.1902,35.3199],[39.1837,35.3227],[39.1767,35.325],[39.1724,35.326],[39.1653,35.327],[39.1564,35.3276],[39.1502,35.3276],[39.1428,35.3272],[39.1343,35.324],[38.8713,35.3711]]]}},{"type":"Feature","properties":{"province_name":"Idlib","ADM1_AR":"إدلب","ADM1_EN":"Idleb","ADM1_PCODE":"SY07","Name":"Idleb","adm1_name":"Idleb","adm1_name1":"إدلب","adm1_name2":null,"adm1_name3":null,"adm1_pcode":"SY07","adm0_name":"Syrian Arab Republic","adm0_name1":"الجمهورية العربية السورية","adm0_name2":null,"adm0_name3":null,"adm0_pcode":"SY","valid_on":"2020-12-17","valid_to":null,"area_sqkm":5416.4626,"version":"v02","lang":"en","lang1":"ar","lang2":null,"lang3":null,"adm1_ref_name":"Idleb","center_lat":35.8577,"center_lon":36.5709},"geometry":{"type":"Polygon","coordinates":[[[36.7556,36.3249],[36.7538,36.3287],[36.7513,36.3327],[36.7486,36.3355],[36.7451,36.3378],[36.7402,36.3387],[36.7322,36.3388],[36.7257,36.338],[36.724,36.3366],[36.7228,36.3345],[36.7267,36.3307],[36.7294,36.3277],[36.725,36.3257],[36.7189,36.3242],[36.7154,36.3226],[36.7084,36.3217],[36.6975,36.3215],[36.6932,36.3215],[36.6867,36.3226],[36.6795,36.3223],[36.6729,36.3214],[36.6691,36.3205],[36.6689,36.3094],[36.6711,36.3024],[36.6948,36.2969],[36.7003,36.2922],[36.6991,36.2871],[36.6923,36.2764],[36.6928,36.2716],[36.6958,36.266],[36.706,36.2552],[36.7048,36.2503],[36.7007,36.2443],[36.6842,36.2373],[36.6748,36.2293],[36.6406,36.2292],[36.6274,36.2177],[36.6183,36.2166],[36.6093,36.2175],[36.5839,36.2321],[36.5782,36.2325],[36.5574,36.2281],[36.5426,36.2381],[36.5228,36.2381],[36.5169,36.2356],[36.5095,36.23],[36.4954,36.2345],[36.4924,36.2328],[36.4892,36.2187],[36.4817,36.2055],[36.4773,36.2029],[36.4711,36.2018],[36.4575,36.2084],[36.4353,36.2113],[36.4267,36.2145],[36.4128,36.2231],[36.4034,36.2264],[36.3976,36.2232],[36.3976,36.2127],[36.4031,36.1996],[36.4006,36.1915],[36.3987,36.1898],[36.3888,36.1885],[36.3817,36.1807],[36.3767,36.1694],[36.3883,36.1515],[36.392,36.1426],[36.3812,36.1188],[36.3852,36.1078],[36.386,36.0994],[36.3887,36.0948],[36.3942,36.0906],[36.3978,36.0838],[36.3888,36.0682],[36.3946,36.0525],[36.3951,36.046],[36.3925,36.0398],[36.3835,36.0314],[36.3808,36.026],[36.3823,36.0099],[36.3786,36.001],[36.3742,35.9977],[36.3684,35.9948],[36.3569,35.992],[36.3442,35.9924],[36.3172,36.0041],[36.3028,35.9964],[36.2979,35.9917],[36.2946,35.9802],[36.3061,35.9607],[36.3025,35.9574],[36.2897,35.9539],[36.2789,35.9548],[36.2634,35.9617],[36.2546,35.9638],[36.2445,35.9635],[36.2288,35.9604],[36.2127,35.9515],[36.1992,35.9355],[36.1877,35.9185],[36.1809,35.9017],[36.1827,35.8998],[36.1891,35.8844],[36.1831,35.8356],[36.1691,35.8154],[36.1634,35.8163],[36.1548,35.8202],[36.1514,35.812],[36.1476,35.7947],[36.1484,35.7909],[36.1506,35.7886],[36.1609,35.7839],[36.169,35.785],[36.1887,35.7749],[36.1979,35.767],[36.1998,35.7608],[36.2055,35.7558],[36.2075,35.7526],[36.2213,35.7518],[36.2235,35.7522],[36.2568,35.7499],[36.2623,35.749],[36.2704,35.7455],[36.2791,35.7445],[36.2828,35.7468],[36.287,35.748],[36.2886,35.7501],[36.2903,35.7507],[36.2918,35.751],[36.2938,35.752],[36.3003,35.7508],[36.3027,35.7507],[36.3065,35.7485],[36.3117,35.7462],[36.3141,35.7468],[36.3155,35.7537],[36.3156,35.7574],[36.3166,35.7601],[36.3197,35.7621],[36.3229,35.7621],[36.3281,35.761],[36.3325,35.7582],[36.3392,35.7499],[36.3409,35.7468],[36.3458,35.7427],[36.3475,35.7394],[36.3469,35.7365],[36.3411,35.7355],[36.3407,35.7287],[36.3421,35.723],[36.3436,35.721],[36.3459,35.7195],[36.3532,35.7205],[36.3592,35.7219],[36.3615,35.7231],[36.3642,35.7213],[36.3655,35.7193],[36.3657,35.7176],[36.3684,35.7161],[36.375,35.717],[36.3774,35.7178],[36.3784,35.7204],[36.3781,35.7225],[36.3792,35.7245],[36.3809,35.7256],[36.3865,35.7232],[36.3938,35.7229],[36.3939,35.7208],[36.4102,35.7052],[36.411,35.6912],[36.4076,35.6788],[36.406,35.6761],[36.3873,35.6749],[36.3861,35.673],[36.3868,35.6702],[36.3899,35.6694],[36.3965,35.6702],[36.4007,35.6692],[36.4023,35.6647],[36.4021,35.6621],[36.3992,35.6553],[36.3966,35.652],[36.3956,35.648],[36.3969,35.642],[36.3973,35.6377],[36.396,35.6265],[36.3953,35.6121],[36.3968,35.6072],[36.4,35.6064],[36.4055,35.606],[36.4075,35.6011],[36.4076,35.5966],[36.4019,35.5963],[36.3997,35.5926],[36.3994,35.5868],[36.3988,35.5836],[36.3964,35.5827],[36.394,35.5797],[36.3942,35.5755],[36.3965,35.5695],[36.3952,35.5656],[36.3924,35.5595],[36.3927,35.55],[36.3932,35.5431],[36.3938,35.54],[36.3966,35.5378],[36.4043,35.5367],[36.4083,35.5356],[36.4251,35.5353],[36.4273,35.5345],[36.43,35.53],[36.4353,35.5301],[36.4428,35.5348],[36.4449,35.5347],[36.4474,35.5299],[36.4493,35.5253],[36.4464,35.5196],[36.4462,35.5166],[36.4511,35.5095],[36.4572,35.5082],[36.4586,35.5065],[36.4578,35.4918],[36.4589,35.4885],[36.4571,35.4796],[36.4568,35.4773],[36.4654,35.4754],[36.4695,35.4753],[36.4741,35.4756],[36.4751,35.4714],[36.4761,35.4703],[36.4761,35.4697],[36.4771,35.4691],[36.4771,35.4678],[36.4753,35.4649],[36.4751,35.4633],[36.48,35.4611],[36.4837,35.4602],[36.49,35.4579],[36.4945,35.4567],[36.495,35.456],[36.4964,35.4552],[36.4997,35.455],[36.5022,35.455],[36.5049,35.4545],[36.5067,35.4536],[36.5073,35.4481],[36.5084,35.4427],[36.5125,35.4408],[36.5194,35.4371],[36.5229,35.4344],[36.5252,35.4344],[36.5258,35.4324],[36.5239,35.4278],[36.5171,35.416],[36.5165,35.4137],[36.5164,35.4113],[36.5187,35.4083],[36.526,35.4089],[36.5324,35.41],[36.5385,35.4101],[36.5489,35.4084],[36.5549,35.4091],[36.5664,35.4148],[36.5812,35.4186],[36.5851,35.4211],[36.5886,35.4188],[36.5895,35.4167],[36.5891,35.4081],[36.5875,35.4034],[36.5957,35.4043],[36.6184,35.4022],[36.6249,35.4014],[36.6395,35.3954],[36.6392,35.3793],[36.6391,35.378],[36.6389,35.3774],[36.6417,35.3792],[36.6474,35.379],[36.651,35.3799],[36.6505,35.3849],[36.6524,35.3875],[36.6558,35.3903],[36.6559,35.3925],[36.6571,35.3962],[36.6613,35.3981],[36.6704,35.3995],[36.6731,35.4029],[36.6755,35.4051],[36.6803,35.4049],[36.6904,35.404],[36.6962,35.403],[36.7039,35.4028],[36.7106,35.4042],[36.7136,35.4042],[36.7381,35.4035],[36.7405,35.4032],[36.7457,35.4031],[36.7899,35.4077],[36.7945,35.4131],[36.7959,35.414],[36.7997,35.4129],[36.807,35.4116],[36.8143,35.4106],[36.8202,35.4111],[36.8306,35.4126],[36.8388,35.4135],[36.8416,35.4133],[36.8451,35.4121],[36.8492,35.4122],[36.8609,35.4121],[36.8661,35.409],[36.8684,35.4068],[36.8715,35.4068],[36.8754,35.4052],[36.8776,35.4023],[36.8796,35.3959],[36.8803,35.3908],[36.8792,35.3877],[36.8786,35.3825],[36.8956,35.3782],[36.9167,35.383],[36.9208,35.3832],[36.927,35.3836],[36.9298,35.3836],[36.933,35.3828],[36.939,35.3818],[36.9413,35.381],[36.9437,35.3811],[36.9482,35.3804],[36.9495,35.3813],[36.9538,35.3833],[36.9545,35.3843],[36.9537,35.3873],[36.9541,35.3889],[36.955,35.3905],[36.9561,35.3918],[36.957,35.3953],[36.9583,35.3962],[36.9595,35.3974],[36.9605,35.3988],[36.9631,35.4014],[36.9675,35.404],[36.9711,35.4057],[36.979,35.4088],[36.9822,35.4096],[36.9839,35.4102],[36.9854,35.4109],[36.9888,35.4131],[36.9893,35.414],[36.9904,35.4179],[36.9931,35.4236],[36.9951,35.4288],[36.9967,35.4314],[37.0006,35.4323],[37.005,35.4316],[37.0097,35.4272],[37.0158,35.4128],[37.0172,35.4123],[37.0243,35.4109],[37.0347,35.4118],[37.0353,35.4106],[37.0363,35.409],[37.0386,35.4085],[37.0434,35.409],[37.0451,35.4085],[37.0457,35.4093],[37.0524,35.4105],[37.0557,35.4098],[37.0757,35.4106],[37.0798,35.4109],[37.0816,35.4127],[37.0828,35.4147],[37.0835,35.4154],[37.0844,35.4162],[37.089,35.4196],[37.1045,35.4289],[37.1067,35.4419],[37.1027,35.447],[37.1027,35.4488],[37.1034,35.4514],[37.1035,35.4538],[37.1015,35.4585],[37.1043,35.4686],[37.117,35.4719],[37.1204,35.4691],[37.122,35.4666],[37.143,35.4588],[37.1434,35.461],[37.1493,35.4707],[37.1561,35.4777],[37.1584,35.4827],[37.1595,35.4856],[37.1615,35.4894],[37.162,35.4952],[37.1621,35.4989],[37.1612,35.5045],[37.1636,35.511],[37.1655,35.5129],[37.1728,35.5134],[37.1815,35.5173],[37.1886,35.524],[37.1953,35.5326],[37.1963,35.5359],[37.1958,35.5423],[37.2022,35.5499],[37.2017,35.5544],[37.1973,35.5567],[37.1913,35.5577],[37.188,35.5575],[37.1829,35.5558],[37.1776,35.5534],[37.175,35.5502],[37.1701,35.5504],[37.1666,35.553],[37.1651,35.559],[37.1617,35.5669],[37.1588,35.5747],[37.1581,35.5796],[37.1564,35.5829],[37.1521,35.5851],[37.1429,35.5876],[37.1349,35.5886],[37.1303,35.5885],[37.1264,35.5886],[37.1234,35.5887],[37.1208,35.5892],[37.1182,35.5893],[37.1148,35.5903],[37.1112,35.5909],[37.1108,35.5914],[37.1109,35.5931],[37.1197,35.6024],[37.1209,35.6048],[37.1206,35.6059],[37.1184,35.6075],[37.118,35.6103],[37.1231,35.6144],[37.1314,35.6236],[37.1397,35.6288],[37.1448,35.6348],[37.1455,35.6359],[37.1342,35.6396],[37.1282,35.6444],[37.1282,35.6506],[37.1318,35.656],[37.1334,35.6602],[37.1341,35.6648],[37.1353,35.6677],[37.1333,35.6701],[37.123,35.6732],[37.1159,35.6711],[37.1112,35.6707],[37.1034,35.6736],[37.0996,35.6795],[37.1005,35.6872],[37.1048,35.6959],[37.1099,35.7016],[37.115,35.7032],[37.1179,35.705],[37.1198,35.7077],[37.1198,35.7131],[37.1194,35.7162],[37.1196,35.7229],[37.1202,35.727],[37.1198,35.7316],[37.1193,35.7336],[37.117,35.7344],[37.117,35.7399],[37.1072,35.741],[37.1048,35.7416],[37.104,35.744],[37.1035,35.7471],[37.1077,35.7481],[37.113,35.7484],[37.1155,35.7494],[37.118,35.7535],[37.1197,35.758],[37.1159,35.7607],[37.108,35.765],[37.1078,35.7668],[37.1091,35.7679],[37.1176,35.7778],[37.1212,35.7803],[37.1226,35.7807],[37.134,35.7809],[37.1368,35.7814],[37.1374,35.7855],[37.1371,35.7931],[37.1367,35.7963],[37.1344,35.7978],[37.1279,35.7995],[37.1218,35.7999],[37.118,35.8011],[37.1153,35.8017],[37.1152,35.8063],[37.1145,35.8095],[37.1211,35.8264],[37.1204,35.8291],[37.1162,35.83],[37.1092,35.8312],[37.1054,35.8293],[37.1034,35.8291],[37.1031,35.8222],[37.1032,35.8204],[37.0961,35.8182],[37.0916,35.8187],[37.0903,35.8196],[37.0881,35.8227],[37.0812,35.8258],[37.0767,35.8275],[37.0704,35.8312],[37.0681,35.833],[37.0704,35.8369],[37.0687,35.8389],[37.0662,35.8402],[37.0633,35.839],[37.0607,35.837],[37.0582,35.8367],[37.0551,35.8374],[37.0526,35.8372],[37.0361,35.8431],[37.0339,35.8437],[37.0325,35.8429],[37.0315,35.8359],[37.0313,35.8317],[37.0315,35.8297],[37.0313,35.8245],[37.0302,35.822],[37.0271,35.8181],[37.025,35.817],[37.0222,35.819],[37.0189,35.8203],[37.0136,35.8205],[37.0105,35.8202],[37.0061,35.8184],[37.0024,35.8158],[36.9948,35.8098],[36.9917,35.807],[36.9905,35.8057],[36.9869,35.8053],[36.9853,35.8081],[36.9848,35.8123],[36.9856,35.8181],[36.9848,35.8206],[36.9852,35.8254],[36.9879,35.8305],[36.9905,35.8362],[36.9897,35.8377],[36.9865,35.8378],[36.9831,35.8373],[36.9809,35.8381],[36.98,35.8402],[36.9795,35.8428],[36.9766,35.8451],[36.9727,35.8462],[36.9668,35.8469],[36.9629,35.8478],[36.9594,35.8503],[36.9568,35.8555],[36.9552,35.8599],[36.954,35.8634],[36.9541,35.8661],[36.9555,35.8672],[36.9579,35.8682],[36.9596,35.8701],[36.9589,35.8757],[36.9585,35.8786],[36.9557,35.8834],[36.9526,35.8857],[36.9482,35.8866],[36.9438,35.8859],[36.9419,35.8864],[36.9395,35.8871],[36.9378,35.8892],[36.9357,35.8952],[36.9351,35.8975],[36.9369,35.9001],[36.9402,35.9013],[36.9421,35.9042],[36.9424,35.9082],[36.941,35.9111],[36.9378,35.9141],[36.9355,35.9158],[36.9279,35.9157],[36.9204,35.9127],[36.9152,35.9134],[36.9112,35.9133],[36.9043,35.9119],[36.9016,35.9136],[36.9005,35.9189],[36.9008,35.9225],[36.9005,35.9253],[36.897,35.9267],[36.8931,35.9286],[36.891,35.9326],[36.8885,35.9361],[36.8794,35.9332],[36.8776,35.934],[36.8763,35.9378],[36.8755,35.9431],[36.8747,35.9517],[36.8756,35.9559],[36.8749,35.9604],[36.8734,35.9633],[36.8697,35.9683],[36.8681,35.9709],[36.8681,35.9738],[36.8689,35.9771],[36.8676,35.9815],[36.8694,35.9849],[36.8733,35.9885],[36.8729,35.9938],[36.8719,36.0012],[36.8738,36.0095],[36.8754,36.0152],[36.8784,36.0185],[36.8794,36.0204],[36.8816,36.0217],[36.8827,36.0244],[36.8829,36.0339],[36.8827,36.0388],[36.8818,36.0426],[36.8794,36.044],[36.8716,36.0436],[36.8628,36.0438],[36.8567,36.0444],[36.8523,36.0434],[36.8455,36.0404],[36.8415,36.0434],[36.8391,36.0473],[36.8361,36.0539],[36.8353,36.0588],[36.8338,36.0635],[36.8335,36.0652],[36.8316,36.0667],[36.8286,36.0669],[36.8256,36.0666],[36.8227,36.066],[36.8163,36.0682],[36.8124,36.0704],[36.807,36.0716],[36.789,36.0698],[36.7856,36.0677],[36.7808,36.0663],[36.7707,36.0669],[36.7685,36.0675],[36.7613,36.0724],[36.7542,36.0765],[36.7467,36.0803],[36.7429,36.0833],[36.7414,36.0848],[36.7417,36.0909],[36.7431,36.0943],[36.7444,36.0997],[36.7456,36.1011],[36.7477,36.1022],[36.7521,36.1028],[36.7546,36.1048],[36.7558,36.1093],[36.7533,36.1129],[36.7496,36.1148],[36.7379,36.1179],[36.7324,36.1205],[36.7288,36.1232],[36.7253,36.1264],[36.7228,36.131],[36.721,36.1335],[36.7195,36.1367],[36.7186,36.1409],[36.7181,36.1425],[36.7158,36.1442],[36.7141,36.1446],[36.7103,36.1465],[36.7096,36.1497],[36.7092,36.1508],[36.715,36.1546],[36.7235,36.155],[36.7329,36.1569],[36.7394,36.161],[36.7432,36.1629],[36.7448,36.163],[36.7485,36.1628],[36.7552,36.164],[36.7602,36.1651],[36.7621,36.1673],[36.7636,36.1723],[36.7734,36.1859],[36.7704,36.188],[36.7665,36.1888],[36.7651,36.1914],[36.7662,36.1932],[36.7687,36.1954],[36.7717,36.195],[36.774,36.1954],[36.7756,36.2014],[36.7771,36.2041],[36.7806,36.2075],[36.7899,36.2112],[36.7982,36.2165],[36.8017,36.2162],[36.8049,36.2147],[36.8123,36.2148],[36.8165,36.2156],[36.8282,36.2172],[36.8302,36.221],[36.8305,36.2261],[36.8331,36.231],[36.8351,36.2321],[36.8378,36.2317],[36.8403,36.2338],[36.8404,36.2384],[36.8391,36.2422],[36.8376,36.2474],[36.8356,36.2491],[36.8331,36.2493],[36.8267,36.2494],[36.8224,36.2502],[36.8228,36.2527],[36.824,36.2562],[36.8239,36.2584],[36.8194,36.2626],[36.817,36.2659],[36.8162,36.2676],[36.8162,36.2702],[36.8182,36.2751],[36.8208,36.2789],[36.8227,36.282],[36.8219,36.2835],[36.8183,36.2846],[36.8152,36.2844],[36.8014,36.2815],[36.7954,36.2809],[36.7934,36.2814],[36.7919,36.2834],[36.7885,36.2998],[36.787,36.3027],[36.7834,36.3031],[36.7798,36.3022],[36.7731,36.3018],[36.769,36.3023],[36.7655,36.3044],[36.7613,36.3105],[36.7575,36.3197],[36.7556,36.3249]]]}},{"type":"Feature","properties":{"province_name":"Lattakia","ADM1_AR":"اللاذقية","ADM1_EN":"Lattakia","ADM1_PCODE":"SY06","Name":"Lattakia","adm1_name":"Lattakia","adm1_name1":"اللاذقية","adm1_name2":null,"adm1_name3":null,"adm1_pcode":"SY06","adm0_name":"Syrian Arab Republic","adm0_name1":"الجمهورية العربية السورية","adm0_name2":null,"adm0_name3":null,"adm0_pcode":"SY","valid_on":"2020-12-17","valid_to":null,"area_sqkm":2388.353,"version":"v02","lang":"en","lang1":"ar","lang2":null,"lang3":null,"adm1_ref_name":"Lattakia","center_lat":35.5808,"center_lon":35.9909},"geometry":{"type":"Polygon","coordinates":[[[36.0227,35.9245],[36.0162,35.934],[36.0086,35.9402],[36.0015,35.9409],[35.9937,35.9393],[35.9509,35.9218],[35.9358,35.9187],[35.9217,35.9305],[35.9104,35.9251],[35.9052,35.9194],[35.8867,35.8735],[35.8807,35.8686],[35.8721,35.8653],[35.8623,35.8569],[35.8546,35.8532],[35.8439,35.8511],[35.8393,35.854],[35.8332,35.8529],[35.8245,35.8589],[35.808,35.8559],[35.805,35.8535],[35.8073,35.8518],[35.8182,35.853],[35.8203,35.8498],[35.8167,35.8426],[35.8172,35.8369],[35.8259,35.8302],[35.8287,35.8241],[35.8283,35.8188],[35.8384,35.8055],[35.8409,35.7936],[35.8474,35.7844],[35.8473,35.7713],[35.8541,35.7559],[35.853,35.748],[35.8432,35.7398],[35.8397,35.722],[35.829,35.7148],[35.8254,35.7085],[35.8195,35.7068],[35.814,35.6965],[35.8094,35.6927],[35.8068,35.6862],[35.7988,35.6828],[35.7904,35.6819],[35.7838,35.6785],[35.7781,35.6729],[35.7743,35.6629],[35.7842,35.6556],[35.7898,35.6422],[35.7901,35.6346],[35.7879,35.6256],[35.7823,35.6188],[35.7859,35.6132],[35.7829,35.6092],[35.7763,35.6136],[35.7732,35.6133],[35.7709,35.6091],[35.7719,35.6031],[35.7699,35.5992],[35.7635,35.5972],[35.7587,35.5913],[35.755,35.5905],[35.7496,35.5932],[35.7454,35.5924],[35.7392,35.5881],[35.7282,35.5875],[35.7272,35.5843],[35.7293,35.5821],[35.738,35.583],[35.746,35.5864],[35.7499,35.5858],[35.7544,35.5795],[35.7439,35.5682],[35.7435,35.565],[35.7619,35.5531],[35.7641,35.5478],[35.7788,35.5436],[35.7812,35.54],[35.7833,35.5302],[35.7795,35.5202],[35.7703,35.5117],[35.7732,35.5074],[35.7778,35.5067],[35.785,35.5006],[35.7881,35.5],[35.7976,35.5074],[35.8156,35.5044],[35.8243,35.4984],[35.8267,35.4955],[35.8662,35.4733],[35.8826,35.4625],[35.9242,35.4236],[35.9248,35.4206],[35.9208,35.4166],[35.9201,35.4134],[35.9262,35.3839],[35.9279,35.3704],[35.9271,35.3537],[35.9323,35.3122],[35.9277,35.2848],[35.9286,35.2754],[35.9322,35.2698],[35.9446,35.274],[35.9536,35.2747],[35.9632,35.2708],[35.9672,35.2617],[35.9711,35.2606],[35.972,35.2588],[35.9704,35.2576],[35.9653,35.2591],[35.9594,35.2686],[35.9559,35.2713],[35.9478,35.2715],[35.9466,35.2711],[35.9477,35.2705],[35.9491,35.2691],[35.9514,35.269],[35.9527,35.2676],[35.9528,35.2635],[35.954,35.261],[35.9568,35.259],[35.9591,35.2588],[35.9631,35.259],[35.967,35.2585],[35.9706,35.2572],[35.9722,35.255],[35.9725,35.25],[35.9739,35.2451],[35.9753,35.2442],[35.9768,35.2444],[35.9791,35.245],[35.9814,35.246],[35.9829,35.248],[35.984,35.2504],[35.9855,35.2517],[35.9868,35.252],[35.991,35.2521],[35.9933,35.2504],[35.9965,35.2478],[36.0017,35.2423],[36.0078,35.2369],[36.0123,35.2325],[36.015,35.2311],[36.0191,35.2305],[36.0223,35.2313],[36.0286,35.2314],[36.0386,35.2312],[36.0415,35.2298],[36.0438,35.2281],[36.0458,35.2255],[36.0506,35.2249],[36.0535,35.2258],[36.0552,35.2262],[36.0583,35.2264],[36.0618,35.2259],[36.0632,35.2262],[36.0717,35.2253],[36.0731,35.2253],[36.076,35.2242],[36.0777,35.2241],[36.0806,35.2242],[36.0827,35.2245],[36.0853,35.2247],[36.0878,35.2247],[36.0903,35.2244],[36.0933,35.2247],[36.0964,35.2244],[36.1004,35.2232],[36.1061,35.2231],[36.11,35.2229],[36.1148,35.2225],[36.1184,35.2217],[36.1205,35.2225],[36.1216,35.2241],[36.1239,35.224],[36.1274,35.2247],[36.1331,35.2248],[36.1381,35.2259],[36.1421,35.2263],[36.145,35.2263],[36.1524,35.2251],[36.157,35.2221],[36.1612,35.2214],[36.1651,35.221],[36.167,35.222],[36.1689,35.2226],[36.1715,35.2245],[36.1759,35.2257],[36.1799,35.2262],[36.1803,35.2292],[36.1812,35.2314],[36.1829,35.2335],[36.1867,35.235],[36.1908,35.2363],[36.1938,35.2394],[36.1971,35.244],[36.2003,35.2472],[36.203,35.2488],[36.2081,35.2512],[36.2199,35.2542],[36.2264,35.254],[36.2301,35.2662],[36.232,35.2733],[36.232,35.2814],[36.2353,35.2887],[36.2343,35.2983],[36.2376,35.3077],[36.2326,35.3178],[36.2303,35.3254],[36.2307,35.3344],[36.2378,35.3352],[36.2364,35.3371],[36.2363,35.3381],[36.2374,35.3399],[36.2363,35.3412],[36.2354,35.3432],[36.2296,35.3504],[36.2289,35.3539],[36.2272,35.358],[36.2269,35.3612],[36.2342,35.3752],[36.2294,35.3793],[36.2151,35.3973],[36.2146,35.3997],[36.2126,35.4048],[36.2107,35.4083],[36.2089,35.4088],[36.2082,35.4101],[36.2078,35.4123],[36.2067,35.416],[36.2056,35.419],[36.2056,35.423],[36.2063,35.4268],[36.2088,35.4335],[36.2101,35.435],[36.2099,35.4379],[36.2079,35.4406],[36.2097,35.4423],[36.2079,35.4431],[36.2092,35.4478],[36.2194,35.4543],[36.2192,35.4564],[36.2177,35.4581],[36.2153,35.4595],[36.2153,35.4625],[36.2167,35.4671],[36.2221,35.4671],[36.2213,35.4752],[36.2233,35.4765],[36.2227,35.4801],[36.221,35.5073],[36.2223,35.5102],[36.2211,35.552],[36.221,35.5676],[36.2283,35.5735],[36.2287,35.5793],[36.2279,35.5836],[36.2293,35.5854],[36.2298,35.5875],[36.2273,35.5876],[36.2249,35.5979],[36.2246,35.6014],[36.216,35.6092],[36.2159,35.6264],[36.2189,35.6265],[36.2208,35.6307],[36.2239,35.6415],[36.2226,35.6487],[36.2171,35.6487],[36.2167,35.6492],[36.2163,35.6492],[36.2164,35.6495],[36.2155,35.6509],[36.2135,35.6528],[36.2135,35.6553],[36.215,35.6557],[36.2164,35.6565],[36.2168,35.6581],[36.2102,35.6628],[36.2052,35.6653],[36.2052,35.667],[36.2105,35.6815],[36.2107,35.6812],[36.2144,35.6772],[36.2138,35.6763],[36.2153,35.6753],[36.2166,35.6736],[36.2173,35.6735],[36.2174,35.6736],[36.2178,35.6735],[36.2179,35.6733],[36.2191,35.6732],[36.2194,35.6727],[36.219,35.6718],[36.2193,35.6713],[36.2191,35.6711],[36.2281,35.6691],[36.2333,35.669],[36.2343,35.6713],[36.2368,35.6729],[36.2372,35.6725],[36.2378,35.6723],[36.2379,35.6718],[36.2385,35.6717],[36.2392,35.672],[36.24,35.6745],[36.2397,35.676],[36.2381,35.6772],[36.2381,35.6779],[36.2388,35.6796],[36.2393,35.6803],[36.2399,35.6817],[36.2406,35.6819],[36.2411,35.6799],[36.2428,35.6799],[36.241,35.684],[36.2413,35.6854],[36.2436,35.6856],[36.246,35.6832],[36.2449,35.6825],[36.2442,35.6831],[36.2427,35.6829],[36.2425,35.6823],[36.2433,35.6811],[36.2438,35.6799],[36.244,35.6798],[36.2443,35.6788],[36.2441,35.6783],[36.2458,35.6781],[36.2469,35.679],[36.2474,35.6788],[36.2478,35.6776],[36.247,35.6775],[36.2474,35.676],[36.2469,35.6759],[36.2462,35.6763],[36.2461,35.6765],[36.2456,35.6764],[36.2454,35.6755],[36.2441,35.6748],[36.2437,35.6728],[36.243,35.6719],[36.244,35.6706],[36.2463,35.6719],[36.2494,35.6761],[36.2492,35.679],[36.2508,35.6878],[36.2456,35.6928],[36.2473,35.701],[36.2495,35.7027],[36.2502,35.7036],[36.2508,35.7036],[36.2523,35.7042],[36.2528,35.7054],[36.252,35.7077],[36.2522,35.7093],[36.2515,35.7101],[36.2516,35.7109],[36.2496,35.7154],[36.2518,35.7177],[36.2531,35.7182],[36.257,35.7147],[36.2592,35.7174],[36.2587,35.7201],[36.2493,35.7281],[36.2493,35.7293],[36.246,35.7319],[36.2435,35.7343],[36.2346,35.7386],[36.2324,35.7416],[36.2294,35.7518],[36.2235,35.7522],[36.2213,35.7518],[36.2075,35.7526],[36.2055,35.7558],[36.1998,35.7608],[36.1979,35.767],[36.1887,35.7749],[36.169,35.785],[36.1609,35.7839],[36.1506,35.7886],[36.1484,35.7909],[36.1476,35.7947],[36.1514,35.812],[36.1548,35.8202],[36.1417,35.8464],[36.134,35.8552],[36.1165,35.8655],[36.0963,35.8687],[36.0499,35.8791],[36.0226,35.8798],[36.0186,35.881],[36.0162,35.8837],[36.0148,35.8899],[36.0217,35.9086],[36.0227,35.9245]]]}},{"type":"Feature","properties":{"province_name":"Quneitra","ADM1_AR":"القنيطرة","ADM1_EN":"Quneitra","ADM1_PCODE":"SY14","Name":"Quneitra","adm1_name":"Quneitra","adm1_name1":"القنيطرة","adm1_name2":null,"adm1_name3":null,"adm1_pcode":"SY14","adm0_name":"Syrian Arab Republic","adm0_name1":"الجمهورية العربية السورية","adm0_name2":null,"adm0_name3":null,"adm0_pcode":"SY","valid_on":"2020-12-17","valid_to":null,"area_sqkm":1718.0655,"version":"v02","lang":"en","lang1":"ar","lang2":null,"lang3":null,"adm1_ref_name":"Quneitra","center_lat":33.0171,"center_lon":35.797},"geometry":{"type":"Polygon","coordinates":[[[35.8566,33.3274],[35.8463,33.3366],[35.8155,33.358],[35.8153,33.3577],[35.8118,33.3553],[35.806,33.3531],[35.8031,33.3516],[35.8022,33.3507],[35.7978,33.3467],[35.7951,33.3449],[35.7868,33.3403],[35.7773,33.3361],[35.776,33.3357],[35.7749,33.3351],[35.765,33.3314],[35.7609,33.3303],[35.7555,33.3293],[35.752,33.3282],[35.7495,33.3265],[35.7466,33.3253],[35.7448,33.3248],[35.7422,33.3249],[35.7405,33.3252],[35.7373,33.3264],[35.7355,33.3273],[35.7333,33.328],[35.7301,33.3285],[35.7267,33.3288],[35.7242,33.3288],[35.72,33.3275],[35.7175,33.3264],[35.7158,33.3251],[35.7136,33.3219],[35.7122,33.3166],[35.7105,33.3077],[35.7102,33.3066],[35.7087,33.3041],[35.7074,33.3033],[35.7026,33.3007],[35.6986,33.299],[35.694,33.2972],[35.6913,33.2959],[35.6889,33.2955],[35.6876,33.2952],[35.6857,33.294],[35.6828,33.2919],[35.6758,33.2861],[35.6748,33.2857],[35.6693,33.2827],[35.6683,33.2818],[35.6668,33.2808],[35.6642,33.2787],[35.6626,33.2771],[35.659,33.2743],[35.643,33.2799],[35.641,33.2792],[35.6361,33.2772],[35.6235,33.2728],[35.6214,33.2718],[35.6208,33.2708],[35.6207,33.2693],[35.6228,33.2655],[35.6226,33.2632],[35.622,33.2623],[35.6219,33.2617],[35.6228,33.2611],[35.6233,33.261],[35.6235,33.2606],[35.6233,33.2604],[35.6215,33.2591],[35.6214,33.2586],[35.6222,33.2568],[35.6221,33.2562],[35.6217,33.2559],[35.6207,33.256],[35.6201,33.2559],[35.62,33.2552],[35.6206,33.2538],[35.621,33.2533],[35.6238,33.2533],[35.6241,33.2527],[35.6239,33.2518],[35.6242,33.2509],[35.6239,33.2485],[35.625,33.2464],[35.6251,33.2454],[35.6245,33.245],[35.6237,33.2449],[35.6232,33.2444],[35.623,33.244],[35.6238,33.2426],[35.6244,33.2424],[35.6427,33.2456],[35.6513,33.2499],[35.6702,33.2469],[35.6803,33.2475],[35.6831,33.2459],[35.6846,33.2429],[35.6828,33.2366],[35.6712,33.2307],[35.6671,33.2253],[35.6663,33.2112],[35.663,33.1891],[35.6706,33.1532],[35.6535,33.124],[35.6491,33.0846],[35.6457,33.0779],[35.6468,33.0627],[35.6408,33.0414],[35.632,33.0249],[35.6299,33.0135],[35.633,33.0086],[35.6306,32.9949],[35.6332,32.9902],[35.6312,32.9599],[35.629,32.9559],[35.6283,32.9384],[35.6243,32.9169],[35.627,32.9115],[35.6249,32.9074],[35.6232,32.9056],[35.6168,32.9049],[35.6142,32.9002],[35.6139,32.8952],[35.6231,32.8903],[35.6277,32.8832],[35.6345,32.8778],[35.6429,32.8672],[35.6442,32.8645],[35.6431,32.8618],[35.6496,32.8486],[35.6496,32.8407],[35.6416,32.8343],[35.6457,32.8207],[35.6445,32.8107],[35.6557,32.8085],[35.655,32.7927],[35.6627,32.7771],[35.6556,32.7545],[35.6571,32.7482],[35.6546,32.737],[35.6516,32.7341],[35.6499,32.7217],[35.6492,32.714],[35.6452,32.7084],[35.6377,32.7049],[35.6352,32.6927],[35.6356,32.6879],[35.6358,32.6878],[35.6346,32.6864],[35.6427,32.6814],[35.6447,32.6778],[35.6493,32.6799],[35.6546,32.6848],[35.6576,32.6854],[35.6639,32.6803],[35.6694,32.6844],[35.6743,32.6851],[35.6716,32.6911],[35.6723,32.6914],[35.675,32.6946],[35.6883,32.7076],[35.6987,32.712],[35.7083,32.7222],[35.7396,32.7324],[35.7469,32.7321],[35.747,32.7322],[35.7606,32.7519],[35.7618,32.7532],[35.7642,32.7542],[35.7671,32.7562],[35.7684,32.7594],[35.7691,32.7605],[35.7699,32.7612],[35.7719,32.7614],[35.7729,32.7618],[35.7735,32.7623],[35.773,32.7635],[35.773,32.7649],[35.7732,32.7656],[35.7739,32.7658],[35.775,32.7654],[35.7756,32.7655],[35.776,32.7658],[35.7763,32.7664],[35.7766,32.7679],[35.7769,32.7688],[35.7774,32.7695],[35.7788,32.7707],[35.7802,32.7727],[35.781,32.7734],[35.7846,32.7747],[35.785,32.7761],[35.7858,32.7771],[35.7894,32.778],[35.7913,32.7797],[35.7935,32.7798],[35.7968,32.7796],[35.7988,32.7798],[35.8006,32.7807],[35.8021,32.7827],[35.8032,32.7833],[35.8051,32.7828],[35.8074,32.7838],[35.8078,32.7841],[35.8081,32.7846],[35.8077,32.786],[35.8078,32.7868],[35.8084,32.7879],[35.8088,32.7884],[35.8096,32.7889],[35.8126,32.7895],[35.8129,32.7899],[35.8145,32.7909],[35.8154,32.791],[35.8161,32.7917],[35.8163,32.7925],[35.8172,32.793],[35.8188,32.7929],[35.8207,32.7936],[35.8213,32.7945],[35.8214,32.7952],[35.8217,32.7956],[35.8222,32.7957],[35.8226,32.7955],[35.8233,32.7955],[35.8239,32.796],[35.8238,32.7964],[35.8227,32.7969],[35.8225,32.7975],[35.8245,32.7985],[35.8252,32.799],[35.8254,32.7995],[35.826,32.7998],[35.8262,32.8001],[35.8259,32.802],[35.8263,32.8026],[35.8269,32.8028],[35.8277,32.8027],[35.8291,32.8018],[35.8294,32.8017],[35.8303,32.8021],[35.8311,32.8028],[35.831,32.8035],[35.8301,32.8044],[35.8301,32.805],[35.8306,32.8056],[35.8328,32.8076],[35.833,32.8083],[35.8335,32.809],[35.8346,32.8096],[35.8357,32.8099],[35.8363,32.8103],[35.8374,32.812],[35.8405,32.8131],[35.8407,32.8145],[35.8411,32.8147],[35.8418,32.8145],[35.8422,32.8147],[35.8425,32.8151],[35.8434,32.8152],[35.8445,32.8167],[35.8445,32.8184],[35.8474,32.8211],[35.8483,32.825],[35.8476,32.8262],[35.8473,32.827],[35.8474,32.8274],[35.848,32.8284],[35.8478,32.8315],[35.8471,32.8333],[35.8464,32.8343],[35.8463,32.835],[35.8486,32.8412],[35.8525,32.8449],[35.8584,32.8466],[35.8637,32.8489],[35.8686,32.8518],[35.8728,32.8548],[35.8763,32.8581],[35.8787,32.8609],[35.8816,32.865],[35.8836,32.8684],[35.8885,32.8723],[35.8935,32.8768],[35.8968,32.8821],[35.9078,32.8809],[35.9123,32.8829],[35.9258,32.8961],[35.9269,32.8968],[35.9288,32.8976],[35.9311,32.898],[35.9329,32.8978],[35.9358,32.8971],[35.9379,32.8972],[35.9401,32.898],[35.9411,32.8987],[35.9419,32.8996],[35.9438,32.9027],[35.945,32.9055],[35.9457,32.9085],[35.9459,32.9121],[35.9454,32.915],[35.9448,32.917],[35.9445,32.9175],[35.9419,32.9211],[35.9402,32.9229],[35.938,32.925],[35.9395,32.931],[35.9463,32.9275],[35.9496,32.9292],[35.952,32.9329],[35.9562,32.9388],[35.9597,32.9419],[35.9661,32.9412],[35.9699,32.9389],[35.972,32.936],[35.974,32.9305],[35.9756,32.9283],[35.977,32.9283],[35.9791,32.929],[35.982,32.9292],[35.9842,32.9288],[35.9878,32.9295],[35.9973,32.9376],[35.9935,32.9608],[35.9822,32.9694],[35.9837,32.9746],[35.9835,32.9865],[35.9781,32.9941],[35.9675,33.0034],[35.9635,33.015],[35.9634,33.0192],[35.9463,33.0364],[35.9463,33.0443],[35.955,33.0529],[35.9608,33.0609],[35.9654,33.0662],[35.967,33.0753],[35.9685,33.0919],[35.9723,33.0953],[35.9751,33.0983],[35.9776,33.1012],[35.9803,33.105],[35.9825,33.1084],[35.9844,33.1122],[35.986,33.1157],[35.9875,33.1199],[35.9889,33.1257],[35.9861,33.1353],[35.9848,33.1386],[35.9847,33.149],[35.9895,33.1588],[35.9929,33.1806],[35.99,33.1846],[35.9908,33.189],[35.9945,33.1991],[35.9931,33.2005],[35.9822,33.1999],[35.9736,33.2018],[35.9628,33.2007],[35.9602,33.2034],[35.9593,33.2076],[35.961,33.2188],[35.966,33.2317],[35.9663,33.2494],[35.9658,33.2531],[35.9639,33.2592],[35.961,33.2624],[35.9575,33.2645],[35.9505,33.2657],[35.9409,33.2632],[35.9405,33.2632],[35.9304,33.2639],[35.9201,33.2666],[35.9156,33.2652],[35.9099,33.2606],[35.9031,33.2611],[35.8954,33.2546],[35.8899,33.2533],[35.8855,33.2542],[35.8811,33.2605],[35.8773,33.2666],[35.8746,33.2716],[35.87,33.2764],[35.8652,33.281],[35.8689,33.284],[35.8717,33.2854],[35.8718,33.2882],[35.8702,33.2899],[35.8719,33.2922],[35.883,33.2968],[35.883,33.2993],[35.8761,33.3081],[35.8664,33.3167],[35.8566,33.3274]]]}},{"type":"Feature","properties":{"province_name":"Rif Dimashq","ADM1_AR":"ريف دمشق","ADM1_EN":"Rural Damascus","ADM1_PCODE":"SY03","Name":"Rural Damascus","adm1_name":"Rural Damascus","adm1_name1":"ريف دمشق","adm1_name2":null,"adm1_name3":null,"adm1_pcode":"SY03","adm0_name":"Syrian Arab Republic","adm0_name1":"الجمهورية العربية السورية","adm0_name2":null,"adm0_name3":null,"adm0_pcode":"SY","valid_on":"2020-12-17","valid_to":null,"area_sqkm":26262.1893,"version":"v02","lang":"en","lang1":"ar","lang2":null,"lang3":null,"adm1_ref_name":"Rural Damascus","center_lat":33.4525,"center_lon":37.44},"geometry":{"type":"Polygon","coordinates":[[[36.7961,34.2256],[36.7933,34.2262],[36.7943,34.2415],[36.7833,34.2408],[36.7597,34.2356],[36.7507,34.2301],[36.7264,34.229],[36.6947,34.2245],[36.6629,34.2338],[36.6005,34.2226],[36.6037,34.2212],[36.6058,34.2201],[36.6082,34.2186],[36.6169,34.2108],[36.622,34.2067],[36.6249,34.2035],[36.6254,34.2024],[36.6252,34.2012],[36.6226,34.1995],[36.6171,34.1968],[36.6101,34.1949],[36.6064,34.1935],[36.6048,34.1924],[36.6036,34.1906],[36.602,34.1892],[36.5978,34.1872],[36.5956,34.1857],[36.5946,34.1847],[36.5941,34.1837],[36.5899,34.1749],[36.5897,34.1739],[36.588,34.1701],[36.5858,34.1661],[36.5845,34.1642],[36.5824,34.1619],[36.5801,34.1603],[36.5773,34.1587],[36.5762,34.1583],[36.5718,34.156],[36.5688,34.1541],[36.5677,34.1523],[36.5675,34.1512],[36.568,34.1503],[36.5715,34.1449],[36.5722,34.1433],[36.5718,34.1415],[36.5713,34.1405],[36.5695,34.138],[36.5685,34.137],[36.5658,34.1342],[36.5636,34.1329],[36.5588,34.1317],[36.5558,34.1313],[36.5492,34.1299],[36.5461,34.1287],[36.5444,34.1274],[36.5438,34.1264],[36.5432,34.1259],[36.5416,34.1209],[36.5408,34.1201],[36.5379,34.1186],[36.5359,34.1168],[36.5348,34.1153],[36.5343,34.1141],[36.5335,34.1108],[36.532,34.1084],[36.5286,34.1063],[36.5215,34.1026],[36.5182,34.101],[36.5163,34.0995],[36.5148,34.0978],[36.5129,34.0946],[36.5129,34.0938],[36.5124,34.0911],[36.5124,34.0896],[36.5136,34.0858],[36.5145,34.0836],[36.5159,34.0809],[36.5163,34.0787],[36.516,34.0769],[36.5154,34.0748],[36.5142,34.0724],[36.5128,34.0702],[36.5074,34.0605],[36.505,34.0557],[36.5184,34.0453],[36.5012,34.0489],[36.4999,34.0474],[36.496,34.0269],[36.4889,34.0489],[36.4809,34.0387],[36.4806,34.0389],[36.4626,34.0438],[36.455,34.0435],[36.443,34.0497],[36.4341,34.0514],[36.4258,34.0547],[36.4221,34.0482],[36.4166,34.0414],[36.4106,34.0451],[36.4019,34.041],[36.4062,34.0275],[36.3913,34.0289],[36.3862,34.0193],[36.3848,34.0097],[36.3803,34.0076],[36.3774,34.006],[36.3712,34.0047],[36.3708,34.0044],[36.3695,34.0003],[36.3689,33.9991],[36.3688,33.9983],[36.3674,33.9961],[36.3663,33.9952],[36.3643,33.9944],[36.3628,33.9944],[36.3602,33.9948],[36.3567,33.9951],[36.3548,33.9947],[36.3532,33.994],[36.3526,33.9935],[36.3514,33.9915],[36.351,33.9902],[36.349,33.9869],[36.3475,33.9845],[36.3454,33.9821],[36.3412,33.9789],[36.3313,33.9722],[36.3286,33.9699],[36.3265,33.9673],[36.3246,33.964],[36.3229,33.9607],[36.3208,33.9555],[36.3187,33.9522],[36.3178,33.9516],[36.316,33.951],[36.3122,33.9502],[36.3097,33.9489],[36.3084,33.9478],[36.2991,33.9332],[36.2959,33.9285],[36.2944,33.9256],[36.2921,33.922],[36.288,33.9173],[36.2866,33.9143],[36.2859,33.9102],[36.2855,33.9096],[36.2853,33.9089],[36.2841,33.9072],[36.2835,33.906],[36.2832,33.9037],[36.2833,33.9033],[36.2842,33.9025],[36.2853,33.9021],[36.2888,33.9012],[36.2966,33.9001],[36.3017,33.8974],[36.3055,33.8958],[36.3109,33.8939],[36.3132,33.8925],[36.3154,33.8906],[36.3166,33.8889],[36.3185,33.8817],[36.3197,33.8785],[36.3215,33.8771],[36.3252,33.8756],[36.3278,33.8748],[36.3301,33.8743],[36.3376,33.8735],[36.3562,33.874],[36.3612,33.8739],[36.3627,33.8737],[36.3642,33.8733],[36.3663,33.8721],[36.3677,33.8688],[36.3688,33.8649],[36.3697,33.8626],[36.3709,33.8611],[36.374,33.8592],[36.3782,33.8571],[36.385,33.8546],[36.3869,33.8532],[36.3893,33.8504],[36.3898,33.8495],[36.3904,33.8471],[36.3908,33.8442],[36.3907,33.8409],[36.3906,33.8403],[36.3907,33.8388],[36.3899,33.8337],[36.3899,33.8321],[36.3893,33.8317],[36.3875,33.8309],[36.3839,33.8298],[36.3823,33.8285],[36.3795,33.8244],[36.3783,33.8234],[36.3749,33.8201],[36.3733,33.8193],[36.3713,33.8186],[36.3685,33.8183],[36.3673,33.8184],[36.3549,33.8216],[36.349,33.8227],[36.3393,33.825],[36.337,33.8253],[36.3246,33.8256],[36.323,33.8261],[36.3198,33.828],[36.3171,33.83],[36.3121,33.8333],[36.3104,33.8342],[36.3076,33.8353],[36.3063,33.8355],[36.3012,33.8355],[36.2954,33.8342],[36.2944,33.8342],[36.2918,33.8348],[36.2898,33.8357],[36.2886,33.8366],[36.2843,33.8407],[36.2807,33.8433],[36.2789,33.8453],[36.2772,33.8463],[36.2749,33.8469],[36.2706,33.8469],[36.2623,33.8476],[36.2596,33.8479],[36.2574,33.8486],[36.2504,33.8523],[36.25,33.8535],[36.248,33.8535],[36.2467,33.8537],[36.2453,33.8535],[36.2445,33.853],[36.2399,33.8444],[36.2392,33.843],[36.2382,33.8367],[36.2373,33.8357],[36.2363,33.8354],[36.2323,33.8357],[36.2299,33.8363],[36.2281,33.8362],[36.2261,33.8353],[36.2248,33.8348],[36.2229,33.8348],[36.2203,33.8355],[36.2196,33.8349],[36.2169,33.829],[36.2164,33.8283],[36.2153,33.8274],[36.2148,33.8272],[36.2142,33.8273],[36.2125,33.8287],[36.2092,33.8304],[36.2072,33.8298],[36.205,33.8282],[36.2035,33.828],[36.2024,33.8281],[36.1991,33.829],[36.1902,33.8307],[36.1882,33.831],[36.1773,33.8321],[36.1754,33.8326],[36.1732,33.8337],[36.1707,33.8352],[36.1682,33.8381],[36.1671,33.8397],[36.1666,33.8409],[36.166,33.8432],[36.1655,33.8474],[36.1643,33.8502],[36.1626,33.8523],[36.1611,33.8532],[36.1595,33.8537],[36.1565,33.8537],[36.1541,33.853],[36.1523,33.8519],[36.1504,33.8496],[36.1413,33.8373],[36.1391,33.836],[36.137,33.8354],[36.1353,33.8353],[36.1325,33.8354],[36.1283,33.8361],[36.1276,33.8359],[36.1259,33.8349],[36.1242,33.8345],[36.1225,33.8343],[36.121,33.8343],[36.118,33.8335],[36.1142,33.8332],[36.1129,33.8328],[36.1117,33.8315],[36.1108,33.8298],[36.11,33.8247],[36.1096,33.8236],[36.1088,33.8226],[36.107,33.8215],[36.0956,33.8177],[36.0932,33.8167],[36.0896,33.8157],[36.0876,33.8153],[36.0866,33.8155],[36.0855,33.8163],[36.0838,33.8179],[36.0817,33.8206],[36.0789,33.8225],[36.0771,33.823],[36.0759,33.823],[36.0725,33.8222],[36.0708,33.8216],[36.0692,33.8203],[36.0619,33.8102],[36.0604,33.8085],[36.0591,33.8065],[36.0567,33.8034],[36.0554,33.8001],[36.0547,33.7972],[36.0521,33.7915],[36.0472,33.7828],[36.0454,33.7805],[36.0434,33.7785],[36.0389,33.7749],[36.0362,33.7731],[36.0335,33.7697],[36.0327,33.7679],[36.0308,33.7653],[36.0299,33.7648],[36.0289,33.7649],[36.0223,33.7682],[36.018,33.7697],[36.0161,33.7699],[36.0154,33.7696],[36.0148,33.7687],[36.0133,33.7656],[36.0113,33.762],[36.0095,33.758],[36.0079,33.7561],[36.0061,33.7548],[36.0045,33.7534],[36.0006,33.7494],[35.9998,33.7444],[35.9989,33.7437],[35.9976,33.7404],[35.9971,33.7374],[35.9926,33.723],[35.9916,33.722],[35.9886,33.7204],[35.9874,33.7196],[35.9807,33.7166],[35.9783,33.7153],[35.9765,33.7135],[35.976,33.7127],[35.9714,33.7083],[35.9711,33.7072],[35.9718,33.7054],[35.9764,33.6992],[35.9767,33.6982],[35.9767,33.6969],[35.9763,33.695],[35.9755,33.6931],[35.9723,33.6858],[35.9707,33.6823],[35.9695,33.6801],[35.9684,33.6784],[35.9662,33.6759],[35.964,33.6742],[35.95,33.6687],[35.9473,33.6666],[35.9459,33.6649],[35.9454,33.6637],[35.9453,33.6628],[35.9443,33.6604],[35.9433,33.6586],[35.9415,33.6561],[35.9398,33.6545],[35.939,33.6539],[35.9379,33.6533],[35.9361,33.6519],[35.9344,33.6512],[35.9325,33.6498],[35.9316,33.6488],[35.9313,33.6466],[35.9315,33.6452],[35.9331,33.6428],[35.9349,33.6409],[35.9408,33.6365],[35.944,33.6352],[35.9455,33.6349],[35.9504,33.6345],[35.9573,33.6323],[35.9606,33.6319],[35.962,33.632],[35.9648,33.6325],[35.9681,33.6341],[35.9748,33.6379],[35.9788,33.6368],[35.979,33.6366],[35.9786,33.6355],[35.9787,33.6345],[35.9796,33.6335],[35.9805,33.6331],[35.9825,33.6315],[35.9851,33.6305],[35.9859,33.6297],[35.9879,33.6285],[35.9894,33.6262],[35.9903,33.6252],[35.9912,33.6249],[35.992,33.6242],[35.9925,33.623],[35.9955,33.6191],[36.0037,33.6143],[36.0051,33.6143],[36.0126,33.6154],[36.0167,33.6157],[36.0199,33.6148],[36.0225,33.6136],[36.027,33.61],[36.0288,33.6082],[36.0329,33.6063],[36.0417,33.6006],[36.044,33.5994],[36.0482,33.5961],[36.0493,33.595],[36.0519,33.5934],[36.056,33.5898],[36.0588,33.5866],[36.0596,33.5855],[36.0601,33.5841],[36.0626,33.58],[36.0631,33.5781],[36.0632,33.5769],[36.063,33.5754],[36.0624,33.5738],[36.0602,33.5711],[36.0579,33.5692],[36.057,33.5688],[36.0557,33.5676],[36.0504,33.5633],[36.0447,33.5582],[36.0421,33.5564],[36.0397,33.5544],[36.0376,33.5522],[36.0351,33.5482],[36.0329,33.5456],[36.0316,33.5436],[36.0312,33.5425],[36.03,33.5415],[36.0276,33.54],[36.0266,33.54],[36.0253,33.5403],[36.0217,33.5417],[36.0201,33.5421],[36.0167,33.5421],[36.0138,33.5416],[36.0112,33.5405],[36.0041,33.5367],[36.0001,33.5352],[35.9965,33.5334],[35.9938,33.5331],[35.9914,33.5324],[35.9903,33.5325],[35.9876,33.5337],[35.9798,33.5366],[35.9782,33.5365],[35.9747,33.5358],[35.9718,33.5342],[35.9708,33.5334],[35.9701,33.5325],[35.9692,33.5301],[35.9688,33.5297],[35.9625,33.5288],[35.9515,33.5259],[35.9462,33.523],[35.9441,33.5213],[35.9401,33.5171],[35.9389,33.5161],[35.9382,33.5151],[35.938,33.5132],[35.9384,33.5121],[35.9384,33.5113],[35.9382,33.5108],[35.9385,33.5103],[35.9404,33.5086],[35.9433,33.5065],[35.9448,33.5065],[35.9471,33.5061],[35.9485,33.5055],[35.95,33.504],[35.9502,33.5032],[35.9502,33.499],[35.95,33.4847],[35.9498,33.4792],[35.9499,33.4755],[35.9495,33.4734],[35.9492,33.4727],[35.9474,33.4705],[35.9457,33.4689],[35.9424,33.466],[35.938,33.4625],[35.9366,33.4612],[35.9348,33.4599],[35.9327,33.4586],[35.9251,33.4543],[35.9149,33.4475],[35.9133,33.4463],[35.9059,33.4392],[35.9026,33.4364],[35.897,33.4331],[35.8949,33.4316],[35.8818,33.425],[35.875,33.4218],[35.8714,33.4205],[35.8608,33.416],[35.8566,33.414],[35.8484,33.4103],[35.8471,33.4095],[35.8435,33.4078],[35.8381,33.4048],[35.8309,33.4005],[35.8255,33.3964],[35.8248,33.3953],[35.8224,33.3926],[35.8206,33.3898],[35.8187,33.3843],[35.8185,33.3815],[35.8189,33.3784],[35.8188,33.3769],[35.8176,33.3736],[35.8169,33.371],[35.8168,33.3698],[35.8168,33.3687],[35.8177,33.3628],[35.8174,33.3614],[35.8167,33.3603],[35.8163,33.3591],[35.8155,33.358],[35.8463,33.3366],[35.8566,33.3274],[35.8664,33.3167],[35.8761,33.3081],[35.883,33.2993],[35.883,33.2968],[35.8719,33.2922],[35.8702,33.2899],[35.8718,33.2882],[35.8717,33.2854],[35.8689,33.284],[35.8652,33.281],[35.87,33.2764],[35.8746,33.2716],[35.8773,33.2666],[35.8811,33.2605],[35.8855,33.2542],[35.8899,33.2533],[35.8954,33.2546],[35.9031,33.2611],[35.9099,33.2606],[35.9156,33.2652],[35.9201,33.2666],[35.9304,33.2639],[35.9405,33.2632],[35.9409,33.2632],[35.9505,33.2657],[35.9575,33.2645],[35.961,33.2624],[35.9639,33.2592],[35.9658,33.2531],[35.9663,33.2494],[35.966,33.2317],[35.961,33.2188],[35.9593,33.2076],[35.9602,33.2034],[35.9628,33.2007],[35.9736,33.2018],[35.9822,33.1999],[35.9931,33.2005],[35.9945,33.1991],[35.9908,33.189],[35.99,33.1846],[35.9929,33.1806],[35.9895,33.1588],[35.9988,33.1636],[36.0092,33.1642],[36.0251,33.1537],[36.0356,33.1539],[36.0435,33.1553],[36.0507,33.1573],[36.0541,33.1593],[36.0573,33.1617],[36.0636,33.1609],[36.0701,33.1613],[36.0759,33.1633],[36.0795,33.1675],[36.0761,33.1766],[36.0802,33.1929],[36.0849,33.1962],[36.0911,33.1969],[36.0994,33.1955],[36.1095,33.195],[36.112,33.1966],[36.115,33.1977],[36.1176,33.1983],[36.121,33.1984],[36.1237,33.198],[36.1254,33.1975],[36.1283,33.1962],[36.1362,33.1935],[36.1447,33.1917],[36.157,33.1973],[36.1637,33.2125],[36.1679,33.2152],[36.1829,33.2182],[36.1902,33.2154],[36.1937,33.2114],[36.2033,33.2086],[36.2087,33.2099],[36.2165,33.2173],[36.2215,33.2457],[36.2265,33.2695],[36.2298,33.273],[36.236,33.2735],[36.2445,33.2669],[36.2614,33.2602],[36.2669,33.2561],[36.2717,33.2516],[36.274,33.249],[36.2763,33.2461],[36.2782,33.2433],[36.2798,33.2404],[36.2813,33.2374],[36.2825,33.2344],[36.2865,33.2332],[36.2902,33.2317],[36.2943,33.2295],[36.2978,33.2272],[36.3025,33.2276],[36.3074,33.2273],[36.3119,33.2265],[36.316,33.2252],[36.3178,33.2232],[36.3203,33.218],[36.3224,33.2097],[36.3318,33.2048],[36.3386,33.1984],[36.3464,33.1989],[36.3555,33.1937],[36.363,33.1864],[36.3683,33.1839],[36.3958,33.1916],[36.3977,33.1936],[36.3981,33.1949],[36.3933,33.2173],[36.4129,33.2358],[36.4259,33.2487],[36.4325,33.2531],[36.4396,33.2554],[36.4452,33.2618],[36.4496,33.2679],[36.4661,33.2696],[36.4713,33.2732],[36.4841,33.2768],[36.4909,33.2795],[36.4965,33.2872],[36.5056,33.2962],[36.5147,33.2967],[36.5227,33.2899],[36.5281,33.2836],[36.5358,33.2805],[36.542,33.2702],[36.5505,33.26],[36.5486,33.2522],[36.5561,33.2463],[36.5647,33.2174],[36.5699,33.191],[36.5723,33.1827],[36.5915,33.1844],[36.6661,33.1902],[36.6781,33.1917],[36.6983,33.193],[36.7079,33.1941],[36.7123,33.1929],[36.7205,33.186],[36.7261,33.1815],[36.7392,33.1704],[36.7501,33.1619],[36.7597,33.1531],[36.7725,33.1432],[36.7859,33.132],[36.7915,33.1268],[36.8402,33.0869],[36.8462,33.0823],[36.8571,33.0724],[36.8651,33.066],[36.8709,33.0622],[36.8849,33.0564],[36.8982,33.0539],[36.9057,33.0527],[36.9135,33.0518],[36.9298,33.0513],[36.9781,33.0501],[37.0117,33.0497],[37.0207,33.0492],[37.0368,33.0489],[37.0495,33.0467],[37.0577,33.0441],[37.0949,33.033],[37.1033,33.0283],[37.1164,33.0226],[37.1284,33.0185],[37.1476,33.0147],[37.1817,33.0101],[37.1942,33.0082],[37.2016,33.006],[37.209,33.0061],[37.2234,33.005],[37.2433,33.0043],[37.2568,33.003],[37.2687,32.9995],[37.2767,32.9953],[37.2753,32.9646],[37.2769,32.9477],[37.2769,32.9433],[37.2783,32.9339],[37.279,32.9268],[37.2816,32.9188],[37.2872,32.9066],[37.2981,32.8919],[37.3187,32.863],[37.3357,32.8404],[37.3511,32.8184],[37.3595,32.8079],[37.3732,32.7894],[37.3905,32.7657],[37.4204,32.726],[37.437,32.7033],[37.4462,32.6903],[37.4565,32.6761],[37.4643,32.664],[37.8059,32.8459],[38.7925,33.3747],[39.1253,33.5315],[39.1139,33.5455],[38.9334,33.7597],[38.2694,33.8361],[38.0645,33.8608],[37.8031,33.891],[37.7693,33.895],[37.7042,33.9019],[37.6557,33.9095],[37.6207,33.9179],[37.611,33.9235],[37.6057,33.9318],[37.6039,33.9373],[37.6041,33.9418],[37.6094,33.9465],[37.6137,33.9585],[37.6097,33.9731],[37.6017,33.9808],[37.5921,33.9845],[37.5797,33.9861],[37.5737,33.9863],[37.5518,33.9875],[37.5294,33.9846],[37.5083,33.9828],[37.4838,33.9811],[37.4528,33.9692],[37.4227,33.9522],[37.3962,33.9568],[37.3364,33.9426],[37.2957,33.9316],[37.191,33.9387],[37.1386,33.9382],[37.0092,33.94],[37.0085,33.9596],[37.0187,34.0209],[36.9968,34.0209],[36.9838,34.0333],[36.9708,34.0381],[36.9513,34.0497],[36.9848,34.0705],[37.005,34.089],[37.0058,34.0896],[36.9832,34.1022],[36.9659,34.1135],[36.9517,34.1248],[36.9433,34.1323],[36.9231,34.1649],[36.9007,34.1857],[36.8838,34.1849],[36.8806,34.185],[36.872,34.1877],[36.8633,34.1854],[36.8562,34.1879],[36.8481,34.1945],[36.8363,34.1994],[36.8297,34.2038],[36.8254,34.2058],[36.8238,34.2103],[36.8235,34.219],[36.8198,34.2218],[36.8083,34.2231],[36.7961,34.2256]],[[36.3208,33.5716],[36.3214,33.5718],[36.3219,33.5717],[36.3226,33.5713],[36.3227,33.571],[36.3214,33.5692],[36.321,33.5689],[36.3203,33.5692],[36.3203,33.569],[36.3206,33.5685],[36.3207,33.568],[36.3224,33.5686],[36.3236,33.5693],[36.324,33.5691],[36.3255,33.5678],[36.327,33.5671],[36.3268,33.5663],[36.3261,33.5659],[36.3257,33.5654],[36.3259,33.5646],[36.3252,33.5641],[36.326,33.5643],[36.3272,33.5642],[36.3282,33.5637],[36.3289,33.5639],[36.3294,33.5645],[36.3307,33.5652],[36.3304,33.5642],[36.331,33.564],[36.3343,33.565],[36.3362,33.5589],[36.3378,33.5589],[36.3397,33.5591],[36.3434,33.5586],[36.3451,33.5581],[36.3479,33.558],[36.3508,33.5581],[36.354,33.5566],[36.3551,33.5565],[36.3559,33.5567],[36.3547,33.5524],[36.354,33.549],[36.3531,33.5456],[36.344,33.5266],[36.3437,33.5257],[36.3482,33.5268],[36.3491,33.525],[36.3498,33.5249],[36.3502,33.5238],[36.3496,33.5235],[36.3498,33.5224],[36.3505,33.5209],[36.35,33.5206],[36.3486,33.5206],[36.3487,33.5195],[36.343,33.5186],[36.3402,33.5185],[36.3349,33.5072],[36.3339,33.5054],[36.3334,33.5042],[36.3332,33.5028],[36.3309,33.498],[36.3305,33.4964],[36.3299,33.4952],[36.3296,33.4948],[36.3285,33.4941],[36.328,33.4933],[36.327,33.4899],[36.327,33.4895],[36.3274,33.4887],[36.3258,33.4897],[36.3239,33.49],[36.3237,33.4896],[36.3239,33.4888],[36.3251,33.4858],[36.3234,33.4856],[36.3214,33.4855],[36.3207,33.4853],[36.3198,33.4846],[36.3175,33.4845],[36.3173,33.4808],[36.3145,33.4806],[36.3157,33.4783],[36.3196,33.4784],[36.3197,33.4786],[36.3197,33.4784],[36.32,33.4784],[36.32,33.4783],[36.3218,33.4779],[36.3216,33.4776],[36.3214,33.474],[36.32,33.474],[36.3173,33.4737],[36.3179,33.4722],[36.3187,33.4693],[36.3181,33.4693],[36.3173,33.4695],[36.3137,33.4716],[36.3138,33.4713],[36.3154,33.4704],[36.315,33.4682],[36.315,33.4663],[36.3143,33.4639],[36.3144,33.4629],[36.3137,33.4619],[36.3107,33.4614],[36.3088,33.463],[36.3071,33.4652],[36.3066,33.4653],[36.3038,33.4647],[36.3032,33.4674],[36.3002,33.4674],[36.2993,33.4676],[36.2985,33.4681],[36.2979,33.4673],[36.2971,33.4671],[36.296,33.4651],[36.2974,33.4643],[36.2985,33.463],[36.2989,33.462],[36.2991,33.4613],[36.2978,33.4624],[36.2974,33.4624],[36.2964,33.462],[36.2955,33.462],[36.2948,33.4616],[36.2933,33.4613],[36.2911,33.4605],[36.2902,33.46],[36.289,33.4601],[36.2881,33.46],[36.287,33.4593],[36.2854,33.459],[36.2845,33.4587],[36.284,33.4588],[36.2828,33.4586],[36.2825,33.4594],[36.2832,33.4612],[36.2812,33.4619],[36.281,33.4614],[36.2802,33.462],[36.2793,33.463],[36.2782,33.4648],[36.2779,33.4651],[36.2775,33.4652],[36.2801,33.474],[36.2791,33.4753],[36.2789,33.4758],[36.276,33.4741],[36.2726,33.4705],[36.2719,33.4699],[36.2663,33.4685],[36.2653,33.4698],[36.2473,33.4762],[36.2471,33.4761],[36.247,33.4762],[36.2471,33.4764],[36.2433,33.48],[36.2415,33.4793],[36.24,33.4792],[36.238,33.4783],[36.2385,33.4762],[36.238,33.4757],[36.237,33.4757],[36.2362,33.476],[36.2357,33.4757],[36.2353,33.4757],[36.2318,33.4744],[36.2317,33.4741],[36.2323,33.4733],[36.2299,33.4716],[36.2275,33.4727],[36.2251,33.4719],[36.2251,33.4717],[36.2263,33.47],[36.2223,33.4683],[36.2188,33.4724],[36.2144,33.4702],[36.209,33.4697],[36.207,33.4693],[36.2063,33.4702],[36.2072,33.4716],[36.2059,33.4731],[36.2069,33.4741],[36.2088,33.4781],[36.2097,33.479],[36.208,33.4817],[36.2051,33.4856],[36.2103,33.486],[36.2093,33.5118],[36.2086,33.516],[36.1992,33.5146],[36.1972,33.5251],[36.2024,33.5288],[36.2049,33.5296],[36.2028,33.5306],[36.2036,33.5315],[36.2032,33.5319],[36.2038,33.5326],[36.204,33.5339],[36.2045,33.5342],[36.2064,33.5347],[36.209,33.535],[36.2112,33.5373],[36.2124,33.5393],[36.2139,33.5384],[36.2145,33.537],[36.2149,33.5369],[36.2165,33.5375],[36.2171,33.5375],[36.2174,33.5373],[36.218,33.5378],[36.2188,33.5382],[36.2206,33.5385],[36.2217,33.5394],[36.2226,33.5396],[36.2231,33.54],[36.2231,33.5404],[36.2222,33.541],[36.2223,33.5415],[36.223,33.5421],[36.2228,33.543],[36.2231,33.545],[36.2234,33.545],[36.2245,33.5446],[36.2253,33.5446],[36.2262,33.5459],[36.227,33.5464],[36.2277,33.5464],[36.2283,33.5462],[36.2308,33.5445],[36.2312,33.5436],[36.2313,33.5424],[36.2315,33.5419],[36.239,33.5461],[36.2409,33.5459],[36.2418,33.547],[36.2421,33.5471],[36.2433,33.5474],[36.2448,33.5474],[36.2471,33.5479],[36.2474,33.548],[36.2479,33.5486],[36.2502,33.5501],[36.2627,33.5547],[36.2699,33.5579],[36.2721,33.5559],[36.2726,33.5557],[36.2737,33.5558],[36.2748,33.5565],[36.2754,33.5573],[36.2764,33.5581],[36.2775,33.5599],[36.2796,33.5624],[36.2804,33.5636],[36.2837,33.5624],[36.2848,33.5627],[36.2873,33.564],[36.2884,33.5639],[36.3153,33.5651],[36.3138,33.5661],[36.3136,33.5669],[36.3137,33.5674],[36.314,33.5678],[36.3158,33.5688],[36.3158,33.569],[36.3144,33.5695],[36.3141,33.5698],[36.3141,33.5702],[36.3153,33.5704],[36.3157,33.5706],[36.316,33.571],[36.3173,33.5714],[36.318,33.5708],[36.3186,33.5706],[36.3198,33.571],[36.3208,33.5716]]]}},{"type":"Feature","properties":{"province_name":"Tartus","ADM1_AR":"طرطوس","ADM1_EN":"Tartous","ADM1_PCODE":"SY10","Name":"Tartous","adm1_name":"Tartous","adm1_name1":"طرطوس","adm1_name2":null,"adm1_name3":null,"adm1_pcode":"SY10","adm0_name":"Syrian Arab Republic","adm0_name1":"الجمهورية العربية السورية","adm0_name2":null,"adm0_name3":null,"adm0_pcode":"SY","valid_on":"2020-12-17","valid_to":null,"area_sqkm":1873.9778,"version":"v02","lang":"en","lang1":"ar","lang2":null,"lang3":null,"adm1_ref_name":"Tartous","center_lat":34.9512,"center_lon":36.0764},"geometry":{"type":"MultiPolygon","coordinates":[[[[35.9568,35.259],[35.954,35.261],[35.9528,35.2635],[35.9527,35.2676],[35.9514,35.269],[35.9491,35.2691],[35.9477,35.2705],[35.9466,35.2711],[35.9376,35.2676],[35.9357,35.2653],[35.9358,35.2627],[35.9491,35.2452],[35.9549,35.2327],[35.9602,35.2163],[35.963,35.2007],[35.9616,35.1943],[35.9571,35.188],[35.9327,35.1747],[35.9307,35.169],[35.933,35.16],[35.9307,35.154],[35.9197,35.1432],[35.9173,35.1312],[35.9102,35.1202],[35.9053,35.1192],[35.9025,35.1122],[35.8973,35.1077],[35.8963,35.0985],[35.9004,35.086],[35.8983,35.0738],[35.892,35.0635],[35.8917,35.0589],[35.8981,35.0499],[35.9043,35.0113],[35.9029,35.0043],[35.8982,35.0],[35.8918,34.9967],[35.8878,34.992],[35.8829,34.9678],[35.8862,34.9458],[35.8846,34.9378],[35.8881,34.9264],[35.8864,34.9199],[35.8804,34.9096],[35.9046,34.8416],[35.9345,34.7871],[35.9391,34.7752],[35.9389,34.7576],[35.941,34.7409],[35.9472,34.7226],[35.9606,34.6966],[35.9808,34.6436],[35.9817,34.6439],[35.9822,34.6445],[35.9824,34.6454],[35.9817,34.6477],[35.9809,34.6486],[35.9811,34.65],[35.9817,34.6511],[35.9838,34.6522],[35.9848,34.6522],[35.9855,34.652],[35.9868,34.6511],[35.9877,34.6506],[35.9899,34.6505],[35.9922,34.6499],[35.9925,34.6494],[35.9925,34.6485],[35.9915,34.6462],[35.9913,34.6455],[35.9914,34.644],[35.9916,34.6436],[35.9921,34.6433],[35.9941,34.6432],[35.997,34.6434],[35.9978,34.6433],[35.9997,34.6436],[36.0029,34.6451],[36.0057,34.6452],[36.0063,34.6454],[36.0065,34.6458],[36.0073,34.6459],[36.0078,34.6454],[36.0078,34.645],[36.0072,34.6445],[36.007,34.644],[36.0057,34.6436],[36.0056,34.643],[36.0059,34.6423],[36.0069,34.642],[36.008,34.642],[36.0087,34.6418],[36.0101,34.641],[36.0111,34.6399],[36.0136,34.6385],[36.0156,34.6376],[36.0168,34.6374],[36.0188,34.6363],[36.0207,34.6356],[36.0213,34.6365],[36.0223,34.6359],[36.0235,34.6354],[36.0238,34.635],[36.0239,34.6339],[36.0249,34.6325],[36.0246,34.632],[36.0248,34.6319],[36.0262,34.6317],[36.0271,34.6309],[36.0275,34.6299],[36.0282,34.6297],[36.0305,34.63],[36.0316,34.6308],[36.034,34.6313],[36.0345,34.631],[36.0345,34.6305],[36.033,34.6291],[36.0329,34.6281],[36.0334,34.6278],[36.0342,34.6276],[36.0348,34.6277],[36.0358,34.6289],[36.0366,34.6291],[36.0371,34.6287],[36.0373,34.6283],[36.0381,34.6285],[36.0384,34.6289],[36.0392,34.6292],[36.0427,34.63],[36.0432,34.6298],[36.0436,34.6292],[36.0448,34.6295],[36.0456,34.6299],[36.0461,34.6299],[36.0475,34.6296],[36.0513,34.6282],[36.0519,34.6281],[36.0526,34.6283],[36.0528,34.6288],[36.0533,34.6292],[36.0528,34.6305],[36.0542,34.6323],[36.0545,34.6324],[36.0555,34.6325],[36.0568,34.6333],[36.0579,34.6332],[36.0585,34.633],[36.0595,34.6331],[36.0607,34.6346],[36.0608,34.6351],[36.0611,34.6355],[36.0627,34.636],[36.0641,34.6358],[36.0647,34.6355],[36.0649,34.6349],[36.0645,34.6347],[36.0648,34.6333],[36.0648,34.6318],[36.0653,34.6317],[36.0657,34.6317],[36.0658,34.6329],[36.0664,34.6337],[36.0679,34.6338],[36.0693,34.6332],[36.0712,34.6333],[36.072,34.6329],[36.0734,34.6313],[36.0735,34.6309],[36.0731,34.6297],[36.0731,34.6287],[36.0737,34.6282],[36.0759,34.6287],[36.0759,34.6294],[36.0784,34.6341],[36.0791,34.6343],[36.0801,34.6341],[36.0801,34.6335],[36.0806,34.6321],[36.0804,34.6307],[36.0827,34.6309],[36.0836,34.6318],[36.0852,34.6322],[36.0872,34.6309],[36.0881,34.6297],[36.0885,34.6294],[36.0892,34.6291],[36.0898,34.6292],[36.0899,34.6299],[36.0902,34.6302],[36.0908,34.6303],[36.0915,34.6303],[36.0921,34.6292],[36.0929,34.6293],[36.0944,34.6306],[36.0946,34.631],[36.0942,34.6317],[36.0945,34.6322],[36.096,34.6326],[36.0973,34.6334],[36.0972,34.634],[36.0967,34.635],[36.0971,34.6359],[36.0975,34.6363],[36.0989,34.6365],[36.0994,34.6362],[36.1008,34.6347],[36.1026,34.6354],[36.1075,34.6344],[36.1088,34.6338],[36.1098,34.6335],[36.1135,34.6338],[36.1146,34.6349],[36.1157,34.6365],[36.1166,34.6375],[36.1173,34.638],[36.117,34.6386],[36.116,34.643],[36.1158,34.645],[36.1159,34.6469],[36.1168,34.6491],[36.1208,34.6531],[36.1218,34.6551],[36.124,34.6588],[36.1249,34.6615],[36.1266,34.663],[36.129,34.6646],[36.129,34.6668],[36.1272,34.6701],[36.1256,34.6749],[36.1251,34.6797],[36.1256,34.6856],[36.1272,34.6899],[36.1284,34.6916],[36.1312,34.6923],[36.1355,34.6938],[36.1463,34.6982],[36.1476,34.7],[36.1513,34.7239],[36.1506,34.7256],[36.1463,34.7299],[36.1453,34.7326],[36.145,34.7346],[36.1479,34.7358],[36.1502,34.7361],[36.153,34.7398],[36.1545,34.7425],[36.1604,34.7444],[36.1626,34.7484],[36.1641,34.752],[36.1674,34.7564],[36.1702,34.7591],[36.1748,34.7615],[36.1803,34.7632],[36.1885,34.7669],[36.1943,34.7704],[36.1994,34.7739],[36.2039,34.7798],[36.2081,34.7829],[36.2143,34.7863],[36.22,34.7891],[36.2442,34.7943],[36.2567,34.8015],[36.2592,34.8015],[36.2595,34.8039],[36.2693,34.8073],[36.2771,34.8241],[36.2803,34.8305],[36.2848,34.8376],[36.3095,34.8565],[36.3151,34.8642],[36.3172,34.866],[36.3218,34.8685],[36.3235,34.871],[36.3261,34.8722],[36.3281,34.874],[36.3297,34.8775],[36.3288,34.8788],[36.3275,34.88],[36.3259,34.8808],[36.321,34.8804],[36.3108,34.8782],[36.3046,34.8722],[36.3035,34.8683],[36.2962,34.8646],[36.2888,34.8635],[36.2805,34.8652],[36.2715,34.8689],[36.2671,34.8735],[36.2665,34.8858],[36.2742,34.8926],[36.2827,34.8976],[36.2844,34.9027],[36.285,34.9066],[36.2853,34.9102],[36.2837,34.9145],[36.2814,34.9171],[36.2777,34.9185],[36.2748,34.919],[36.27,34.9192],[36.266,34.9192],[36.2648,34.921],[36.2652,34.9228],[36.2676,34.9255],[36.2691,34.9277],[36.2689,34.9308],[36.27,34.9336],[36.2702,34.9386],[36.269,34.9485],[36.2657,34.9538],[36.2614,34.9587],[36.2555,34.9626],[36.2516,34.9655],[36.2459,34.9721],[36.2381,34.9775],[36.2239,34.9783],[36.2206,34.9788],[36.2164,34.979],[36.2109,34.9797],[36.2046,34.9816],[36.199,34.9842],[36.1921,34.9858],[36.1873,34.9866],[36.1823,34.986],[36.1787,34.9849],[36.175,34.9848],[36.1731,34.9845],[36.1705,34.983],[36.1625,34.9792],[36.154,34.9754],[36.1456,34.9728],[36.1377,34.9722],[36.137,34.9787],[36.1405,34.9795],[36.1477,34.9807],[36.15,34.9828],[36.1519,34.9881],[36.1544,34.9974],[36.157,35.0036],[36.1593,35.0052],[36.1662,35.0069],[36.183,35.012],[36.1927,35.0182],[36.1938,35.0187],[36.2,35.0239],[36.2248,35.0253],[36.2376,35.0265],[36.2416,35.0286],[36.2428,35.0353],[36.2442,35.0384],[36.2481,35.0506],[36.2541,35.0666],[36.2531,35.0683],[36.2516,35.0683],[36.2486,35.07],[36.2476,35.0721],[36.2475,35.0755],[36.249,35.0785],[36.2564,35.0813],[36.2602,35.0821],[36.2623,35.0823],[36.2644,35.0834],[36.2653,35.0853],[36.2644,35.1008],[36.2668,35.1042],[36.2704,35.1069],[36.2723,35.1096],[36.2723,35.1107],[36.27,35.1133],[36.2689,35.1163],[36.2701,35.1208],[36.2714,35.1235],[36.2729,35.1273],[36.2717,35.1304],[36.2701,35.132],[36.2663,35.1395],[36.2663,35.1414],[36.2672,35.1447],[36.2666,35.1486],[36.2662,35.1525],[36.2633,35.1567],[36.2627,35.1584],[36.2608,35.1639],[36.2606,35.1678],[36.2578,35.1756],[36.2569,35.1806],[36.2555,35.1827],[36.2559,35.1872],[36.2553,35.1923],[36.2537,35.1967],[36.2546,35.199],[36.2549,35.2059],[36.2548,35.2097],[36.255,35.2119],[36.2538,35.2143],[36.2503,35.2185],[36.2482,35.2202],[36.2455,35.2256],[36.244,35.2305],[36.2447,35.2391],[36.2441,35.2438],[36.2413,35.2475],[36.2365,35.2509],[36.2297,35.2537],[36.2264,35.254],[36.2199,35.2542],[36.2081,35.2512],[36.203,35.2488],[36.2003,35.2472],[36.1971,35.244],[36.1938,35.2394],[36.1908,35.2363],[36.1867,35.235],[36.1829,35.2335],[36.1812,35.2314],[36.1803,35.2292],[36.1799,35.2262],[36.1759,35.2257],[36.1715,35.2245],[36.1689,35.2226],[36.167,35.222],[36.1651,35.221],[36.1612,35.2214],[36.157,35.2221],[36.1524,35.2251],[36.145,35.2263],[36.1421,35.2263],[36.1381,35.2259],[36.1331,35.2248],[36.1274,35.2247],[36.1239,35.224],[36.1216,35.2241],[36.1205,35.2225],[36.1184,35.2217],[36.1148,35.2225],[36.11,35.2229],[36.1061,35.2231],[36.1004,35.2232],[36.0964,35.2244],[36.0933,35.2247],[36.0903,35.2244],[36.0878,35.2247],[36.0853,35.2247],[36.0827,35.2245],[36.0806,35.2242],[36.0777,35.2241],[36.076,35.2242],[36.0731,35.2253],[36.0717,35.2253],[36.0632,35.2262],[36.0618,35.2259],[36.0583,35.2264],[36.0552,35.2262],[36.0535,35.2258],[36.0506,35.2249],[36.0458,35.2255],[36.0438,35.2281],[36.0415,35.2298],[36.0386,35.2312],[36.0286,35.2314],[36.0223,35.2313],[36.0191,35.2305],[36.015,35.2311],[36.0123,35.2325],[36.0078,35.2369],[36.0017,35.2423],[35.9965,35.2478],[35.9933,35.2504],[35.991,35.2521],[35.9868,35.252],[35.9855,35.2517],[35.984,35.2504],[35.9829,35.248],[35.9814,35.246],[35.9791,35.245],[35.9768,35.2444],[35.9753,35.2442],[35.9739,35.2451],[35.9725,35.25],[35.9722,35.255],[35.9706,35.2572],[35.967,35.2585],[35.9631,35.259],[35.9591,35.2588],[35.9568,35.259]]],[[[35.8578,34.8591],[35.856,34.8587],[35.8558,34.858],[35.8553,34.8573],[35.8552,34.8565],[35.8557,34.8558],[35.8559,34.8547],[35.8563,34.8542],[35.8573,34.8539],[35.8576,34.8535],[35.8616,34.8542],[35.8616,34.855],[35.8621,34.8561],[35.8621,34.8563],[35.8614,34.8558],[35.8605,34.8557],[35.86,34.8557],[35.8596,34.8561],[35.8594,34.8566],[35.8599,34.8572],[35.8589,34.8573],[35.8584,34.8575],[35.858,34.8578],[35.8575,34.8585],[35.8578,34.8588],[35.8603,34.858],[35.8608,34.8577],[35.8613,34.8569],[35.8615,34.8569],[35.8615,34.8573],[35.8613,34.8577],[35.861,34.858],[35.8597,34.8586],[35.8578,34.8591]]]]}}]}